ticker,tier,year,days,beta,comovement_r2,own_volatility,reaction_delay,trading_range_pct,dollar_volume
MMM,sp500,2012,246,0.9094,0.658,0.0835,0.0127,1.2421,168745276.0
MMM,sp500,2013,249,0.9065,0.5234,0.094,0.0174,1.1115,201089163.0
MMM,sp500,2014,249,1.0474,0.6115,0.0941,0.0176,1.1949,243802429.0
MMM,sp500,2015,249,0.8798,0.5385,0.1255,0.0627,1.3444,267222636.0
MMM,sp500,2016,249,0.7776,0.491,0.103,0.0553,1.1341,245539808.0
MMM,sp500,2017,248,0.6896,0.1337,0.1181,0.0312,0.9979,279845165.0
MMM,sp500,2018,248,1.1205,0.6315,0.1468,0.0191,1.9008,413117740.0
MMM,sp500,2019,249,1.1602,0.3056,0.2085,0.0212,1.6479,378851618.0
MMM,sp500,2020,250,0.8378,0.5682,0.2471,0.0079,2.4837,419302264.0
MMM,sp500,2021,249,0.4789,0.112,0.1749,0.0332,1.5606,375204233.0
MMM,sp500,2022,248,0.691,0.3725,0.2182,0.0439,2.2593,561120084.0
MMM,sp500,2023,247,1.1768,0.3211,0.2234,0.0322,2.0323,337709626.0
MMM,sp500,2024,249,0.6952,0.0738,0.3104,0.1607,1.9852,463870532.0
AOS,sp500,2012,246,1.2808,0.4343,0.1861,0.0038,2.3047,17570836.0
AOS,sp500,2013,249,1.2934,0.3952,0.1738,0.0135,1.9028,25021810.0
AOS,sp500,2014,249,1.1022,0.3577,0.1665,0.0146,1.7383,24112932.0
AOS,sp500,2015,249,1.1056,0.4314,0.1955,0.0116,2.0839,37271640.0
AOS,sp500,2016,249,1.3858,0.5354,0.1679,0.0065,2.0463,48336709.0
AOS,sp500,2017,248,1.3881,0.3542,0.1261,0.003,1.416,45579160.0
AOS,sp500,2018,248,1.0199,0.4489,0.1938,0.0096,2.2663,69982072.0
AOS,sp500,2019,249,1.0579,0.2514,0.2176,0.011,2.0758,68688765.0
AOS,sp500,2020,250,0.7123,0.3961,0.2975,0.0021,2.9334,62247432.0
AOS,sp500,2021,249,1.099,0.2678,0.2356,0.012,2.1592,64902385.0
AOS,sp500,2022,248,0.9221,0.514,0.2181,0.0126,2.5999,61701791.0
AOS,sp500,2023,247,1.0396,0.2472,0.2369,0.0207,2.0476,67695847.0
AOS,sp500,2024,249,0.7617,0.1617,0.2186,0.094,1.8717,75447261.0
ABT,sp500,2012,246,0.5867,0.2775,0.1205,0.0014,1.2159,330912850.0
ABT,sp500,2013,249,1.0259,0.3409,0.1549,0.0793,1.495,216816051.0
ABT,sp500,2014,249,0.9089,0.4427,0.115,0.0035,1.4703,191655879.0
ABT,sp500,2015,249,1.171,0.6736,0.1256,0.0004,1.6576,215805727.0
ABT,sp500,2016,249,1.0985,0.3517,0.194,0.0338,1.784,301992671.0
ABT,sp500,2017,248,0.899,0.1888,0.1254,0.0082,1.2656,264839835.0
ABT,sp500,2018,248,1.0646,0.6621,0.1304,0.0046,1.7938,348343154.0
ABT,sp500,2019,249,1.0309,0.4276,0.1422,0.0411,1.6134,360413005.0
ABT,sp500,2020,250,0.8612,0.5488,0.2641,0.015,2.7345,558918044.0
ABT,sp500,2021,249,0.5285,0.102,0.2034,0.0518,1.7126,585774977.0
ABT,sp500,2022,248,0.8359,0.5774,0.1739,0.0181,2.1395,564199671.0
ABT,sp500,2023,247,0.5872,0.1501,0.1824,0.0143,1.649,503213397.0
ABT,sp500,2024,249,0.1921,0.0182,0.178,0.3957,1.623,594189196.0
ABBV,sp500,2013,248,1.1355,0.2449,0.2169,0.0189,2.2269,155185748.0
ABBV,sp500,2014,249,1.368,0.396,0.1904,0.0042,2.0781,313875157.0
ABBV,sp500,2015,249,1.0637,0.261,0.2757,0.0067,2.469,411865415.0
ABBV,sp500,2016,249,0.9284,0.196,0.2445,0.0941,2.2318,318911421.0
ABBV,sp500,2017,248,0.8457,0.1062,0.165,0.109,1.6158,306746751.0
ABBV,sp500,2018,248,1.1425,0.3072,0.2942,0.0098,2.7179,492181598.0
ABBV,sp500,2019,249,0.9616,0.1705,0.2528,0.0502,2.0198,444763915.0
ABBV,sp500,2020,250,0.7339,0.4971,0.2497,0.0543,2.6899,664414268.0
ABBV,sp500,2021,249,0.5922,0.1436,0.1875,0.0011,1.716,632896213.0
ABBV,sp500,2022,248,0.3578,0.1481,0.2087,0.0629,2.1607,825854969.0
ABBV,sp500,2023,247,0.2117,0.0195,0.1962,0.3745,1.6729,728699261.0
ABBV,sp500,2024,249,0.242,0.0159,0.2401,0.7063,1.828,912576121.0
ACN,sp500,2012,246,1.2231,0.5012,0.1553,0.0078,1.6955,160890675.0
ACN,sp500,2013,249,1.0046,0.285,0.1728,0.0312,1.5125,184485344.0
ACN,sp500,2014,249,1.0166,0.487,0.1176,0.0248,1.3847,184072497.0
ACN,sp500,2015,249,1.0455,0.6214,0.1257,0.0214,1.5101,199824236.0
ACN,sp500,2016,249,1.0955,0.4493,0.1577,0.0069,1.5145,241272533.0
ACN,sp500,2017,248,0.9375,0.2321,0.1147,0.0635,1.1555,233402550.0
ACN,sp500,2018,248,1.115,0.6647,0.1358,0.0052,1.6731,317410521.0
ACN,sp500,2019,249,0.9534,0.4963,0.1145,0.003,1.3697,300801003.0
ACN,sp500,2020,250,1.0678,0.7497,0.2087,0.0029,2.5075,430530485.0
ACN,sp500,2021,249,1.0541,0.4854,0.1407,0.0162,1.5097,567224018.0
ACN,sp500,2022,248,1.2069,0.7773,0.1571,0.0023,2.6025,653248737.0
ACN,sp500,2023,247,1.0782,0.4207,0.1652,0.0341,1.7681,626211569.0
ACN,sp500,2024,249,0.6718,0.1163,0.2334,0.069,1.7744,862475805.0
ADBE,sp500,2012,246,1.2101,0.4291,0.1777,0.0091,1.9514,135132937.0
ADBE,sp500,2013,249,1.1444,0.2542,0.2129,0.0098,1.6856,169703941.0
ADBE,sp500,2014,249,1.3139,0.3338,0.2092,0.0816,1.9965,225857803.0
ADBE,sp500,2015,249,1.0261,0.4503,0.1746,0.0133,1.9686,227518482.0
ADBE,sp500,2016,249,1.3436,0.4978,0.1755,0.0132,1.8803,270612445.0
ADBE,sp500,2017,248,1.3134,0.1684,0.1964,0.0511,1.5009,359986398.0
ADBE,sp500,2018,248,1.5786,0.5788,0.231,0.0384,2.7174,778888269.0
ADBE,sp500,2019,249,1.3133,0.4592,0.1699,0.0075,1.9462,736724439.0
ADBE,sp500,2020,250,1.1154,0.616,0.2979,0.0458,3.1238,1257277737.0
ADBE,sp500,2021,249,1.4319,0.3986,0.228,0.0228,2.1518,1305769978.0
ADBE,sp500,2022,248,1.4256,0.5835,0.293,0.0169,3.3864,1374638113.0
ADBE,sp500,2023,247,1.6443,0.4589,0.2331,0.0009,2.4249,1451160696.0
ADBE,sp500,2024,249,1.262,0.1816,0.3376,0.0082,2.2759,1711170893.0
AMD,sp500,2012,246,2.3389,0.2961,0.4591,0.0288,4.0513,95514098.0
AMD,sp500,2013,249,1.4134,0.0907,0.4861,0.0241,3.6682,88054945.0
AMD,sp500,2014,249,1.2297,0.1114,0.3915,0.115,3.2563,88885167.0
AMD,sp500,2015,249,1.1646,0.1039,0.5269,0.152,4.369,32792409.0
AMD,sp500,2016,249,2.0645,0.1171,0.7373,0.0442,5.3881,196887437.0
AMD,sp500,2017,248,2.5743,0.0838,0.5728,0.023,4.0731,824432162.0
AMD,sp500,2018,248,1.748,0.2276,0.5522,0.0407,5.0815,1647868624.0
AMD,sp500,2019,249,2.484,0.3394,0.4131,0.0232,3.6834,1927966607.0
AMD,sp500,2020,250,1.1905,0.4387,0.4555,0.01,4.3789,3884865393.0
AMD,sp500,2021,249,1.7133,0.2733,0.3622,0.0164,3.5404,5369473343.0
AMD,sp500,2022,248,2.0434,0.6607,0.3562,0.0034,4.8991,8455836287.0
AMD,sp500,2023,247,1.9261,0.2927,0.3909,0.0649,3.7605,6433669603.0
AMD,sp500,2024,249,2.1702,0.3255,0.3937,0.0055,3.8096,8583115868.0
AES,sp500,2012,246,0.9114,0.3137,0.1716,0.0022,2.0131,39495488.0
AES,sp500,2013,249,1.2736,0.3862,0.1744,0.005,2.0755,43364902.0
AES,sp500,2014,249,0.8671,0.2004,0.1953,0.0166,2.0174,46244930.0
AES,sp500,2015,249,0.9587,0.2703,0.2426,0.0248,2.4376,47757604.0
AES,sp500,2016,249,1.2869,0.327,0.2401,0.0195,2.4914,40732640.0
AES,sp500,2017,248,0.4263,0.0186,0.2082,0.2799,1.8644,42889390.0
AES,sp500,2018,248,0.6018,0.1507,0.245,0.0334,2.1613,70389746.0
AES,sp500,2019,249,0.6267,0.1438,0.1823,0.1342,1.8471,71170445.0
AES,sp500,2020,250,1.2325,0.493,0.4228,0.0279,3.9483,75026721.0
AES,sp500,2021,249,1.1566,0.2629,0.2511,0.0197,2.4537,115578076.0
AES,sp500,2022,248,1.0227,0.5091,0.2443,0.0145,2.8524,103098856.0
AES,sp500,2023,247,1.3447,0.2693,0.2892,0.0579,2.727,102515353.0
AES,sp500,2024,249,0.6397,0.0442,0.3747,0.0689,3.1822,138911037.0
AFL,sp500,2012,246,1.5442,0.6361,0.1487,0.0041,2.0337,103172816.0
AFL,sp500,2013,249,1.0488,0.3877,0.1431,0.0231,1.5368,108564562.0
AFL,sp500,2014,249,0.9099,0.5158,0.0994,0.0078,1.2782,91279562.0
AFL,sp500,2015,249,0.9992,0.6836,0.1047,0.0032,1.4511,101770384.0
AFL,sp500,2016,249,0.8478,0.4684,0.1175,0.0097,1.3324,110753772.0
AFL,sp500,2017,248,0.6933,0.1693,0.1033,0.0198,1.0874,110014632.0
AFL,sp500,2018,248,0.7074,0.3575,0.1626,0.0368,1.578,134914056.0
AFL,sp500,2019,249,0.7241,0.3379,0.1208,0.037,1.3055,134988119.0
AFL,sp500,2020,250,1.2927,0.5676,0.3816,0.0282,3.3405,136478272.0
AFL,sp500,2021,249,0.9011,0.3363,0.1641,0.0084,1.7584,152464900.0
AFL,sp500,2022,248,0.6754,0.4906,0.1674,0.0166,2.0879,156414325.0
AFL,sp500,2023,247,0.6703,0.1927,0.1791,0.0091,1.6823,162467039.0
AFL,sp500,2024,249,0.3189,0.0368,0.2055,0.1392,1.5638,199077541.0
A,sp500,2012,246,1.6116,0.4893,0.2096,0.0019,2.3064,115804883.0
A,sp500,2013,249,1.174,0.3388,0.1781,0.0136,1.7466,125121325.0
A,sp500,2014,249,1.2976,0.4305,0.1683,0.0157,1.751,110302006.0
A,sp500,2015,249,1.1863,0.6595,0.1313,0.0068,1.7981,92667662.0
A,sp500,2016,249,1.3465,0.5514,0.158,0.0244,1.7912,82657882.0
A,sp500,2017,248,1.3126,0.2896,0.1383,0.0908,1.3717,102122690.0
A,sp500,2018,248,1.1168,0.4945,0.1936,0.0043,2.0084,164008224.0
A,sp500,2019,249,1.2635,0.3862,0.1899,0.0697,1.7616,150893290.0
A,sp500,2020,250,0.9003,0.6856,0.2062,0.0069,2.5508,159495437.0
A,sp500,2021,249,0.9933,0.3889,0.1614,0.002,1.852,225005907.0
A,sp500,2022,248,1.1172,0.5967,0.2234,0.0096,2.6981,217535967.0
A,sp500,2023,247,0.9336,0.2057,0.2395,0.0927,2.1875,226430912.0
A,sp500,2024,249,0.8107,0.1589,0.2351,0.0136,2.1838,230591447.0
APD,sp500,2012,246,1.0376,0.4947,0.1335,0.0076,1.4804,65412042.0
APD,sp500,2013,249,0.9661,0.3013,0.1598,0.0303,1.4568,93692621.0
APD,sp500,2014,249,1.2263,0.4474,0.1536,0.0093,1.5668,130336094.0
APD,sp500,2015,249,0.9914,0.4997,0.1528,0.0418,1.6984,128832456.0
APD,sp500,2016,249,1.0174,0.5015,0.1319,0.0277,1.5956,160796337.0
APD,sp500,2017,248,1.07,0.2757,0.1167,0.016,1.0803,148325456.0
APD,sp500,2018,248,0.9005,0.5969,0.1269,0.0023,1.7557,145315188.0
APD,sp500,2019,249,0.8169,0.2739,0.1585,0.053,1.5539,185927164.0
APD,sp500,2020,250,1.0608,0.6578,0.2588,0.0123,2.7174,263615613.0
APD,sp500,2021,249,0.6925,0.2044,0.1771,0.0531,1.6913,247981379.0
APD,sp500,2022,248,0.833,0.4999,0.2026,0.0018,2.2301,271459359.0
APD,sp500,2023,247,0.7583,0.152,0.2338,0.1068,1.762,253501586.0
APD,sp500,2024,249,0.3899,0.0291,0.2837,0.3774,1.7748,398086521.0
ABNB,sp500,2021,249,1.1368,0.0798,0.5006,0.1202,4.5116,1077527497.0
ABNB,sp500,2022,248,1.7376,0.4795,0.4404,0.006,4.9171,799093013.0
ABNB,sp500,2023,247,1.6777,0.2697,0.3605,0.101,3.2533,782198386.0
ABNB,sp500,2024,249,1.3508,0.2516,0.2936,0.0285,2.4295,638434683.0
AKAM,sp500,2012,246,1.6168,0.2476,0.3588,0.0232,2.6768,107513708.0
AKAM,sp500,2013,249,1.1374,0.1266,0.3245,0.0533,2.1783,111018904.0
AKAM,sp500,2014,249,1.6834,0.3541,0.2563,0.0498,2.3203,116923524.0
AKAM,sp500,2015,249,1.007,0.2602,0.2616,0.0282,2.0502,120343118.0
AKAM,sp500,2016,249,1.5335,0.2436,0.3514,0.0403,2.4946,126670679.0
AKAM,sp500,2017,248,1.3838,0.0729,0.3321,0.0523,1.7596,125878271.0
AKAM,sp500,2018,248,1.1706,0.3947,0.2486,0.012,2.3054,135241554.0
AKAM,sp500,2019,249,1.1282,0.39,0.1682,0.0046,1.8879,108547538.0
AKAM,sp500,2020,250,0.6253,0.3043,0.3198,0.0751,2.9187,182528341.0
AKAM,sp500,2021,249,0.7146,0.1308,0.2388,0.0968,1.9927,162853697.0
AKAM,sp500,2022,248,0.7704,0.3846,0.2371,0.043,2.3719,159187355.0
AKAM,sp500,2023,247,0.8581,0.2187,0.2117,0.0043,1.6036,147095600.0
AKAM,sp500,2024,249,0.7414,0.0927,0.2923,0.1227,1.7998,168627764.0
ALB,sp500,2012,246,1.5663,0.4829,0.2064,0.0072,2.35,38737452.0
ALB,sp500,2013,249,0.8266,0.1844,0.1888,0.0744,1.7335,36670300.0
ALB,sp500,2014,249,1.3142,0.4465,0.1649,0.0097,1.849,51191663.0
ALB,sp500,2015,249,1.1522,0.2598,0.2996,0.1516,2.5852,65299179.0
ALB,sp500,2016,249,1.4186,0.3698,0.2409,0.0333,2.4538,86324421.0
ALB,sp500,2017,248,1.4339,0.1605,0.2206,0.0077,1.8529,121198859.0
ALB,sp500,2018,248,0.9752,0.2355,0.3013,0.0285,2.8039,154849578.0
ALB,sp500,2019,249,1.5887,0.2858,0.2994,0.0186,2.6627,96546731.0
ALB,sp500,2020,250,1.2228,0.44,0.4666,0.0074,4.1963,117543562.0
ALB,sp500,2021,249,1.5701,0.2222,0.3809,0.0097,3.7146,237353527.0
ALB,sp500,2022,248,1.3783,0.359,0.448,0.0232,4.5187,299831593.0
ALB,sp500,2023,247,1.8197,0.2464,0.4155,0.0736,3.6897,395496970.0
ALB,sp500,2024,249,1.8159,0.1563,0.5318,0.0106,4.2502,291132936.0
ARE,sp500,2012,246,0.8023,0.4238,0.1191,0.0177,1.5799,15488025.0
ARE,sp500,2013,249,0.9577,0.3281,0.1489,0.0398,1.6735,21211743.0
ARE,sp500,2014,249,0.3793,0.1089,0.1223,0.16,1.3614,20590558.0
ARE,sp500,2015,249,0.7068,0.3105,0.1622,0.0453,1.7849,24300170.0
ARE,sp500,2016,249,0.8971,0.2816,0.1864,0.0356,1.9611,38766141.0
ARE,sp500,2017,248,0.4446,0.0487,0.1322,0.1524,1.3612,61253346.0
ARE,sp500,2018,248,0.6346,0.278,0.1754,0.0036,1.8057,59950103.0
ARE,sp500,2019,249,0.5265,0.1637,0.1419,0.0322,1.4426,78973865.0
ARE,sp500,2020,250,1.0333,0.672,0.2442,0.0051,2.7132,112903830.0
ARE,sp500,2021,249,0.5837,0.1876,0.1575,0.0198,1.5902,116740398.0
ARE,sp500,2022,248,0.9036,0.527,0.2082,0.0104,2.4179,129865866.0
ARE,sp500,2023,247,1.431,0.2895,0.2927,0.0527,2.5796,111803548.0
ARE,sp500,2024,249,0.8248,0.1594,0.2387,0.0601,2.24,107444733.0
ALGN,sp500,2012,246,1.6178,0.2141,0.3946,0.0268,3.1782,34209277.0
ALGN,sp500,2013,249,1.2959,0.1438,0.3434,0.1575,2.6883,36738851.0
ALGN,sp500,2014,249,1.6179,0.361,0.2427,0.0477,2.6881,51128948.0
ALGN,sp500,2015,249,0.9785,0.2465,0.2635,0.0231,2.4419,47290865.0
ALGN,sp500,2016,249,1.2753,0.3308,0.2359,0.0323,2.3426,63805819.0
ALGN,sp500,2017,248,1.5482,0.0942,0.3231,0.0804,2.3012,166582057.0
ALGN,sp500,2018,248,1.6222,0.3341,0.3928,0.0109,3.7793,305562872.0
ALGN,sp500,2019,249,1.6604,0.1692,0.4386,0.0177,3.1199,284188614.0
ALGN,sp500,2020,250,1.4453,0.4952,0.4936,0.0181,4.3902,260624228.0
ALGN,sp500,2021,249,1.6421,0.3167,0.3127,0.0441,3.1196,362165453.0
ALGN,sp500,2022,248,1.6217,0.4235,0.4602,0.0169,4.7288,298898639.0
ALGN,sp500,2023,247,1.9659,0.2098,0.4981,0.1266,3.2357,268320820.0
ALGN,sp500,2024,249,1.4015,0.2252,0.3276,0.0314,3.3204,196047494.0
ALLE,sp500,2014,249,1.1107,0.3193,0.1828,0.01,2.1496,34797611.0
ALLE,sp500,2015,249,0.9349,0.4954,0.1453,0.0025,1.8327,34960812.0
ALLE,sp500,2016,249,1.2457,0.5322,0.1519,0.0158,1.8388,42101861.0
ALLE,sp500,2017,248,1.0043,0.1514,0.16,0.0108,1.4966,47885506.0
ALLE,sp500,2018,248,0.9349,0.491,0.1632,0.0146,2.0605,54496882.0
ALLE,sp500,2019,249,0.9069,0.3065,0.1626,0.0037,1.6218,64456209.0
ALLE,sp500,2020,250,1.1045,0.6533,0.2722,0.0138,3.1716,74478812.0
ALLE,sp500,2021,249,0.8873,0.2482,0.2002,0.0058,1.9796,83837789.0
ALLE,sp500,2022,248,0.9952,0.5736,0.2087,0.0237,2.706,74235441.0
ALLE,sp500,2023,247,1.1896,0.3488,0.2122,0.0016,2.1159,83163030.0
ALLE,sp500,2024,249,0.7105,0.2039,0.1769,0.0087,1.9245,93317820.0
LNT,sp500,2012,246,0.5127,0.2513,0.1127,0.0706,1.28,14679930.0
LNT,sp500,2013,249,0.874,0.4438,0.1063,0.0348,1.3741,15356217.0
LNT,sp500,2014,249,0.5881,0.1992,0.1329,0.0373,1.409,20842845.0
LNT,sp500,2015,249,0.6707,0.2638,0.1726,0.0221,1.6314,27439174.0
LNT,sp500,2016,249,0.3677,0.0634,0.1838,0.214,1.6901,41704298.0
LNT,sp500,2017,248,0.1426,0.0061,0.122,0.6393,1.1481,37832694.0
LNT,sp500,2018,248,0.2034,0.0383,0.1747,0.2978,1.6781,54667978.0
LNT,sp500,2019,249,0.1768,0.0243,0.1336,0.2459,1.4555,52451623.0
LNT,sp500,2020,250,0.8429,0.5424,0.2619,0.0185,2.7852,63649925.0
LNT,sp500,2021,249,0.3112,0.0455,0.1849,0.2705,1.7902,57997764.0
LNT,sp500,2022,248,0.4891,0.233,0.2159,0.0513,2.2007,74363806.0
LNT,sp500,2023,247,0.597,0.151,0.1848,0.0247,1.8676,72810605.0
LNT,sp500,2024,249,0.112,0.0063,0.1771,0.286,1.5645,79906732.0
ALL,sp500,2012,246,0.8903,0.4037,0.1378,0.026,1.5676,108032825.0
ALL,sp500,2013,249,1.0563,0.5498,0.1038,0.0029,1.3298,109265962.0
ALL,sp500,2014,249,0.7257,0.3635,0.1083,0.0386,1.1127,109286478.0
ALL,sp500,2015,249,0.8767,0.4185,0.1592,0.0043,1.4206,138327874.0
ALL,sp500,2016,249,0.6401,0.3344,0.1174,0.0227,1.1959,115810206.0
ALL,sp500,2017,248,0.6365,0.1124,0.1203,0.1927,1.0701,133270215.0
ALL,sp500,2018,248,0.8034,0.4181,0.1625,0.0039,1.7467,163783588.0
ALL,sp500,2019,249,0.7152,0.2896,0.1335,0.0069,1.3584,147162680.0
ALL,sp500,2020,250,1.054,0.6678,0.2515,0.0158,3.0296,174399968.0
ALL,sp500,2021,249,0.6333,0.1565,0.1906,0.0273,1.8208,198360780.0
ALL,sp500,2022,248,0.5969,0.23,0.2657,0.0629,2.4014,226478959.0
ALL,sp500,2023,247,0.7217,0.1228,0.2518,0.1301,2.168,197553187.0
ALL,sp500,2024,249,0.2456,0.0225,0.2042,0.4718,1.8656,254254174.0
GOOGL,sp500,2012,246,0.8392,0.2146,0.2044,0.0185,1.7629,1657107436.0
GOOGL,sp500,2013,249,0.935,0.2281,0.1868,0.0922,1.4103,1806404739.0
GOOGL,sp500,2014,249,1.3165,0.4809,0.1542,0.007,1.6917,1494940154.0
GOOGL,sp500,2015,249,1.0552,0.3352,0.2289,0.02,1.8729,1343441627.0
GOOGL,sp500,2016,249,0.9666,0.3887,0.1577,0.0377,1.6421,1471846802.0
GOOGL,sp500,2017,248,1.2159,0.288,0.1286,0.0056,1.2682,1508862923.0
GOOGL,sp500,2018,248,1.3561,0.6726,0.1622,0.0218,2.3264,2268336698.0
GOOGL,sp500,2019,249,1.249,0.4164,0.1762,0.0122,1.5379,1774187387.0
GOOGL,sp500,2020,250,0.9818,0.7368,0.1985,0.0056,2.5885,2848016689.0
GOOGL,sp500,2021,249,1.3026,0.4848,0.1741,0.0167,1.8197,3705555533.0
GOOGL,sp500,2022,248,1.3296,0.7009,0.2113,0.0042,2.8736,3964372524.0
GOOGL,sp500,2023,247,1.39,0.3552,0.2445,0.0204,2.2411,3797049161.0
GOOGL,sp500,2024,249,1.2489,0.3148,0.2322,0.0121,2.0156,4442266301.0
GOOG,sp500,2012,246,0.8392,0.2146,0.2044,0.0185,1.7629,1657179743.0
GOOG,sp500,2013,249,0.935,0.2281,0.1868,0.0922,1.4103,1806483560.0
GOOG,sp500,2014,249,1.3076,0.4774,0.1542,0.0084,1.6887,1377673286.0
GOOG,sp500,2015,249,1.0722,0.331,0.2348,0.0217,1.8667,1243619004.0
GOOG,sp500,2016,249,0.9546,0.3837,0.1574,0.0484,1.6012,1334586189.0
GOOG,sp500,2017,248,1.2531,0.299,0.1291,0.0025,1.2444,1350641912.0
GOOG,sp500,2018,248,1.3654,0.6846,0.1589,0.0221,2.2689,1912431738.0
GOOG,sp500,2019,249,1.2539,0.4073,0.1803,0.01,1.5249,1655292810.0
GOOG,sp500,2020,250,0.9734,0.7301,0.2002,0.0061,2.5877,2725425723.0
GOOG,sp500,2021,249,1.2677,0.482,0.1704,0.0204,1.7844,3064388425.0
GOOG,sp500,2022,248,1.3241,0.6908,0.2155,0.0047,2.8355,3264564114.0
GOOG,sp500,2023,247,1.422,0.3665,0.2441,0.0199,2.2069,2979010690.0
GOOG,sp500,2024,249,1.243,0.3186,0.2291,0.0115,1.9795,3209936780.0
MO,sp500,2012,246,0.5069,0.2172,0.1225,0.0062,1.2367,146076553.0
MO,sp500,2013,249,0.8299,0.3985,0.1107,0.01,1.2261,139156887.0
MO,sp500,2014,249,0.6443,0.2648,0.121,0.0186,1.2705,139232213.0
MO,sp500,2015,249,0.7699,0.396,0.1465,0.0183,1.5293,172105379.0
MO,sp500,2016,249,0.3877,0.1054,0.1469,0.1058,1.4141,196822127.0
MO,sp500,2017,248,0.4976,0.0401,0.1637,0.0392,1.2581,243352380.0
MO,sp500,2018,248,0.4997,0.1264,0.2253,0.0939,2.0327,270629041.0
MO,sp500,2019,249,0.6616,0.1011,0.2351,0.083,2.086,275527299.0
MO,sp500,2020,250,0.7567,0.4883,0.262,0.0651,2.7332,246947999.0
MO,sp500,2021,249,0.5938,0.1299,0.1992,0.0299,1.6729,253100361.0
MO,sp500,2022,248,0.3367,0.1045,0.2398,0.128,1.9943,327064261.0
MO,sp500,2023,247,0.5212,0.1532,0.16,0.1093,1.4273,277974852.0
MO,sp500,2024,249,0.0639,0.0021,0.1753,0.7701,1.3853,379426777.0
AMZN,sp500,2012,246,1.1023,0.2029,0.2781,0.0873,2.3257,901557382.0
AMZN,sp500,2013,249,1.2786,0.2653,0.2311,0.0213,2.1248,881494928.0
AMZN,sp500,2014,249,1.4889,0.2584,0.2843,0.0745,2.354,1351061373.0
AMZN,sp500,2015,249,1.1234,0.2807,0.277,0.0251,2.1442,1858559317.0
AMZN,sp500,2016,249,1.0804,0.2314,0.2561,0.0571,1.9564,2790201956.0
AMZN,sp500,2017,248,1.3116,0.187,0.184,0.0186,1.4082,3417458349.0
AMZN,sp500,2018,248,1.6174,0.5832,0.2345,0.0113,2.6851,9249487975.0
AMZN,sp500,2019,249,1.3214,0.5013,0.1571,0.0084,1.6264,6809492459.0
AMZN,sp500,2020,250,0.6988,0.3766,0.3041,0.0052,2.8082,13110491158.0
AMZN,sp500,2021,249,1.0542,0.3231,0.1978,0.0123,2.013,11331891741.0
AMZN,sp500,2022,248,1.6446,0.6319,0.3053,0.005,3.6551,9425444225.0
AMZN,sp500,2023,247,1.5418,0.3737,0.2606,0.0554,2.5394,7030735303.0
AMZN,sp500,2024,249,1.5484,0.4836,0.2017,0.0237,2.1126,7524677409.0
AMCR,sp500,2012,154,0.0448,0.0024,0.1228,0.5506,0.0,999.0
AMCR,sp500,2013,249,-0.0763,0.0007,0.3055,0.9767,0.1706,8575.0
AMCR,sp500,2014,249,-0.0461,0.0012,0.1526,0.9321,0.0448,1399.0
AMCR,sp500,2015,249,-0.074,0.0058,0.1498,0.8599,0.0,942.0
AMCR,sp500,2016,249,-0.1065,0.0033,0.2398,0.5522,0.0003,5001.0
AMCR,sp500,2017,248,-0.3225,0.0215,0.1463,0.4584,0.0123,9353.0
AMCR,sp500,2018,248,0.0569,0.002,0.2178,0.888,0.0921,57704.0
AMCR,sp500,2019,249,0.6102,0.1017,0.2162,0.0967,1.2415,26784382.0
AMCR,sp500,2020,250,1.0355,0.5318,0.3287,0.0032,2.9132,61033484.0
AMCR,sp500,2021,249,0.7249,0.2323,0.1708,0.0242,1.9148,55271891.0
AMCR,sp500,2022,248,0.8114,0.5081,0.1942,0.0093,2.2108,87007807.0
AMCR,sp500,2023,247,0.9453,0.3199,0.1799,0.0318,1.718,66079779.0
AMCR,sp500,2024,249,0.4374,0.0613,0.2158,0.1852,1.7186,87824428.0
AEE,sp500,2012,246,0.4648,0.1779,0.1272,0.0097,1.2933,32621991.0
AEE,sp500,2013,249,0.8661,0.3944,0.1166,0.0424,1.4182,37080474.0
AEE,sp500,2014,249,0.4849,0.0894,0.1744,0.0878,1.5828,44838860.0
AEE,sp500,2015,249,0.6528,0.2568,0.171,0.0128,1.7458,49455339.0
AEE,sp500,2016,249,0.3811,0.0723,0.1776,0.1329,1.6773,63571403.0
AEE,sp500,2017,248,0.1754,0.0099,0.118,0.6828,1.1781,61676003.0
AEE,sp500,2018,248,0.2452,0.0518,0.18,0.0852,1.6974,76020478.0
AEE,sp500,2019,249,0.2195,0.0349,0.1376,0.1004,1.4155,89730018.0
AEE,sp500,2020,250,0.9378,0.5328,0.297,0.0251,2.8023,103027332.0
AEE,sp500,2021,249,0.3206,0.054,0.174,0.2554,1.6735,88597519.0
AEE,sp500,2022,248,0.484,0.2835,0.1872,0.0519,1.9373,105650017.0
AEE,sp500,2023,247,0.5264,0.098,0.2085,0.0607,1.8784,112410657.0
AEE,sp500,2024,249,0.0929,0.0048,0.1693,0.4072,1.6473,113136075.0
AEP,sp500,2012,246,0.4056,0.1618,0.1175,0.0302,1.1694,81352001.0
AEP,sp500,2013,249,0.7374,0.3036,0.1213,0.0153,1.3631,92251351.0
AEP,sp500,2014,249,0.5,0.1136,0.1574,0.1258,1.4901,92870667.0
AEP,sp500,2015,249,0.6549,0.2706,0.1656,0.0066,1.6757,107519047.0
AEP,sp500,2016,249,0.4156,0.0915,0.1704,0.1959,1.5776,123185676.0
AEP,sp500,2017,248,0.0117,0.0001,0.11,0.9916,1.0609,117073834.0
AEP,sp500,2018,248,0.1082,0.0115,0.1718,0.507,1.636,155982441.0
AEP,sp500,2019,249,0.1473,0.0171,0.1331,0.1086,1.3425,160736539.0
AEP,sp500,2020,250,0.742,0.4194,0.2953,0.0534,2.842,217189316.0
AEP,sp500,2021,249,0.3288,0.067,0.1591,0.4282,1.6413,196475386.0
AEP,sp500,2022,248,0.5097,0.2755,0.2011,0.0627,2.1113,244023869.0
AEP,sp500,2023,247,0.5701,0.1277,0.1945,0.0524,1.8729,233390306.0
AEP,sp500,2024,249,0.0061,0.0,0.1846,0.9978,1.652,257287189.0
AXP,sp500,2012,246,1.1386,0.5148,0.1407,0.0008,1.6455,259664966.0
AXP,sp500,2013,249,1.1215,0.4679,0.1299,0.0085,1.405,285387009.0
AXP,sp500,2014,249,1.2766,0.6468,0.1063,0.0086,1.4302,287967994.0
AXP,sp500,2015,249,0.8178,0.3479,0.1724,0.0118,1.4688,426046071.0
AXP,sp500,2016,249,0.7892,0.1723,0.225,0.1252,1.6517,298025083.0
AXP,sp500,2017,248,1.119,0.34,0.1049,0.0019,1.1498,264781260.0
AXP,sp500,2018,248,1.0651,0.5664,0.1598,0.0063,1.8628,332617774.0
AXP,sp500,2019,249,1.0515,0.5772,0.1073,0.0054,1.3835,343465442.0
AXP,sp500,2020,250,1.4987,0.6413,0.3791,0.0057,3.402,490704769.0
AXP,sp500,2021,249,1.1385,0.2809,0.2361,0.0092,2.1626,525337663.0
AXP,sp500,2022,248,1.1331,0.5994,0.2253,0.0108,2.7632,535482305.0
AXP,sp500,2023,247,1.1925,0.3637,0.2059,0.0823,1.8885,497903361.0
AXP,sp500,2024,249,1.0077,0.2773,0.205,0.0201,1.7826,672907140.0
AIG,sp500,2012,246,1.6057,0.4513,0.2254,0.0193,2.6403,448195790.0
AIG,sp500,2013,249,1.4902,0.4474,0.1799,0.0271,1.9903,445368815.0
AIG,sp500,2014,249,1.1891,0.603,0.1088,0.0021,1.5335,327767227.0
AIG,sp500,2015,249,1.0121,0.5756,0.1339,0.0048,1.6012,369814387.0
AIG,sp500,2016,249,1.2426,0.5395,0.1493,0.0076,1.5244,312630530.0
AIG,sp500,2017,248,0.6932,0.0777,0.1607,0.0784,1.2851,285655662.0
AIG,sp500,2018,248,0.7586,0.2959,0.2007,0.0221,2.0926,272331954.0
AIG,sp500,2019,249,1.0552,0.2974,0.1933,0.0246,1.8577,185385307.0
AIG,sp500,2020,250,1.6175,0.5695,0.4757,0.0281,4.4552,195543784.0
AIG,sp500,2021,249,1.0716,0.232,0.2528,0.0068,2.3488,195767235.0
AIG,sp500,2022,248,0.9418,0.4913,0.2331,0.0046,2.7028,256945998.0
AIG,sp500,2023,247,0.994,0.2437,0.2286,0.0044,1.9711,213185220.0
AIG,sp500,2024,249,0.7264,0.1989,0.1837,0.0225,1.7925,293062417.0
AMT,sp500,2012,246,0.6212,0.2147,0.1513,0.0559,1.5312,121251257.0
AMT,sp500,2013,249,0.9558,0.2637,0.1735,0.0213,1.7287,156541530.0
AMT,sp500,2014,249,0.7589,0.3042,0.1294,0.0217,1.3604,133755907.0
AMT,sp500,2015,249,0.8823,0.4491,0.1505,0.0167,1.5934,172746668.0
AMT,sp500,2016,249,0.9441,0.344,0.1696,0.0163,1.6432,179600717.0
AMT,sp500,2017,248,0.2471,0.0111,0.1572,0.2643,1.494,203673337.0
AMT,sp500,2018,248,0.4707,0.1556,0.1881,0.0079,1.8653,261159965.0
AMT,sp500,2019,249,0.1844,0.0145,0.1814,0.5401,1.6902,288199973.0
AMT,sp500,2020,250,1.0051,0.5936,0.2813,0.0221,2.9493,417189193.0
AMT,sp500,2021,249,0.6235,0.1623,0.1836,0.0744,1.8924,388132693.0
AMT,sp500,2022,248,0.8066,0.3948,0.2429,0.0134,2.6726,401552662.0
AMT,sp500,2023,247,0.9442,0.2159,0.2349,0.0241,2.3358,368761514.0
AMT,sp500,2024,249,0.017,0.0001,0.249,0.9954,2.0294,441400327.0
AWK,sp500,2012,246,0.5045,0.2028,0.1273,0.013,1.498,21577991.0
AWK,sp500,2013,249,0.6539,0.2169,0.135,0.0228,1.494,25708841.0
AWK,sp500,2014,249,0.4727,0.1381,0.1332,0.0933,1.3884,25997388.0
AWK,sp500,2015,249,0.5159,0.2105,0.1539,0.0237,1.6066,38087970.0
AWK,sp500,2016,249,0.4252,0.0761,0.1926,0.1133,1.6612,83554833.0
AWK,sp500,2017,248,0.3035,0.0251,0.1273,0.0309,1.2258,57590218.0
AWK,sp500,2018,248,0.359,0.1076,0.1773,0.0716,1.6858,66938167.0
AWK,sp500,2019,249,0.0964,0.0062,0.1461,0.7412,1.4713,94446034.0
AWK,sp500,2020,250,0.8843,0.4855,0.308,0.0271,2.8225,118550003.0
AWK,sp500,2021,249,0.5166,0.1032,0.1974,0.2508,1.8892,117105214.0
AWK,sp500,2022,248,0.7071,0.4064,0.2079,0.0531,2.355,121993678.0
AWK,sp500,2023,247,0.7846,0.2274,0.1888,0.0402,1.92,137132122.0
AWK,sp500,2024,249,0.239,0.0227,0.1977,0.4999,1.8001,147917972.0
AMP,sp500,2012,246,1.576,0.6098,0.1605,0.0015,1.9172,64617664.0
AMP,sp500,2013,249,1.6481,0.7531,0.1025,0.0082,1.5857,76386081.0
AMP,sp500,2014,249,1.5752,0.6926,0.1183,0.0094,1.6239,89313940.0
AMP,sp500,2015,249,1.2257,0.6989,0.1239,0.006,1.8699,116105316.0
AMP,sp500,2016,249,1.8359,0.5181,0.2303,0.0173,2.1688,98683571.0
AMP,sp500,2017,248,1.677,0.3418,0.1566,0.0201,1.6662,115146452.0
AMP,sp500,2018,248,1.3435,0.6081,0.185,0.0082,2.4395,128749032.0
AMP,sp500,2019,249,1.5608,0.528,0.1759,0.0085,2.0165,115561869.0
AMP,sp500,2020,250,1.8293,0.7922,0.3169,0.0082,3.6781,113975293.0
AMP,sp500,2021,249,1.4272,0.5305,0.1741,0.0025,2.1189,139988584.0
AMP,sp500,2022,248,1.2314,0.7149,0.1891,0.0062,2.7198,165579906.0
AMP,sp500,2023,247,1.3516,0.4669,0.1886,0.0072,1.944,165751228.0
AMP,sp500,2024,249,0.8647,0.2699,0.1792,0.0434,1.6957,205498290.0
AME,sp500,2012,246,1.1639,0.4726,0.1565,0.0115,1.8675,34357802.0
AME,sp500,2013,249,1.1112,0.5018,0.1203,0.0106,1.4737,47378046.0
AME,sp500,2014,249,1.302,0.6062,0.1183,0.0085,1.5238,47482372.0
AME,sp500,2015,249,1.0556,0.6332,0.1238,0.0041,1.5494,61901587.0
AME,sp500,2016,249,1.0624,0.4225,0.1616,0.0093,1.6303,78589843.0
AME,sp500,2017,248,1.0891,0.3114,0.109,0.0066,1.2346,74539242.0
AME,sp500,2018,248,1.0683,0.6184,0.1439,0.0117,1.8137,92437361.0
AME,sp500,2019,249,1.1134,0.5417,0.1221,0.0036,1.5046,94403150.0
AME,sp500,2020,250,1.2257,0.7819,0.219,0.0079,2.7796,115784170.0
AME,sp500,2021,249,0.9844,0.4629,0.1375,0.0064,1.6966,122389807.0
AME,sp500,2022,248,0.8441,0.7042,0.1331,0.0045,2.1362,128606084.0
AME,sp500,2023,247,0.8874,0.4034,0.1409,0.0415,1.5751,141996077.0
AME,sp500,2024,249,0.7061,0.165,0.2002,0.0621,1.6023,195067951.0
AMGN,sp500,2012,246,0.8572,0.3739,0.1412,0.0265,1.549,235730584.0
AMGN,sp500,2013,249,1.1389,0.2113,0.2389,0.0235,2.1122,274957092.0
AMGN,sp500,2014,249,1.3675,0.3919,0.192,0.0313,2.0761,333314563.0
AMGN,sp500,2015,249,1.3583,0.5502,0.1892,0.0249,2.4629,401931622.0
AMGN,sp500,2016,249,1.1555,0.3732,0.1947,0.0364,1.9549,388773474.0
AMGN,sp500,2017,248,1.1773,0.2054,0.1558,0.1082,1.4828,408283881.0
AMGN,sp500,2018,248,1.0037,0.5191,0.1657,0.0265,2.1528,506662042.0
AMGN,sp500,2019,249,0.7008,0.1644,0.1883,0.0047,1.7917,434127909.0
AMGN,sp500,2020,250,0.8099,0.5137,0.2666,0.0227,2.7667,532762234.0
AMGN,sp500,2021,249,0.602,0.1515,0.1847,0.0504,1.8904,519693395.0
AMGN,sp500,2022,248,0.3417,0.147,0.2002,0.0969,1.9642,644624413.0
AMGN,sp500,2023,247,0.5386,0.1151,0.195,0.0524,1.7855,557003243.0
AMGN,sp500,2024,249,0.6758,0.1109,0.2411,0.1599,2.0169,746062781.0
APH,sp500,2012,246,1.2651,0.3917,0.2007,0.04,1.756,40833787.0
APH,sp500,2013,249,1.1539,0.3781,0.1607,0.0326,1.4315,42331949.0
APH,sp500,2014,249,1.1351,0.4937,0.1296,0.0213,1.4095,51983608.0
APH,sp500,2015,249,1.081,0.5709,0.1444,0.0058,1.6551,56111696.0
APH,sp500,2016,249,0.9336,0.5425,0.1115,0.0452,1.3992,73721472.0
APH,sp500,2017,248,1.0249,0.3378,0.0965,0.0415,1.1008,81359579.0
APH,sp500,2018,248,0.9483,0.6134,0.1291,0.0125,1.7159,115726810.0
APH,sp500,2019,249,1.2302,0.5107,0.1435,0.0243,1.5275,112873404.0
APH,sp500,2020,250,1.0673,0.7574,0.2043,0.0013,2.6673,150380778.0
APH,sp500,2021,249,1.2846,0.6514,0.1218,0.003,1.6784,165892660.0
APH,sp500,2022,248,1.0862,0.7887,0.1368,0.0019,2.2897,167094639.0
APH,sp500,2023,247,0.9791,0.479,0.1333,0.0204,1.5672,207832044.0
APH,sp500,2024,249,1.5527,0.5357,0.1822,0.0231,2.049,408454476.0
ADI,sp500,2012,246,1.1874,0.5776,0.1293,0.0054,1.7652,67876708.0
ADI,sp500,2013,249,1.2258,0.5285,0.1257,0.0061,1.568,72083386.0
ADI,sp500,2014,249,1.1027,0.3555,0.1674,0.0058,1.6823,87513635.0
ADI,sp500,2015,249,1.2997,0.3958,0.2473,0.0235,2.2458,121194157.0
ADI,sp500,2016,249,1.2361,0.4777,0.1681,0.0669,1.9655,120580266.0
ADI,sp500,2017,248,1.3367,0.1965,0.1818,0.0597,1.7229,203929274.0
ADI,sp500,2018,248,1.1193,0.4845,0.198,0.0059,2.289,228751028.0
ADI,sp500,2019,249,1.6168,0.4657,0.2064,0.0292,2.1299,236166286.0
ADI,sp500,2020,250,1.2326,0.6795,0.2863,0.09,2.9723,306819804.0
ADI,sp500,2021,249,1.3794,0.4306,0.2057,0.0341,2.2117,533305367.0
ADI,sp500,2022,248,1.2878,0.7202,0.1953,0.005,2.9676,532846613.0
ADI,sp500,2023,247,1.2245,0.3809,0.2038,0.0303,2.101,576200086.0
ADI,sp500,2024,249,1.6166,0.419,0.2399,0.039,2.3033,660159020.0
AON,sp500,2012,246,0.8734,0.4406,0.1253,0.0198,1.3517,83250326.0
AON,sp500,2013,249,1.0448,0.4088,0.1365,0.0009,1.3903,105487833.0
AON,sp500,2014,249,1.0075,0.4122,0.1356,0.0063,1.3836,111640383.0
AON,sp500,2015,249,1.0067,0.6781,0.1068,0.0058,1.5413,105906515.0
AON,sp500,2016,249,0.8214,0.3967,0.1318,0.0228,1.323,107824111.0
AON,sp500,2017,248,0.5589,0.0939,0.1168,0.0771,1.1229,132714834.0
AON,sp500,2018,248,0.7308,0.4981,0.1258,0.0363,1.633,137019382.0
AON,sp500,2019,249,0.9293,0.3114,0.1647,0.015,1.5436,154440739.0
AON,sp500,2020,250,0.8169,0.4707,0.293,0.0554,2.7947,286447530.0
AON,sp500,2021,249,0.7198,0.1786,0.2001,0.0343,1.8361,411163983.0
AON,sp500,2022,248,0.8541,0.5442,0.1901,0.0165,2.368,275466295.0
AON,sp500,2023,247,0.6544,0.1829,0.1806,0.0828,1.6556,266800531.0
AON,sp500,2024,249,0.3147,0.0416,0.1904,0.0611,1.551,363336051.0
APA,sp500,2012,246,1.3871,0.5041,0.1751,0.0082,2.1433,193907422.0
APA,sp500,2013,249,0.9453,0.2093,0.1996,0.1244,1.7826,191486492.0
APA,sp500,2014,249,1.1805,0.2323,0.2419,0.0147,2.1046,211869240.0
APA,sp500,2015,249,1.3426,0.2474,0.3607,0.0802,3.4864,178757470.0
APA,sp500,2016,249,1.9112,0.2822,0.3964,0.0022,3.7555,172981498.0
APA,sp500,2017,248,1.2112,0.0665,0.3053,0.2044,2.6435,134452947.0
APA,sp500,2018,248,1.1118,0.2486,0.3315,0.105,3.2993,135720216.0
APA,sp500,2019,249,1.8246,0.1944,0.4427,0.0196,3.7167,114279730.0
APA,sp500,2020,250,2.1647,0.2949,1.1322,0.0571,7.647,141046307.0
APA,sp500,2021,249,1.818,0.1736,0.5142,0.0468,4.6685,157016238.0
APA,sp500,2022,248,1.1061,0.2067,0.5271,0.055,4.9939,293608728.0
APA,sp500,2023,247,1.0996,0.1467,0.3462,0.0754,3.1832,165437183.0
APA,sp500,2024,249,0.4749,0.0282,0.3517,0.2268,2.9713,162550027.0
APO,sp500,2012,246,0.9204,0.1675,0.2613,0.0922,2.9662,1600929.0
APO,sp500,2013,249,1.6445,0.2604,0.301,0.0228,3.4452,13342890.0
APO,sp500,2014,249,1.3822,0.3005,0.2377,0.048,2.8721,18315979.0
APO,sp500,2015,249,0.9568,0.2929,0.229,0.0532,2.6555,13267627.0
APO,sp500,2016,249,1.211,0.2852,0.2494,0.1519,2.8169,9677537.0
APO,sp500,2017,248,1.4642,0.1859,0.2062,0.0227,2.3129,22959136.0
APO,sp500,2018,248,1.0433,0.3419,0.2482,0.0384,2.7406,23756392.0
APO,sp500,2019,249,1.5759,0.4042,0.2281,0.0092,2.6414,49620841.0
APO,sp500,2020,250,1.4317,0.5481,0.4397,0.0891,4.5518,72907552.0
APO,sp500,2021,249,1.2163,0.2794,0.2532,0.0439,2.6417,134763589.0
APO,sp500,2022,248,1.3816,0.598,0.2756,0.0035,3.5516,166930907.0
APO,sp500,2023,247,1.5016,0.371,0.2553,0.0236,2.5106,183183427.0
APO,sp500,2024,249,1.5035,0.3513,0.2575,0.0393,2.4694,421376509.0
AAPL,sp500,2012,246,1.2443,0.2889,0.2485,0.0495,2.0818,9229432115.0
AAPL,sp500,2013,249,0.6005,0.0515,0.2799,0.1095,2.0135,5795165519.0
AAPL,sp500,2014,249,0.8442,0.194,0.194,0.1401,1.6421,4959835719.0
AAPL,sp500,2015,249,1.1488,0.4379,0.2005,0.0072,2.0043,5517815303.0
AAPL,sp500,2016,249,1.0194,0.3244,0.1913,0.0299,1.662,3594004332.0
AAPL,sp500,2017,248,1.3738,0.2749,0.1501,0.0262,1.2664,3805334159.0
AAPL,sp500,2018,248,1.2564,0.5563,0.1924,0.0126,2.0449,6021603550.0
AAPL,sp500,2019,249,1.4598,0.5343,0.1625,0.0134,1.7265,5472428876.0
AAPL,sp500,2020,250,1.1536,0.6925,0.26,0.0065,2.9492,14157869413.0
AAPL,sp500,2021,249,1.3296,0.4822,0.1786,0.0162,2.0186,12359840665.0
AAPL,sp500,2022,248,1.2977,0.7844,0.1655,0.0027,2.7514,13259720592.0
AAPL,sp500,2023,247,1.1009,0.5193,0.1383,0.0177,1.681,9952919180.0
AAPL,sp500,2024,249,0.9548,0.2898,0.1884,0.0397,1.7816,11561671766.0
AMAT,sp500,2012,246,1.3073,0.494,0.1684,0.0018,2.1396,125599947.0
AMAT,sp500,2013,249,1.2855,0.3316,0.1982,0.0236,2.0522,163827943.0
AMAT,sp500,2014,249,1.3008,0.3285,0.2096,0.0165,2.1868,241509093.0
AMAT,sp500,2015,249,1.042,0.3602,0.2139,0.0031,2.365,292944810.0
AMAT,sp500,2016,249,1.511,0.4115,0.235,0.0018,2.177,280781610.0
AMAT,sp500,2017,248,2.0494,0.2685,0.2276,0.1096,2.1763,412221286.0
AMAT,sp500,2018,248,1.5936,0.4636,0.294,0.0164,3.1026,579112735.0
AMAT,sp500,2019,249,1.643,0.3211,0.2847,0.0477,2.4486,376153097.0
AMAT,sp500,2020,250,1.4975,0.7103,0.3235,0.0272,3.5413,472892389.0
AMAT,sp500,2021,249,2.179,0.414,0.3361,0.0796,3.2534,1019747924.0
AMAT,sp500,2022,248,1.7181,0.6735,0.291,0.0006,3.9936,847581437.0
AMAT,sp500,2023,247,1.5995,0.3832,0.2649,0.0452,2.6884,761680731.0
AMAT,sp500,2024,249,2.2308,0.4337,0.3213,0.0115,2.8903,1185904502.0
APP,sp500,2021,178,1.2523,0.0567,0.6213,0.1528,5.5833,117813294.0
APP,sp500,2022,248,2.2291,0.3918,0.6755,0.0234,6.9876,88615105.0
APP,sp500,2023,247,1.7287,0.1305,0.5826,0.0587,4.4361,78078359.0
APP,sp500,2024,249,2.6059,0.2035,0.6497,0.0876,4.871,639731247.0
APTV,sp500,2012,246,1.1911,0.3012,0.231,0.0136,2.6042,77891809.0
APTV,sp500,2013,249,1.5269,0.475,0.1744,0.0067,1.8597,92995095.0
APTV,sp500,2014,249,1.1795,0.4476,0.1477,0.0391,1.712,124250497.0
APTV,sp500,2015,249,1.1943,0.4604,0.1991,0.0027,2.0129,162499762.0
APTV,sp500,2016,249,1.7306,0.4217,0.2636,0.0492,2.6269,162670657.0
APTV,sp500,2017,248,1.2313,0.1287,0.2156,0.1513,1.8038,158182585.0
APTV,sp500,2018,248,1.0605,0.3759,0.2343,0.0331,2.4629,157206892.0
APTV,sp500,2019,249,1.6279,0.3919,0.2417,0.0118,2.2493,116683601.0
APTV,sp500,2020,250,1.4988,0.4537,0.5563,0.0366,4.1955,164016770.0
APTV,sp500,2021,249,1.4551,0.3294,0.2692,0.0166,2.758,227657057.0
APTV,sp500,2022,248,1.6321,0.5777,0.3394,0.0146,3.9119,216815823.0
APTV,sp500,2023,247,1.3062,0.2669,0.2826,0.0244,2.6226,199529538.0
APTV,sp500,2024,249,1.2227,0.1563,0.358,0.0199,2.8221,226778542.0
ACGL,sp500,2012,246,0.4818,0.1789,0.1314,0.0897,1.3919,22341760.0
ACGL,sp500,2013,249,0.7736,0.3817,0.1069,0.0085,1.2408,21943275.0
ACGL,sp500,2014,249,0.5461,0.3018,0.0936,0.0164,1.1922,27149059.0
ACGL,sp500,2015,249,0.5902,0.391,0.1135,0.0298,1.3784,28836372.0
ACGL,sp500,2016,249,0.5367,0.1831,0.1475,0.0386,1.6973,26688619.0
ACGL,sp500,2017,248,0.6951,0.1098,0.1332,0.0141,1.3026,41601892.0
ACGL,sp500,2018,248,0.6382,0.3082,0.164,0.1121,1.9514,42112478.0
ACGL,sp500,2019,249,0.7894,0.2989,0.1441,0.0227,1.5771,43813402.0
ACGL,sp500,2020,250,1.3745,0.6404,0.3484,0.0202,3.7904,61597890.0
ACGL,sp500,2021,249,0.8717,0.2589,0.1912,0.0161,2.103,74719153.0
ACGL,sp500,2022,248,0.6184,0.2921,0.2342,0.0051,2.237,111603610.0
ACGL,sp500,2023,247,0.5844,0.0876,0.2463,0.117,2.044,138436135.0
ACGL,sp500,2024,249,0.4166,0.054,0.2197,0.0716,1.8517,156883033.0
ADM,sp500,2012,246,0.9458,0.3395,0.168,0.0075,1.6944,94408868.0
ADM,sp500,2013,249,1.0483,0.2881,0.179,0.0009,1.7707,101941395.0
ADM,sp500,2014,249,0.8767,0.256,0.1685,0.0555,1.594,114261980.0
ADM,sp500,2015,249,0.9757,0.4043,0.1824,0.058,1.8716,128416397.0
ADM,sp500,2016,249,1.2899,0.3339,0.2369,0.062,2.0973,104928004.0
ADM,sp500,2017,248,0.7178,0.0652,0.1829,0.0668,1.5165,98404965.0
ADM,sp500,2018,248,0.7076,0.4156,0.1439,0.0204,1.7658,133627562.0
ADM,sp500,2019,249,0.9311,0.3018,0.1688,0.0081,1.629,113910591.0
ADM,sp500,2020,250,0.9762,0.6714,0.231,0.0034,2.5444,106497635.0
ADM,sp500,2021,249,0.7991,0.2557,0.1768,0.0178,1.8105,131509308.0
ADM,sp500,2022,248,0.5647,0.1908,0.2829,0.042,2.6139,243614144.0
ADM,sp500,2023,247,0.7219,0.1856,0.1974,0.005,1.8571,209455905.0
ADM,sp500,2024,249,0.3915,0.0185,0.359,0.6568,2.128,219532355.0
ARES,sp500,2014,165,0.177,0.0094,0.1989,0.7881,2.4739,1098209.0
ARES,sp500,2015,249,0.3378,0.0319,0.2865,0.6559,3.1331,703684.0
ARES,sp500,2016,249,0.784,0.0709,0.3692,0.4508,3.6774,482639.0
ARES,sp500,2017,248,0.8742,0.0507,0.2546,0.1165,2.3761,1641829.0
ARES,sp500,2018,248,0.887,0.2215,0.2852,0.0958,3.042,8631630.0
ARES,sp500,2019,249,1.1993,0.2723,0.2337,0.0031,2.5264,14736154.0
ARES,sp500,2020,250,1.1964,0.6309,0.3095,0.0044,3.5939,25675764.0
ARES,sp500,2021,249,1.1709,0.31,0.2265,0.0071,2.4493,41794280.0
ARES,sp500,2022,248,1.5511,0.6634,0.2688,0.0098,3.6434,64939539.0
ARES,sp500,2023,247,1.3962,0.3997,0.2234,0.017,2.4063,85178488.0
ARES,sp500,2024,249,1.2638,0.3403,0.2218,0.0396,2.3411,158379946.0
ANET,sp500,2015,249,0.7766,0.0986,0.3618,0.0325,3.407,50550925.0
ANET,sp500,2016,249,1.5136,0.2631,0.3295,0.0473,2.9567,56059835.0
ANET,sp500,2017,248,1.9523,0.1085,0.3766,0.1136,2.448,130024538.0
ANET,sp500,2018,248,1.5578,0.2915,0.4165,0.0087,3.5596,277744468.0
ANET,sp500,2019,249,1.4496,0.1473,0.4157,0.0285,2.5563,217771388.0
ANET,sp500,2020,250,1.0344,0.5124,0.3414,0.0217,3.283,170386257.0
ANET,sp500,2021,249,1.2483,0.2418,0.2866,0.0348,2.3556,186610559.0
ANET,sp500,2022,248,1.3615,0.5974,0.2719,0.0054,3.4743,243415534.0
ANET,sp500,2023,247,1.3953,0.1662,0.408,0.2294,2.8845,437141821.0
ANET,sp500,2024,249,2.2428,0.4792,0.2947,0.0045,3.0156,709416380.0
AJG,sp500,2012,246,0.6811,0.4166,0.1026,0.0136,1.3283,15396123.0
AJG,sp500,2013,249,0.8504,0.4512,0.1019,0.0364,1.251,21146048.0
AJG,sp500,2014,249,0.8569,0.4212,0.1132,0.0099,1.3339,30557435.0
AJG,sp500,2015,249,0.7375,0.5363,0.1056,0.017,1.3592,37469665.0
AJG,sp500,2016,249,0.9696,0.5462,0.1149,0.0249,1.3463,48293393.0
AJG,sp500,2017,248,0.8318,0.2209,0.1051,0.0491,1.1676,45937369.0
AJG,sp500,2018,248,0.7399,0.4845,0.1309,0.0409,1.5612,62576228.0
AJG,sp500,2019,249,0.8248,0.3903,0.1229,0.0101,1.403,73250257.0
AJG,sp500,2020,250,0.9563,0.6208,0.2528,0.0109,2.6937,93708916.0
AJG,sp500,2021,249,0.8275,0.335,0.1512,0.0454,1.6861,134673233.0
AJG,sp500,2022,248,0.827,0.5652,0.1764,0.0061,2.1971,152833745.0
AJG,sp500,2023,247,0.6243,0.1807,0.1735,0.1543,1.6168,178281525.0
AJG,sp500,2024,249,0.349,0.0649,0.1669,0.0796,1.6031,270945647.0
AIZ,sp500,2012,246,0.9491,0.2869,0.1905,0.0208,1.8958,28908755.0
AIZ,sp500,2013,249,1.1369,0.4294,0.1423,0.0092,1.6375,25929567.0
AIZ,sp500,2014,249,0.9799,0.5,0.1105,0.0035,1.4851,28729974.0
AIZ,sp500,2015,249,0.8741,0.4334,0.154,0.0102,1.6422,34761171.0
AIZ,sp500,2016,249,0.8544,0.176,0.2405,0.0689,1.6871,36686727.0
AIZ,sp500,2017,248,1.0503,0.1348,0.1791,0.0684,1.5146,32709697.0
AIZ,sp500,2018,248,0.7704,0.3212,0.1921,0.0024,2.1852,55061452.0
AIZ,sp500,2019,249,0.7685,0.2619,0.1538,0.0899,1.526,51227988.0
AIZ,sp500,2020,250,1.0697,0.5288,0.3416,0.0309,3.0844,46156743.0
AIZ,sp500,2021,249,0.6199,0.1607,0.1837,0.0326,1.8124,52900916.0
AIZ,sp500,2022,248,0.5787,0.2235,0.2624,0.0362,2.2598,72564446.0
AIZ,sp500,2023,247,0.6145,0.0867,0.2605,0.0985,2.0268,51264134.0
AIZ,sp500,2024,249,0.5596,0.1331,0.18,0.1312,1.7595,63063386.0
T,sp500,2012,246,0.5931,0.294,0.117,0.0162,1.2582,337585352.0
T,sp500,2013,249,0.7273,0.285,0.1251,0.029,1.2639,337661184.0
T,sp500,2014,249,0.5896,0.2124,0.128,0.03,1.2341,364247438.0
T,sp500,2015,249,0.7346,0.5138,0.1101,0.0116,1.3009,441081216.0
T,sp500,2016,249,0.4898,0.1908,0.1312,0.06,1.3195,452162816.0
T,sp500,2017,248,0.7023,0.0777,0.1628,0.0254,1.3015,506926681.0
T,sp500,2018,248,0.69,0.25,0.205,0.0256,1.8042,676458529.0
T,sp500,2019,249,0.5911,0.1589,0.1621,0.0108,1.4062,623229312.0
T,sp500,2020,250,0.8524,0.6446,0.2141,0.0092,2.1933,816474166.0
T,sp500,2021,249,0.4013,0.074,0.1841,0.3072,1.553,878487016.0
T,sp500,2022,248,0.502,0.1994,0.2447,0.0526,2.0894,744681782.0
T,sp500,2023,247,0.479,0.053,0.2644,0.0986,1.8325,532954252.0
T,sp500,2024,249,-0.1192,0.0055,0.2014,0.4083,1.7235,616070126.0
ATO,sp500,2012,246,0.5122,0.2069,0.1276,0.0036,1.5006,9843257.0
ATO,sp500,2013,249,0.9144,0.3973,0.1223,0.0046,1.5529,12958502.0
ATO,sp500,2014,249,0.597,0.1696,0.1489,0.1194,1.5039,21668696.0
ATO,sp500,2015,249,0.5789,0.2195,0.1682,0.0134,1.7362,24798329.0
ATO,sp500,2016,249,0.5024,0.12,0.177,0.1062,1.6983,32617768.0
ATO,sp500,2017,248,0.4485,0.0618,0.1175,0.0368,1.218,26475287.0
ATO,sp500,2018,248,0.2938,0.0819,0.1687,0.0543,1.6726,41295600.0
ATO,sp500,2019,249,0.2418,0.0444,0.1337,0.0695,1.3409,75831510.0
ATO,sp500,2020,250,0.8646,0.4935,0.2963,0.0084,2.7996,84038536.0
ATO,sp500,2021,249,0.2847,0.0345,0.1952,0.4929,1.7918,73322686.0
ATO,sp500,2022,248,0.515,0.2872,0.1973,0.0325,2.0051,100188915.0
ATO,sp500,2023,247,0.4922,0.1188,0.175,0.026,1.7836,96021904.0
ATO,sp500,2024,249,0.2781,0.0546,0.1459,0.0454,1.4693,103330369.0
ADSK,sp500,2012,246,1.774,0.3488,0.3086,0.021,2.714,102525562.0
ADSK,sp500,2013,249,1.2275,0.2462,0.2333,0.0514,2.1424,115715444.0
ADSK,sp500,2014,249,1.5099,0.4115,0.2036,0.0242,2.2003,136001843.0
ADSK,sp500,2015,249,0.9907,0.2882,0.2398,0.0803,2.2047,145238495.0
ADSK,sp500,2016,249,1.8866,0.4776,0.2566,0.0351,2.7235,135025550.0
ADSK,sp500,2017,248,2.0058,0.1948,0.2743,0.2224,2.1181,218405536.0
ADSK,sp500,2018,248,1.613,0.4608,0.2992,0.0144,3.0534,286577837.0
ADSK,sp500,2019,249,1.5023,0.3958,0.2212,0.0376,2.3271,280388759.0
ADSK,sp500,2020,250,1.1653,0.604,0.3192,0.0076,3.6097,355871465.0
ADSK,sp500,2021,249,1.5431,0.326,0.2877,0.0039,2.5497,391058759.0
ADSK,sp500,2022,248,1.5912,0.6676,0.2731,0.0055,3.6283,347997808.0
ADSK,sp500,2023,247,1.555,0.4146,0.2412,0.0131,2.4475,292564989.0
ADSK,sp500,2024,249,1.3381,0.3925,0.2098,0.0024,2.0209,399200588.0
ADP,sp500,2012,246,0.8797,0.6159,0.0884,0.0067,1.2075,82855086.0
ADP,sp500,2013,249,0.884,0.4834,0.0993,0.0012,1.2387,93247277.0
ADP,sp500,2014,249,0.9794,0.5856,0.0929,0.0149,1.3369,103034961.0
ADP,sp500,2015,249,1.037,0.6792,0.1098,0.0039,1.5525,122873894.0
ADP,sp500,2016,249,0.972,0.5691,0.11,0.0159,1.3157,134818597.0
ADP,sp500,2017,248,0.99,0.1163,0.1836,0.0724,1.3834,244465807.0
ADP,sp500,2018,248,1.0416,0.6089,0.1431,0.0024,1.9314,244921659.0
ADP,sp500,2019,249,1.0256,0.484,0.1262,0.0266,1.4789,257236699.0
ADP,sp500,2020,250,1.1411,0.7321,0.2335,0.0077,2.7417,292032586.0
ADP,sp500,2021,249,0.868,0.3566,0.1512,0.0161,1.6473,288273432.0
ADP,sp500,2022,248,0.932,0.6324,0.1728,0.008,2.2551,369691716.0
ADP,sp500,2023,247,0.8587,0.2811,0.1793,0.0483,1.6295,370602930.0
ADP,sp500,2024,249,0.4264,0.1238,0.143,0.0574,1.4362,409677461.0
AZO,sp500,2012,246,0.4111,0.081,0.1763,0.2071,1.7084,173231467.0
AZO,sp500,2013,249,0.6798,0.1864,0.1543,0.1316,1.6014,122532072.0
AZO,sp500,2014,249,0.8009,0.2738,0.147,0.0537,1.5206,139133015.0
AZO,sp500,2015,249,0.756,0.4,0.1426,0.0059,1.6597,185128386.0
AZO,sp500,2016,249,0.6678,0.2108,0.1681,0.0417,1.6705,227643134.0
AZO,sp500,2017,248,0.4877,0.0145,0.2701,0.0818,2.0729,290124910.0
AZO,sp500,2018,248,0.4543,0.0788,0.2665,0.1365,2.3468,256519052.0
AZO,sp500,2019,249,0.7404,0.1816,0.1873,0.0914,1.8402,273295170.0
AZO,sp500,2020,250,0.8898,0.5058,0.2975,0.0405,2.9598,281823101.0
AZO,sp500,2021,249,0.7689,0.1958,0.2021,0.0223,2.0352,287621696.0
AZO,sp500,2022,248,0.5926,0.2336,0.2611,0.1376,2.5969,366284621.0
AZO,sp500,2023,247,0.5883,0.1288,0.1997,0.0426,1.7708,388532274.0
AZO,sp500,2024,249,0.4152,0.0631,0.2017,0.2591,1.8423,416445169.0
AVY,sp500,2012,246,1.1456,0.3214,0.2119,0.0176,2.095,20285057.0
AVY,sp500,2013,249,1.2428,0.4355,0.1537,0.0197,1.6745,25105932.0
AVY,sp500,2014,249,1.0941,0.4316,0.1415,0.0036,1.5637,32303965.0
AVY,sp500,2015,249,1.0036,0.5273,0.1464,0.0076,1.7419,37365597.0
AVY,sp500,2016,249,1.0522,0.3834,0.1735,0.0955,1.6646,46344274.0
AVY,sp500,2017,248,0.7521,0.0978,0.1537,0.0371,1.2812,50299902.0
AVY,sp500,2018,248,0.9032,0.418,0.1828,0.0144,1.891,64187283.0
AVY,sp500,2019,249,1.0468,0.3629,0.1653,0.0389,1.6729,56484868.0
AVY,sp500,2020,250,1.0609,0.5507,0.3241,0.0173,3.1058,63330009.0
AVY,sp500,2021,249,1.0842,0.3399,0.1959,0.0255,2.0828,87264036.0
AVY,sp500,2022,248,0.9663,0.4984,0.2358,0.0065,2.67,89954757.0
AVY,sp500,2023,247,1.0633,0.3866,0.1749,0.0088,1.9305,85108121.0
AVY,sp500,2024,249,0.7145,0.2608,0.1516,0.0204,1.6943,96604901.0
AXON,sp500,2012,246,0.9763,0.0688,0.4573,0.1335,3.7336,3316579.0
AXON,sp500,2013,249,1.3973,0.0945,0.4698,0.0864,3.9374,12151407.0
AXON,sp500,2014,249,1.7923,0.1352,0.5111,0.0397,4.5622,37797261.0
AXON,sp500,2015,249,1.29,0.1435,0.4855,0.0489,4.2081,53743910.0
AXON,sp500,2016,249,1.1875,0.1391,0.3842,0.0171,3.2635,24718511.0
AXON,sp500,2017,248,0.9559,0.0544,0.268,0.0586,2.5045,18578882.0
AXON,sp500,2018,248,0.9544,0.0866,0.5315,0.0805,3.8749,47037293.0
AXON,sp500,2019,249,1.375,0.1351,0.4147,0.0181,3.2382,45409632.0
AXON,sp500,2020,250,1.1198,0.3399,0.5278,0.0088,4.6519,70324152.0
AXON,sp500,2021,249,1.192,0.1203,0.4179,0.0618,3.9958,76472237.0
AXON,sp500,2022,248,1.3641,0.3961,0.4097,0.0394,4.1975,58727826.0
AXON,sp500,2023,247,0.8608,0.0956,0.3457,0.1689,2.6954,155361691.0
AXON,sp500,2024,249,1.1047,0.11,0.3961,0.0453,2.596,251613722.0
BKR,sp500,2012,246,1.291,0.295,0.2541,0.0055,2.6064,129798822.0
BKR,sp500,2013,249,1.2951,0.4013,0.1718,0.0075,1.9168,89677179.0
BKR,sp500,2014,249,1.1553,0.1799,0.2781,0.0205,2.3175,167553917.0
BKR,sp500,2015,249,1.2011,0.2772,0.2987,0.0073,2.8181,116044734.0
BKR,sp500,2016,249,1.5249,0.262,0.3329,0.0008,3.1646,100991758.0
BKR,sp500,2017,248,0.7424,0.0346,0.2637,0.3076,2.3919,93653072.0
BKR,sp500,2018,248,0.9257,0.2202,0.2988,0.0695,3.3151,118695622.0
BKR,sp500,2019,249,1.1763,0.1893,0.2902,0.0445,2.9037,100226856.0
BKR,sp500,2020,250,1.5208,0.5251,0.4892,0.0349,4.973,97266388.0
BKR,sp500,2021,249,1.1449,0.1562,0.345,0.1015,3.3749,173368598.0
BKR,sp500,2022,248,0.6664,0.1278,0.4234,0.078,3.9161,271355204.0
BKR,sp500,2023,247,0.9002,0.1904,0.2423,0.0927,2.4404,206065853.0
BKR,sp500,2024,249,0.7629,0.125,0.2544,0.0693,2.2383,233076543.0
BALL,sp500,2012,246,0.8156,0.3817,0.1322,0.0347,1.4709,35641211.0
BALL,sp500,2013,249,0.9294,0.3723,0.1311,0.0252,1.4005,37430136.0
BALL,sp500,2014,249,0.7946,0.2816,0.1431,0.0548,1.4391,51968562.0
BALL,sp500,2015,249,0.9919,0.3902,0.191,0.0262,1.9159,69093630.0
BALL,sp500,2016,249,1.0437,0.346,0.1866,0.038,1.75,103458758.0
BALL,sp500,2017,248,0.9646,0.1645,0.1463,0.1492,1.3366,86590351.0
BALL,sp500,2018,248,0.7325,0.3271,0.1802,0.0705,1.916,116596314.0
BALL,sp500,2019,249,0.5727,0.0949,0.2108,0.0796,1.9473,133664149.0
BALL,sp500,2020,250,0.8262,0.4959,0.2818,0.0377,2.9968,142584532.0
BALL,sp500,2021,249,0.4768,0.0779,0.2127,0.1362,1.9245,157811040.0
BALL,sp500,2022,248,0.9287,0.2858,0.3572,0.0042,3.0486,136826197.0
BALL,sp500,2023,247,0.9861,0.1614,0.2935,0.0383,2.5145,96736192.0
BALL,sp500,2024,249,0.779,0.1732,0.2145,0.0104,1.9271,112436603.0
BAC,sp500,2012,246,2.0362,0.4645,0.2784,0.0187,3.0095,1274218940.0
BAC,sp500,2013,249,1.3812,0.4128,0.1789,0.0203,1.9108,1213243560.0
BAC,sp500,2014,249,1.2087,0.4045,0.1653,0.0163,1.5975,1081777988.0
BAC,sp500,2015,249,1.2465,0.5675,0.1676,0.0081,1.8684,1092544244.0
BAC,sp500,2016,249,1.7524,0.5,0.2279,0.0171,2.3647,1334214063.0
BAC,sp500,2017,248,1.9343,0.3679,0.1706,0.0297,1.7315,1563707450.0
BAC,sp500,2018,248,1.099,0.5766,0.1615,0.0067,2.0847,1645741490.0
BAC,sp500,2019,249,1.2652,0.4368,0.1712,0.0087,1.756,1331233654.0
BAC,sp500,2020,250,1.4326,0.6806,0.332,0.0038,3.2474,1497093848.0
BAC,sp500,2021,249,0.9035,0.2209,0.22,0.0215,2.1405,1703939108.0
BAC,sp500,2022,248,0.957,0.5282,0.22,0.0087,2.6307,1558588537.0
BAC,sp500,2023,247,1.2085,0.3438,0.218,0.0958,2.1801,1325091583.0
BAC,sp500,2024,249,0.8219,0.2091,0.2015,0.0241,1.8949,1403979143.0
BAX,sp500,2012,246,0.7717,0.317,0.1442,0.0336,1.3303,132345784.0
BAX,sp500,2013,249,0.7578,0.2423,0.1456,0.0582,1.3516,177743327.0
BAX,sp500,2014,249,0.7502,0.3457,0.1163,0.0079,1.2568,165634582.0
BAX,sp500,2015,249,0.7634,0.3447,0.1621,0.0174,1.7051,240135312.0
BAX,sp500,2016,249,0.9169,0.3236,0.1724,0.0371,1.7675,219183991.0
BAX,sp500,2017,248,0.7191,0.1319,0.1241,0.152,1.2812,133999896.0
BAX,sp500,2018,248,0.9275,0.4596,0.1725,0.03,1.745,200002161.0
BAX,sp500,2019,249,0.8987,0.2833,0.1704,0.0234,1.5644,187732952.0
BAX,sp500,2020,250,0.7473,0.4626,0.2725,0.0546,2.5498,233262053.0
BAX,sp500,2021,249,0.3605,0.0634,0.1796,0.2106,1.6906,201257490.0
BAX,sp500,2022,248,0.5895,0.2181,0.2715,0.038,2.4429,211244185.0
BAX,sp500,2023,247,0.6726,0.0695,0.3213,0.1187,2.316,205648254.0
BAX,sp500,2024,249,0.4672,0.0478,0.2629,0.4921,2.2699,146298962.0
BDX,sp500,2012,246,0.7107,0.4539,0.0992,0.0331,1.1792,64799356.0
BDX,sp500,2013,249,0.8602,0.4655,0.1001,0.0152,1.2128,71406782.0
BDX,sp500,2014,249,0.7691,0.2771,0.14,0.0187,1.2859,99294221.0
BDX,sp500,2015,249,0.8754,0.5573,0.1202,0.0019,1.4866,132443780.0
BDX,sp500,2016,249,0.8219,0.3265,0.1535,0.0228,1.5641,138728545.0
BDX,sp500,2017,248,0.5209,0.0499,0.1529,0.1995,1.3256,220560297.0
BDX,sp500,2018,248,0.9355,0.5974,0.1317,0.0285,1.8273,239832145.0
BDX,sp500,2019,249,1.0713,0.3548,0.1722,0.0017,1.7587,253414272.0
BDX,sp500,2020,250,0.5622,0.2661,0.3159,0.0192,2.6554,400818266.0
BDX,sp500,2021,249,0.217,0.0233,0.1823,0.0307,1.6694,308306219.0
BDX,sp500,2022,248,0.5358,0.2855,0.2062,0.0349,2.1206,285343106.0
BDX,sp500,2023,247,0.5402,0.1299,0.1825,0.0473,1.561,296920762.0
BDX,sp500,2024,249,0.3171,0.0471,0.1797,0.1073,1.781,330253089.0
BRK-B,sp500,2012,246,0.7583,0.5882,0.0808,0.042,1.1089,354844046.0
BRK-B,sp500,2013,249,1.1065,0.6913,0.0803,0.008,1.1303,404907841.0
BRK-B,sp500,2014,249,0.9072,0.578,0.0874,0.0175,1.0992,454053689.0
BRK-B,sp500,2015,249,0.9841,0.7682,0.0833,0.0208,1.2162,501482748.0
BRK-B,sp500,2016,249,0.9071,0.6249,0.0914,0.0386,1.1475,527905578.0
BRK-B,sp500,2017,248,1.0732,0.4306,0.083,0.0113,0.9613,589830444.0
BRK-B,sp500,2018,248,1.0889,0.675,0.1296,0.0049,1.6639,921559902.0
BRK-B,sp500,2019,249,0.8687,0.5544,0.0928,0.0036,1.1632,791525295.0
BRK-B,sp500,2020,250,0.9228,0.7893,0.1613,0.0064,1.9358,1256416197.0
BRK-B,sp500,2021,249,0.7332,0.383,0.1206,0.016,1.3005,1228492227.0
BRK-B,sp500,2022,248,0.7584,0.6728,0.1287,0.0141,1.9013,1354001441.0
BRK-B,sp500,2023,247,0.7161,0.4706,0.0992,0.0257,1.2613,1116585779.0
BRK-B,sp500,2024,249,0.5312,0.2142,0.1282,0.0099,1.3031,1573823283.0
BBY,sp500,2012,246,1.0024,0.066,0.48,0.1761,3.5581,96656359.0
BBY,sp500,2013,249,1.4715,0.1319,0.4099,0.0607,3.3239,131061934.0
BBY,sp500,2014,249,1.3468,0.0988,0.4587,0.1392,2.9669,127279581.0
BBY,sp500,2015,249,0.9764,0.2029,0.2981,0.1039,2.3601,115548698.0
BBY,sp500,2016,249,0.7999,0.0773,0.3595,0.2644,2.6056,131778851.0
BBY,sp500,2017,248,0.8421,0.0254,0.3509,0.209,2.1574,167984074.0
BBY,sp500,2018,248,1.1369,0.3406,0.2713,0.026,2.8793,189944765.0
BBY,sp500,2019,249,1.3569,0.2297,0.2962,0.0272,2.3713,149917316.0
BBY,sp500,2020,250,1.1642,0.5755,0.3382,0.0536,3.4698,197283280.0
BBY,sp500,2021,249,1.0905,0.1754,0.3065,0.1316,2.6287,231079333.0
BBY,sp500,2022,248,1.194,0.4088,0.3492,0.0022,3.6607,212190199.0
BBY,sp500,2023,247,1.0842,0.2851,0.2242,0.0443,2.3031,157338299.0
BBY,sp500,2024,249,0.6418,0.0647,0.3076,0.0294,2.4441,234857591.0
TECH,sp500,2012,246,0.7988,0.2858,0.1608,0.0371,1.8765,6795807.0
TECH,sp500,2013,249,0.8187,0.2175,0.1686,0.0381,1.6707,10728384.0
TECH,sp500,2014,249,0.8803,0.2395,0.1768,0.0363,2.0869,16727210.0
TECH,sp500,2015,249,0.7323,0.2633,0.1887,0.09,2.2041,18376465.0
TECH,sp500,2016,249,0.7923,0.1922,0.2113,0.0413,2.4331,18731435.0
TECH,sp500,2017,248,0.8679,0.1308,0.1505,0.0969,1.8077,17892618.0
TECH,sp500,2018,248,1.0151,0.4216,0.2039,0.0118,2.3502,32318840.0
TECH,sp500,2019,249,1.1811,0.3416,0.1954,0.0071,2.309,30390371.0
TECH,sp500,2020,250,0.6875,0.362,0.3087,0.027,3.3299,48740547.0
TECH,sp500,2021,249,1.2699,0.2616,0.2766,0.0149,2.9454,107022272.0
TECH,sp500,2022,248,1.2377,0.5532,0.2706,0.0162,3.4641,91004076.0
TECH,sp500,2023,247,0.9873,0.1655,0.2894,0.0714,2.8062,75624851.0
TECH,sp500,2024,249,1.0298,0.1296,0.3363,0.1064,2.9638,71920442.0
BIIB,sp500,2012,246,0.9139,0.3591,0.1554,0.063,1.8531,158105855.0
BIIB,sp500,2013,249,1.4706,0.2389,0.2851,0.086,2.6348,284898111.0
BIIB,sp500,2014,249,1.7889,0.315,0.2973,0.0368,3.0351,466469223.0
BIIB,sp500,2015,249,1.2252,0.194,0.3846,0.0112,2.8138,751965871.0
BIIB,sp500,2016,249,1.2872,0.2265,0.3094,0.0522,2.5838,508132294.0
BIIB,sp500,2017,248,1.2086,0.1226,0.2176,0.0686,1.943,417557518.0
BIIB,sp500,2018,248,1.0066,0.2438,0.304,0.0121,2.62,495965348.0
BIIB,sp500,2019,249,0.6784,0.0275,0.481,0.0167,2.3603,487885034.0
BIIB,sp500,2020,250,0.8694,0.1935,0.6004,0.0236,3.2252,492707582.0
BIIB,sp500,2021,249,0.3333,0.0092,0.4472,0.2863,2.9661,425509539.0
BIIB,sp500,2022,248,0.8975,0.2235,0.4069,0.0783,2.8001,302137522.0
BIIB,sp500,2023,247,0.8054,0.2283,0.1933,0.0179,2.0873,277961480.0
BIIB,sp500,2024,249,0.6078,0.091,0.2421,0.1653,2.3349,245855734.0
BLK,sp500,2012,246,1.0635,0.4396,0.1529,0.021,1.8593,109369479.0
BLK,sp500,2013,249,1.8057,0.674,0.1364,0.0286,1.9233,137766156.0
BLK,sp500,2014,249,1.4744,0.698,0.1093,0.0042,1.6723,145285153.0
BLK,sp500,2015,249,1.1822,0.6643,0.1294,0.0064,1.7962,170090034.0
BLK,sp500,2016,249,1.5799,0.6867,0.1388,0.0122,1.859,184172450.0
BLK,sp500,2017,248,1.3978,0.4483,0.1043,0.0241,1.29,173455260.0
BLK,sp500,2018,248,1.2156,0.6066,0.1679,0.018,2.2179,270618160.0
BLK,sp500,2019,249,1.3569,0.6492,0.1189,0.01,1.6455,203439264.0
BLK,sp500,2020,250,1.2067,0.7182,0.2557,0.0056,2.7918,409944569.0
BLK,sp500,2021,249,1.318,0.5766,0.1464,0.0101,1.8127,414909141.0
BLK,sp500,2022,248,1.2734,0.7149,0.1956,0.0089,2.7438,525297845.0
BLK,sp500,2023,247,1.2319,0.5385,0.1489,0.02,1.771,414911824.0
BLK,sp500,2024,249,0.8337,0.3464,0.1443,0.0105,1.6715,492740176.0
BX,sp500,2012,246,1.1514,0.2878,0.2306,0.0154,2.7111,23636972.0
BX,sp500,2013,249,1.7245,0.3973,0.2307,0.0241,2.6608,58474357.0
BX,sp500,2014,249,1.2992,0.375,0.1891,0.0399,2.437,88069946.0
BX,sp500,2015,249,1.2127,0.4244,0.2176,0.0504,2.6048,100732104.0
BX,sp500,2016,249,1.8256,0.473,0.2507,0.0598,2.8752,78136076.0
BX,sp500,2017,248,1.2976,0.261,0.1469,0.1471,1.7256,86948485.0
BX,sp500,2018,248,0.9587,0.4041,0.1996,0.0374,2.4201,122331261.0
BX,sp500,2019,249,1.1733,0.3261,0.201,0.0054,2.207,184866079.0
BX,sp500,2020,250,1.3301,0.7243,0.2776,0.0333,3.4914,180166667.0
BX,sp500,2021,249,1.3497,0.3545,0.2361,0.0135,2.4061,310337416.0
BX,sp500,2022,248,1.749,0.6308,0.3255,0.0055,4.1225,429523934.0
BX,sp500,2023,247,1.8204,0.4683,0.2533,0.0201,2.8294,426471065.0
BX,sp500,2024,249,1.3553,0.3588,0.2283,0.0345,2.4358,447172624.0
XYZ,sp500,2016,249,1.1643,0.0837,0.5012,0.1658,4.3035,43722264.0
XYZ,sp500,2017,248,1.9361,0.1049,0.3806,0.1274,3.2498,278647774.0
XYZ,sp500,2018,248,2.1995,0.42,0.4433,0.0032,4.8864,879053143.0
XYZ,sp500,2019,249,1.8501,0.3019,0.3353,0.0263,3.1589,647271286.0
XYZ,sp500,2020,250,1.5086,0.4636,0.5489,0.0185,5.4129,1379965289.0
XYZ,sp500,2021,249,2.0093,0.2636,0.4354,0.0299,4.277,2085179536.0
XYZ,sp500,2022,248,2.7593,0.5739,0.5784,0.0061,6.9084,1490813128.0
XYZ,sp500,2023,247,2.1872,0.3163,0.4198,0.1124,3.8302,785013289.0
XYZ,sp500,2024,249,1.9962,0.2854,0.3981,0.0501,3.5799,591440995.0
BNY,sp500,2012,246,1.4734,0.5261,0.178,0.0309,2.0409,118340581.0
BNY,sp500,2013,249,1.4321,0.6472,0.1149,0.0003,1.6538,113212865.0
BNY,sp500,2014,249,0.9889,0.418,0.1315,0.0026,1.5228,145639970.0
BNY,sp500,2015,249,1.1901,0.6245,0.1422,0.0051,1.6412,186098020.0
BNY,sp500,2016,249,1.3956,0.5246,0.1728,0.0056,1.7828,181654972.0
BNY,sp500,2017,248,1.2837,0.349,0.118,0.0295,1.334,176805721.0
BNY,sp500,2018,248,0.8775,0.4075,0.1815,0.0012,1.9911,228289799.0
BNY,sp500,2019,249,0.9583,0.2555,0.195,0.0295,1.7619,188629655.0
BNY,sp500,2020,250,1.1314,0.6081,0.3072,0.0211,3.0582,184197129.0
BNY,sp500,2021,249,0.8049,0.1745,0.227,0.046,2.0717,213181795.0
BNY,sp500,2022,248,0.9496,0.5396,0.2134,0.0176,2.5767,202330575.0
BNY,sp500,2023,247,1.0429,0.3157,0.2005,0.0109,1.9497,209603636.0
BNY,sp500,2024,249,0.6395,0.2078,0.1574,0.0016,1.5824,235672865.0
BA,sp500,2012,246,1.0156,0.4811,0.1343,0.0126,1.5122,265117646.0
BA,sp500,2013,249,0.9943,0.2616,0.1814,0.0065,1.6332,441556022.0
BA,sp500,2014,249,1.0462,0.3704,0.1538,0.0041,1.5125,479828062.0
BA,sp500,2015,249,1.0133,0.5127,0.1522,0.004,1.6709,495840054.0
BA,sp500,2016,249,1.2208,0.4306,0.1826,0.0439,1.7962,521596535.0
BA,sp500,2017,248,0.9682,0.1411,0.1607,0.1779,1.3273,672982778.0
BA,sp500,2018,248,1.3099,0.5065,0.2217,0.0099,2.5549,1477516129.0
BA,sp500,2019,249,0.9102,0.1453,0.2631,0.0799,2.0956,1937097123.0
BA,sp500,2020,250,1.8232,0.4889,0.6306,0.04,5.1846,5070591061.0
BA,sp500,2021,249,1.4523,0.2851,0.2981,0.0072,2.7256,2745838595.0
BA,sp500,2022,248,1.2255,0.401,0.3644,0.0031,3.8145,1457352179.0
BA,sp500,2023,247,1.0307,0.251,0.2324,0.0223,2.2971,1198393861.0
BA,sp500,2024,249,0.6632,0.0589,0.3342,0.19,2.795,1646735285.0
BKNG,sp500,2012,246,1.2109,0.1842,0.3244,0.114,2.3779,622450687.0
BKNG,sp500,2013,249,1.1858,0.3356,0.1812,0.0382,1.8435,542259045.0
BKNG,sp500,2014,249,1.5387,0.3847,0.2194,0.0324,2.1557,973787953.0
BKNG,sp500,2015,249,0.9762,0.3174,0.2205,0.0282,1.9208,787771928.0
BKNG,sp500,2016,249,1.5108,0.4366,0.2232,0.0856,2.0228,744183837.0
BKNG,sp500,2017,248,0.9101,0.0755,0.2143,0.0375,1.3008,793854280.0
BKNG,sp500,2018,248,0.942,0.4165,0.1912,0.0013,2.1383,821041390.0
BKNG,sp500,2019,249,1.095,0.2705,0.2143,0.0189,1.7645,700681369.0
BKNG,sp500,2020,250,1.1373,0.5474,0.3498,0.0133,3.5105,808587803.0
BKNG,sp500,2021,249,1.4139,0.305,0.2767,0.0227,2.7026,774777026.0
BKNG,sp500,2022,248,1.1915,0.4567,0.3161,0.0153,3.3773,829211262.0
BKNG,sp500,2023,247,1.0165,0.2909,0.2072,0.0279,2.0501,806294578.0
BKNG,sp500,2024,249,1.058,0.2513,0.2302,0.0524,1.9402,940352719.0
BSX,sp500,2012,246,1.1715,0.3009,0.2274,0.0125,2.5216,77552642.0
BSX,sp500,2013,249,1.1212,0.1818,0.2584,0.0074,2.4246,158663761.0
BSX,sp500,2014,249,1.1373,0.2709,0.2103,0.0033,2.1117,155277597.0
BSX,sp500,2015,249,1.1043,0.3705,0.2217,0.003,2.1241,172554539.0
BSX,sp500,2016,249,1.0056,0.2981,0.2007,0.0424,1.9061,202364644.0
BSX,sp500,2017,248,0.7734,0.0812,0.175,0.161,1.4784,185446845.0
BSX,sp500,2018,248,1.1826,0.4941,0.2052,0.002,2.3235,244308886.0
BSX,sp500,2019,249,1.0906,0.3208,0.1892,0.041,1.9746,278826367.0
BSX,sp500,2020,250,1.064,0.6347,0.273,0.0141,2.9666,402771135.0
BSX,sp500,2021,249,0.9111,0.2658,0.1963,0.0393,2.0033,314634882.0
BSX,sp500,2022,248,0.7656,0.4639,0.2002,0.0476,2.2766,328631735.0
BSX,sp500,2023,247,0.5308,0.1197,0.1879,0.0824,1.7394,405355775.0
BSX,sp500,2024,249,0.5256,0.157,0.1535,0.0452,1.5659,448899889.0
BMY,sp500,2012,246,0.6412,0.2116,0.1576,0.0629,1.2914,212043965.0
BMY,sp500,2013,249,1.0468,0.2749,0.1847,0.055,1.7475,245076130.0
BMY,sp500,2014,249,1.0725,0.2703,0.1986,0.0588,1.8621,267459236.0
BMY,sp500,2015,249,0.9628,0.3709,0.1931,0.0182,2.0981,289752633.0
BMY,sp500,2016,249,0.7563,0.108,0.2826,0.0615,1.9344,392416435.0
BMY,sp500,2017,248,0.6011,0.0304,0.2283,0.4444,1.6935,331238421.0
BMY,sp500,2018,248,0.7346,0.2287,0.2314,0.0335,2.1516,331696485.0
BMY,sp500,2019,249,0.7216,0.1578,0.1987,0.0799,1.9937,604044897.0
BMY,sp500,2020,250,0.6336,0.5157,0.2077,0.0253,2.3766,623855512.0
BMY,sp500,2021,249,0.359,0.0617,0.1815,0.0923,1.7012,565822431.0
BMY,sp500,2022,248,0.2834,0.1207,0.1861,0.0894,1.8847,733021257.0
BMY,sp500,2023,247,0.4405,0.0866,0.1868,0.0865,1.7194,545175458.0
BMY,sp500,2024,249,0.141,0.004,0.2815,0.7857,2.2103,619366030.0
AVGO,sp500,2012,246,1.628,0.3712,0.2698,0.0048,2.6361,54043346.0
AVGO,sp500,2013,249,1.2248,0.1975,0.2681,0.0244,2.2099,72707610.0
AVGO,sp500,2014,249,1.6854,0.3503,0.2588,0.0112,2.5923,131397352.0
AVGO,sp500,2015,249,1.4165,0.2958,0.3366,0.065,2.9949,307392709.0
AVGO,sp500,2016,249,1.5377,0.4609,0.2163,0.016,2.384,373589689.0
AVGO,sp500,2017,248,1.7237,0.2337,0.21,0.0349,2.0181,519442422.0
AVGO,sp500,2018,248,1.0902,0.2723,0.3057,0.0568,2.6694,800928397.0
AVGO,sp500,2019,249,1.4402,0.368,0.2249,0.0467,2.1565,611820181.0
AVGO,sp500,2020,250,1.2893,0.6924,0.2907,0.0524,3.0832,648938970.0
AVGO,sp500,2021,249,1.5105,0.4735,0.2065,0.0419,2.1947,853154936.0
AVGO,sp500,2022,248,1.2857,0.706,0.2018,0.0035,2.8871,1200151277.0
AVGO,sp500,2023,247,1.4643,0.3621,0.2538,0.0174,2.4284,2098667018.0
AVGO,sp500,2024,249,2.5915,0.3842,0.4135,0.0153,3.4072,4691082833.0
BR,sp500,2012,246,0.8536,0.4157,0.1289,0.0011,1.6646,9374279.0
BR,sp500,2013,249,0.7832,0.2317,0.1549,0.0097,1.5857,15375138.0
BR,sp500,2014,249,1.1495,0.5858,0.109,0.0032,1.529,19345315.0
BR,sp500,2015,249,0.9015,0.4764,0.1456,0.0042,1.6286,29736899.0
BR,sp500,2016,249,0.8845,0.3813,0.1465,0.0534,1.5146,37019862.0
BR,sp500,2017,248,1.095,0.2729,0.1202,0.0316,1.1801,30109631.0
BR,sp500,2018,248,0.9115,0.357,0.2098,0.0239,2.0322,96119817.0
BR,sp500,2019,249,0.9693,0.3521,0.1567,0.0048,1.6386,75391007.0
BR,sp500,2020,250,0.809,0.568,0.2386,0.02,2.5151,76580012.0
BR,sp500,2021,249,0.9429,0.3715,0.159,0.0067,1.6613,75871328.0
BR,sp500,2022,248,0.9477,0.5859,0.1938,0.0006,2.3693,76948154.0
BR,sp500,2023,247,0.7844,0.2801,0.1642,0.1015,1.6323,83960404.0
BR,sp500,2024,249,0.6621,0.2163,0.1588,0.0485,1.5541,102906574.0
BRO,sp500,2012,246,0.6783,0.2386,0.1543,0.0367,1.6598,18482807.0
BRO,sp500,2013,249,0.8765,0.3284,0.1361,0.0557,1.5253,20659881.0
BRO,sp500,2014,249,0.7146,0.2264,0.1489,0.0876,1.3332,22761726.0
BRO,sp500,2015,249,0.795,0.5936,0.1013,0.0177,1.4671,19366706.0
BRO,sp500,2016,249,0.8612,0.4115,0.134,0.0113,1.3415,23753251.0
BRO,sp500,2017,248,0.745,0.1624,0.1138,0.0863,1.208,24081115.0
BRO,sp500,2018,248,0.6607,0.4848,0.1168,0.0127,1.5761,29228154.0
BRO,sp500,2019,249,0.8192,0.3288,0.1395,0.0282,1.4233,39645132.0
BRO,sp500,2020,250,0.9396,0.6954,0.2104,0.0132,2.5595,52682572.0
BRO,sp500,2021,249,0.9299,0.3681,0.1579,0.0265,1.7004,70432739.0
BRO,sp500,2022,248,0.9297,0.4692,0.2405,0.0031,2.4876,94634246.0
BRO,sp500,2023,247,0.7682,0.2422,0.1774,0.1101,1.679,78394246.0
BRO,sp500,2024,249,0.5224,0.1341,0.1673,0.048,1.5326,119885448.0
BF-B,sp500,2012,246,0.778,0.3343,0.1398,0.1228,1.5912,18205696.0
BF-B,sp500,2013,249,1.0771,0.5007,0.1168,0.0051,1.5579,18038979.0
BF-B,sp500,2014,249,0.8801,0.3442,0.1369,0.0033,1.52,31360901.0
BF-B,sp500,2015,249,0.7633,0.4265,0.1363,0.014,1.623,48276024.0
BF-B,sp500,2016,249,0.7556,0.2757,0.1593,0.0245,1.6208,47176760.0
BF-B,sp500,2017,248,0.2926,0.01,0.1962,0.7279,1.5223,39193588.0
BF-B,sp500,2018,248,0.7985,0.2976,0.2104,0.0106,2.1436,58744487.0
BF-B,sp500,2019,249,0.749,0.2061,0.1752,0.0408,1.6306,62510476.0
BF-B,sp500,2020,250,0.8513,0.5175,0.2781,0.0814,2.9644,56555937.0
BF-B,sp500,2021,249,0.6212,0.1616,0.1834,0.0434,1.7573,55822408.0
BF-B,sp500,2022,248,0.6505,0.377,0.2034,0.0142,2.0555,67935316.0
BF-B,sp500,2023,247,0.7813,0.179,0.2185,0.022,1.7708,81317752.0
BF-B,sp500,2024,249,0.2081,0.0099,0.2624,0.1891,2.1414,92403906.0
BLDR,sp500,2012,246,2.4173,0.2358,0.554,0.0997,5.7165,1461254.0
BLDR,sp500,2013,249,2.1525,0.3119,0.3473,0.0084,4.0272,2416716.0
BLDR,sp500,2014,249,1.8575,0.2611,0.3523,0.0158,3.8925,2734717.0
BLDR,sp500,2015,249,1.137,0.0585,0.7024,0.2112,4.2562,13787474.0
BLDR,sp500,2016,249,2.2449,0.3822,0.3712,0.1509,4.3603,14414000.0
BLDR,sp500,2017,248,2.3572,0.2289,0.2911,0.0808,2.9615,19689623.0
BLDR,sp500,2018,248,1.0229,0.1691,0.3888,0.0446,3.7098,21216664.0
BLDR,sp500,2019,249,1.066,0.1358,0.3206,0.1543,2.9311,19342120.0
BLDR,sp500,2020,250,1.7167,0.4987,0.5822,0.0586,5.5147,51374847.0
BLDR,sp500,2021,249,1.743,0.3582,0.3025,0.0211,3.3493,127408459.0
BLDR,sp500,2022,248,1.5086,0.4935,0.3718,0.0035,4.3275,156187141.0
BLDR,sp500,2023,247,1.6603,0.2678,0.3585,0.023,3.1571,228841613.0
BLDR,sp500,2024,249,1.4981,0.1855,0.3956,0.0825,3.2467,263696783.0
BG,sp500,2012,246,0.8518,0.3308,0.1542,0.021,1.6269,49819234.0
BG,sp500,2013,249,0.6553,0.1478,0.1709,0.0473,1.4828,47998864.0
BG,sp500,2014,249,0.7031,0.1829,0.1675,0.0058,1.4604,55982172.0
BG,sp500,2015,249,0.5994,0.1428,0.2262,0.055,1.7817,59167230.0
BG,sp500,2016,249,1.074,0.1609,0.319,0.0377,2.2941,56725817.0
BG,sp500,2017,248,1.0217,0.0552,0.2844,0.1481,1.9439,71762017.0
BG,sp500,2018,248,0.4421,0.0768,0.2629,0.1778,2.2512,84681706.0
BG,sp500,2019,249,0.7395,0.1328,0.2252,0.0449,2.067,55376185.0
BG,sp500,2020,250,0.9855,0.4652,0.3574,0.0232,3.521,52169930.0
BG,sp500,2021,249,0.9732,0.2231,0.2354,0.0167,2.4879,82451030.0
BG,sp500,2022,248,0.5224,0.1423,0.312,0.0346,2.9693,130945505.0
BG,sp500,2023,247,0.7728,0.1274,0.2641,0.0667,2.3349,125021025.0
BG,sp500,2024,249,0.3116,0.025,0.2451,0.2474,2.1461,142205969.0
BXP,sp500,2012,246,0.8073,0.4387,0.1162,0.0012,1.4275,50833606.0
BXP,sp500,2013,249,1.01,0.3175,0.1608,0.0439,1.6619,59920847.0
BXP,sp500,2014,249,0.6068,0.2478,0.1192,0.0358,1.3834,56086283.0
BXP,sp500,2015,249,0.8904,0.4507,0.1514,0.0046,1.8053,65250911.0
BXP,sp500,2016,249,0.9405,0.3603,0.163,0.0242,1.7392,65932061.0
BXP,sp500,2017,248,0.444,0.0403,0.1459,0.4246,1.4431,58463169.0
BXP,sp500,2018,248,0.6489,0.2858,0.1759,0.0222,1.8273,64582623.0
BXP,sp500,2019,249,0.6428,0.2359,0.1379,0.0311,1.5197,63768351.0
BXP,sp500,2020,250,1.2227,0.4975,0.4156,0.02,3.7207,96107740.0
BXP,sp500,2021,249,0.8722,0.1874,0.2355,0.0306,2.2779,77326752.0
BXP,sp500,2022,248,0.8442,0.4725,0.217,0.0044,2.5863,87581223.0
BXP,sp500,2023,247,1.6827,0.2637,0.3671,0.0281,3.3029,82389894.0
BXP,sp500,2024,249,1.1788,0.2317,0.2705,0.1375,2.6972,78645023.0
CHRW,sp500,2012,246,0.7716,0.1701,0.217,0.0653,1.8022,57974949.0
CHRW,sp500,2013,249,0.8434,0.1783,0.1967,0.0746,1.6008,66766378.0
CHRW,sp500,2014,249,0.7914,0.1806,0.19,0.0165,1.5239,76749529.0
CHRW,sp500,2015,249,0.964,0.3641,0.1962,0.0294,1.8338,87615517.0
CHRW,sp500,2016,249,0.4509,0.1103,0.1665,0.0522,1.6332,83230330.0
CHRW,sp500,2017,248,0.8928,0.1025,0.1777,0.0778,1.5553,91340305.0
CHRW,sp500,2018,248,0.7666,0.3011,0.2003,0.0976,2.1739,97877525.0
CHRW,sp500,2019,249,0.7625,0.1158,0.2512,0.0371,1.9384,94975727.0
CHRW,sp500,2020,250,0.5556,0.3229,0.2722,0.0106,2.8022,117807798.0
CHRW,sp500,2021,249,0.7724,0.198,0.2015,0.0685,2.0763,89670796.0
CHRW,sp500,2022,248,0.6673,0.2222,0.3037,0.04,2.6988,123984973.0
CHRW,sp500,2023,247,0.8602,0.1985,0.2257,0.0327,2.1858,102310140.0
CHRW,sp500,2024,249,0.2876,0.0134,0.3113,0.6511,2.2201,125424990.0
CDNS,sp500,2012,246,1.312,0.4438,0.187,0.0248,2.3125,34242990.0
CDNS,sp500,2013,249,0.8701,0.16,0.2165,0.0422,1.9815,45089225.0
CDNS,sp500,2014,249,1.0062,0.3249,0.1635,0.0682,2.0764,51740457.0
CDNS,sp500,2015,249,0.9315,0.3497,0.1957,0.0193,2.1249,65439073.0
CDNS,sp500,2016,249,1.076,0.4147,0.1663,0.0299,1.9066,59156269.0
CDNS,sp500,2017,248,1.0233,0.1199,0.1865,0.1783,1.5559,85363244.0
CDNS,sp500,2018,248,1.1035,0.3726,0.2456,0.0109,2.1981,90876424.0
CDNS,sp500,2019,249,1.5656,0.5301,0.1757,0.0016,2.0887,125991571.0
CDNS,sp500,2020,250,1.1043,0.6495,0.2744,0.0209,3.1644,168485099.0
CDNS,sp500,2021,249,1.6789,0.4346,0.2483,0.0474,2.4532,209745801.0
CDNS,sp500,2022,248,1.3329,0.6323,0.2473,0.0065,3.2041,272983073.0
CDNS,sp500,2023,247,1.2585,0.3626,0.2178,0.0146,2.2653,364028463.0
CDNS,sp500,2024,249,1.8476,0.4524,0.2562,0.0132,2.5418,501399116.0
CPT,sp500,2012,246,0.5724,0.2219,0.1364,0.0153,1.5393,25210022.0
CPT,sp500,2013,249,0.7474,0.1837,0.1711,0.051,1.7742,23468893.0
CPT,sp500,2014,249,0.458,0.13,0.1336,0.0852,1.3944,25277683.0
CPT,sp500,2015,249,0.7027,0.3092,0.1618,0.0266,1.8568,32505926.0
CPT,sp500,2016,249,0.6431,0.1719,0.1836,0.0095,1.8665,35593442.0
CPT,sp500,2017,248,0.4027,0.0401,0.1326,0.0973,1.3772,38962861.0
CPT,sp500,2018,248,0.4944,0.1965,0.1714,0.0327,1.7585,38149475.0
CPT,sp500,2019,249,0.3508,0.0909,0.1323,0.0564,1.4386,40061394.0
CPT,sp500,2020,250,1.0598,0.5661,0.3138,0.0452,3.238,61302736.0
CPT,sp500,2021,249,0.5401,0.1417,0.1723,0.0947,1.8836,74780362.0
CPT,sp500,2022,248,0.6659,0.3724,0.2103,0.0073,2.3923,119213249.0
CPT,sp500,2023,247,1.0304,0.3112,0.2001,0.0367,2.0461,78277208.0
CPT,sp500,2024,249,0.5434,0.1082,0.1966,0.2417,1.851,95591244.0
COF,sp500,2012,246,1.2951,0.4119,0.197,0.0058,2.1137,200661711.0
COF,sp500,2013,249,1.0971,0.3377,0.1669,0.0089,1.5945,185198271.0
COF,sp500,2014,249,1.0957,0.518,0.1191,0.0033,1.3663,188888638.0
COF,sp500,2015,249,1.1379,0.4456,0.1955,0.0145,1.6297,187834934.0
COF,sp500,2016,249,1.466,0.4619,0.2058,0.0338,2.0887,213447851.0
COF,sp500,2017,248,1.5364,0.2548,0.1768,0.0106,1.6617,186843296.0
COF,sp500,2018,248,1.0835,0.5913,0.1545,0.0009,2.1152,206595273.0
COF,sp500,2019,249,1.3038,0.4272,0.18,0.0068,1.7922,177217319.0
COF,sp500,2020,250,1.6707,0.5907,0.4704,0.0034,4.2813,245063389.0
COF,sp500,2021,249,1.104,0.2175,0.2715,0.0055,2.6005,403920189.0
COF,sp500,2022,248,1.2943,0.5466,0.2868,0.0189,3.2923,306972338.0
COF,sp500,2023,247,1.4542,0.3459,0.2611,0.0281,2.6349,284281612.0
COF,sp500,2024,249,1.0604,0.202,0.2657,0.0108,2.2108,370596779.0
CAH,sp500,2012,246,0.6069,0.2177,0.1465,0.0553,1.5261,73956387.0
CAH,sp500,2013,249,0.8262,0.2311,0.1637,0.013,1.4546,101321787.0
CAH,sp500,2014,249,1.0811,0.3841,0.1543,0.0056,1.5651,107254372.0
CAH,sp500,2015,249,0.9345,0.4939,0.1457,0.017,1.7394,136272531.0
CAH,sp500,2016,249,1.0581,0.2708,0.2258,0.0576,1.8644,144556330.0
CAH,sp500,2017,248,0.942,0.0682,0.2343,0.2137,1.7429,133779669.0
CAH,sp500,2018,248,0.9052,0.1731,0.3392,0.0978,2.6768,153259354.0
CAH,sp500,2019,249,0.9666,0.1678,0.2566,0.1329,2.3886,114502817.0
CAH,sp500,2020,250,0.9657,0.5045,0.3238,0.013,3.2812,111924725.0
CAH,sp500,2021,249,0.6041,0.0852,0.2567,0.0309,2.0697,123325991.0
CAH,sp500,2022,248,0.5001,0.1998,0.2435,0.0121,2.4413,167613252.0
CAH,sp500,2023,247,0.4934,0.0932,0.2009,0.1275,1.7359,188143201.0
CAH,sp500,2024,249,0.1198,0.0049,0.2155,0.744,1.9358,221171059.0
CCL,sp500,2012,246,1.0891,0.2577,0.2353,0.0594,1.868,118187042.0
CCL,sp500,2013,249,0.9229,0.2253,0.1859,0.0184,1.4999,132144325.0
CCL,sp500,2014,249,1.1867,0.34,0.1864,0.0422,1.6671,129401114.0
CCL,sp500,2015,249,1.0479,0.4072,0.1948,0.0221,1.7892,166562597.0
CCL,sp500,2016,249,1.2576,0.3405,0.2276,0.0573,1.9961,202692722.0
CCL,sp500,2017,248,1.0357,0.1803,0.1486,0.0827,1.3637,177575788.0
CCL,sp500,2018,248,0.874,0.3305,0.2133,0.0393,1.9703,220899212.0
CCL,sp500,2019,249,0.9887,0.1889,0.2442,0.0983,1.7763,191739965.0
CCL,sp500,2020,250,2.1535,0.3438,1.0065,0.085,7.5148,752545413.0
CCL,sp500,2021,249,1.3935,0.1244,0.4794,0.1644,4.5387,838833811.0
CCL,sp500,2022,248,2.0154,0.3897,0.6135,0.0256,5.9039,589132262.0
CCL,sp500,2023,247,2.1797,0.3419,0.3948,0.0359,4.0448,462008908.0
CCL,sp500,2024,249,1.4694,0.2019,0.3682,0.0052,3.3428,494086928.0
CARR,sp500,2020,196,0.9223,0.1249,0.5749,0.4229,4.4399,170030781.0
CARR,sp500,2021,249,1.041,0.2536,0.2316,0.039,2.3131,212118234.0
CARR,sp500,2022,248,1.0921,0.6277,0.2046,0.0101,2.7613,179780900.0
CARR,sp500,2023,247,1.2648,0.3047,0.2495,0.0236,2.473,231520948.0
CARR,sp500,2024,249,1.2684,0.3107,0.2381,0.0308,2.2599,269715285.0
CVNA,sp500,2017,167,1.3575,0.0128,0.8016,0.2796,7.3913,11503125.0
CVNA,sp500,2018,248,1.8616,0.2167,0.6069,0.0156,6.5661,46391422.0
CVNA,sp500,2019,249,1.9685,0.1562,0.5454,0.0595,5.067,104986719.0
CVNA,sp500,2020,250,1.8578,0.3199,0.9163,0.0131,7.5571,297921449.0
CVNA,sp500,2021,249,1.6541,0.176,0.464,0.0089,4.4885,393223160.0
CVNA,sp500,2022,248,3.2327,0.2435,1.386,0.0122,12.2945,403817492.0
CVNA,sp500,2023,247,4.0991,0.1417,1.3171,0.1448,11.6519,458296187.0
CVNA,sp500,2024,249,2.0664,0.1255,0.6874,0.0798,5.5655,520582810.0
CASY,sp500,2012,246,0.7877,0.1386,0.25,0.1601,2.1885,13043421.0
CASY,sp500,2013,249,1.0896,0.273,0.1931,0.0608,2.1055,13378043.0
CASY,sp500,2014,249,0.7958,0.1643,0.2024,0.1875,2.1422,15785744.0
CASY,sp500,2015,249,0.6921,0.2038,0.2107,0.0074,2.2519,31365105.0
CASY,sp500,2016,249,0.5006,0.0581,0.2623,0.2017,2.2268,52656615.0
CASY,sp500,2017,248,0.4422,0.0178,0.2208,0.332,1.76,52254613.0
CASY,sp500,2018,248,0.5971,0.1816,0.2174,0.0277,2.3086,45813219.0
CASY,sp500,2019,249,0.5513,0.0911,0.2076,0.0197,1.8575,46017343.0
CASY,sp500,2020,250,0.843,0.4199,0.3352,0.059,3.1977,47012686.0
CASY,sp500,2021,249,0.6221,0.1115,0.2277,0.045,2.0746,39779948.0
CASY,sp500,2022,248,0.6234,0.3091,0.2267,0.007,2.3757,54706268.0
CASY,sp500,2023,247,0.4044,0.058,0.2128,0.0796,1.8766,61776749.0
CASY,sp500,2024,249,0.7767,0.12,0.2651,0.0357,2.0602,92195064.0
CAT,sp500,2012,246,1.4691,0.5113,0.1828,0.0043,2.1393,463217993.0
CAT,sp500,2013,249,0.9168,0.3219,0.1445,0.0233,1.4499,369625819.0
CAT,sp500,2014,249,1.0837,0.3738,0.1581,0.0437,1.5296,368672090.0
CAT,sp500,2015,249,1.0126,0.3847,0.1973,0.0209,1.9456,369096727.0
CAT,sp500,2016,249,1.3853,0.449,0.1996,0.0262,2.0666,335723235.0
CAT,sp500,2017,248,1.4822,0.2421,0.1764,0.0187,1.5104,394509051.0
CAT,sp500,2018,248,1.4781,0.592,0.2105,0.001,2.696,667465796.0
CAT,sp500,2019,249,1.4033,0.4031,0.2036,0.0084,1.9008,466458961.0
CAT,sp500,2020,250,1.022,0.5781,0.2954,0.0211,2.9723,464067539.0
CAT,sp500,2021,249,0.9304,0.2321,0.2194,0.0437,2.1649,646528376.0
CAT,sp500,2022,248,0.7863,0.3299,0.2726,0.0197,2.6609,626407585.0
CAT,sp500,2023,247,1.1168,0.2593,0.2464,0.0493,2.2148,724308858.0
CAT,sp500,2024,249,1.2099,0.3456,0.2098,0.0469,2.0536,855149208.0
CBOE,sp500,2012,246,0.5001,0.1553,0.1485,0.056,1.5395,13661031.0
CBOE,sp500,2013,249,0.9882,0.3093,0.1604,0.073,1.7911,19428977.0
CBOE,sp500,2014,249,0.7509,0.1474,0.2036,0.0202,2.0518,30280061.0
CBOE,sp500,2015,249,0.461,0.1431,0.1738,0.1568,1.7885,34272448.0
CBOE,sp500,2016,249,0.4071,0.0812,0.1782,0.0154,1.747,36077410.0
CBOE,sp500,2017,248,0.6082,0.0939,0.1271,0.1774,1.4101,93590850.0
CBOE,sp500,2018,248,0.4702,0.0918,0.2536,0.2435,2.483,107039722.0
CBOE,sp500,2019,249,0.1977,0.0155,0.1877,0.6593,2.1852,67706032.0
CBOE,sp500,2020,250,0.8016,0.3801,0.3462,0.1349,3.38,78603794.0
CBOE,sp500,2021,249,0.6158,0.0925,0.2501,0.2773,2.5795,65075302.0
CBOE,sp500,2022,248,0.536,0.2606,0.2196,0.1877,2.5763,74743281.0
CBOE,sp500,2023,247,0.2475,0.0335,0.1736,0.2432,1.7805,100245388.0
CBOE,sp500,2024,249,-0.5016,0.0902,0.2008,0.2279,2.0265,157838052.0
CBRE,sp500,2012,246,1.8881,0.477,0.2517,0.0206,2.9093,57977018.0
CBRE,sp500,2013,249,1.4262,0.4084,0.1864,0.0161,2.1155,63918503.0
CBRE,sp500,2014,249,1.0524,0.321,0.1725,0.0209,1.6734,59561750.0
CBRE,sp500,2015,249,1.1892,0.5083,0.1801,0.0231,1.8454,67661712.0
CBRE,sp500,2016,249,1.9395,0.5296,0.2377,0.0474,2.5771,81523818.0
CBRE,sp500,2017,248,1.5476,0.2829,0.1658,0.0422,1.6424,71460643.0
CBRE,sp500,2018,248,1.0047,0.5204,0.1654,0.026,2.1312,87897841.0
CBRE,sp500,2019,249,1.2814,0.4812,0.1586,0.0214,1.8136,76866909.0
CBRE,sp500,2020,250,1.3559,0.5338,0.4286,0.0324,3.8559,94955931.0
CBRE,sp500,2021,249,1.1644,0.3146,0.2228,0.0325,2.3244,130062215.0
CBRE,sp500,2022,248,1.1275,0.6437,0.204,0.0078,2.6613,147424290.0
CBRE,sp500,2023,247,1.3853,0.4073,0.2182,0.0103,2.2889,132697351.0
CBRE,sp500,2024,249,0.8355,0.1537,0.2471,0.0257,2.0807,181349467.0
CDW,sp500,2014,249,1.0676,0.2824,0.1918,0.0484,2.227,18163819.0
CDW,sp500,2015,249,0.8702,0.3379,0.1876,0.0102,1.9456,37545436.0
CDW,sp500,2016,249,1.0685,0.3423,0.1927,0.0276,2.1143,36141290.0
CDW,sp500,2017,248,1.4019,0.242,0.1669,0.0848,1.7181,44185937.0
CDW,sp500,2018,248,0.9757,0.3783,0.2145,0.0796,2.2637,65394281.0
CDW,sp500,2019,249,1.2213,0.3557,0.1959,0.0213,1.9556,101703067.0
CDW,sp500,2020,250,1.241,0.6926,0.2797,0.0073,3.2311,110240867.0
CDW,sp500,2021,249,1.3338,0.5032,0.1718,0.0127,2.0729,127238563.0
CDW,sp500,2022,248,1.0889,0.724,0.1635,0.0036,2.5418,127616704.0
CDW,sp500,2023,247,0.9114,0.2322,0.2164,0.008,1.812,151820256.0
CDW,sp500,2024,249,0.9944,0.2025,0.2487,0.0503,1.8704,193903779.0
COR,sp500,2012,246,0.5909,0.1975,0.1516,0.039,1.6064,71629436.0
COR,sp500,2013,249,0.712,0.2479,0.1347,0.0211,1.414,79025342.0
COR,sp500,2014,249,0.8202,0.361,0.123,0.014,1.3773,91751977.0
COR,sp500,2015,249,0.6046,0.3054,0.1404,0.027,1.7649,156071855.0
COR,sp500,2016,249,0.7769,0.1142,0.2815,0.2185,1.8377,156071373.0
COR,sp500,2017,248,1.0158,0.074,0.2419,0.0736,2.0978,114223564.0
COR,sp500,2018,248,0.9057,0.2581,0.2633,0.1829,2.7744,107076619.0
COR,sp500,2019,249,0.8816,0.1435,0.2567,0.0168,2.4359,87374984.0
COR,sp500,2020,250,0.9121,0.544,0.2825,0.0113,3.141,103941185.0
COR,sp500,2021,249,0.6141,0.1258,0.2099,0.1314,2.0729,104858861.0
COR,sp500,2022,248,0.4947,0.2567,0.2048,0.0478,2.2119,190286254.0
COR,sp500,2023,247,0.2096,0.0281,0.1611,0.4767,1.6319,246170544.0
COR,sp500,2024,249,0.0985,0.0048,0.1786,0.759,1.5419,313275883.0
CNC,sp500,2012,246,1.258,0.089,0.5123,0.1865,3.0836,36173897.0
CNC,sp500,2013,249,1.0768,0.18,0.2496,0.0231,2.4472,26587778.0
CNC,sp500,2014,249,1.0926,0.1811,0.2619,0.0183,2.3706,55882028.0
CNC,sp500,2015,249,1.0945,0.2256,0.3124,0.0336,2.9216,102711815.0
CNC,sp500,2016,249,1.1782,0.1375,0.3838,0.2045,3.0027,133748714.0
CNC,sp500,2017,248,1.2315,0.0961,0.2541,0.0304,2.3153,136039381.0
CNC,sp500,2018,248,1.0598,0.4228,0.2124,0.0081,2.335,190049150.0
CNC,sp500,2019,249,1.1033,0.1436,0.3212,0.0464,2.8899,307016212.0
CNC,sp500,2020,250,1.1198,0.4988,0.3797,0.0509,3.806,275065626.0
CNC,sp500,2021,249,0.5062,0.0521,0.28,0.0361,2.4309,259016816.0
CNC,sp500,2022,248,0.5943,0.1953,0.2934,0.1444,2.6569,265139062.0
CNC,sp500,2023,247,0.4639,0.0545,0.2524,0.0848,2.1964,235456933.0
CNC,sp500,2024,249,0.272,0.0128,0.3009,0.32,2.2974,293662877.0
CNP,sp500,2012,246,0.5438,0.1955,0.1404,0.0157,1.5155,45446279.0
CNP,sp500,2013,249,0.8724,0.2886,0.1488,0.0475,1.5821,48822888.0
CNP,sp500,2014,249,0.7914,0.2679,0.1475,0.0022,1.5942,63881216.0
CNP,sp500,2015,249,0.7971,0.2962,0.1893,0.0252,1.9238,54943209.0
CNP,sp500,2016,249,0.801,0.2519,0.1796,0.0693,1.8206,66179935.0
CNP,sp500,2017,248,0.4251,0.0504,0.1242,0.0902,1.281,60124201.0
CNP,sp500,2018,248,0.3847,0.1275,0.1726,0.0581,1.7325,103544951.0
CNP,sp500,2019,249,0.3714,0.0557,0.1822,0.2068,1.6183,113497725.0
CNP,sp500,2020,250,1.3357,0.5687,0.3935,0.0263,3.7009,117831510.0
CNP,sp500,2021,249,0.6737,0.1582,0.2015,0.15,1.9918,110017906.0
CNP,sp500,2022,248,0.5591,0.3435,0.188,0.0282,2.123,116462227.0
CNP,sp500,2023,247,0.5912,0.1544,0.1807,0.0632,1.8193,107964544.0
CNP,sp500,2024,249,0.2568,0.0253,0.2008,0.3918,1.8085,145072566.0
CF,sp500,2012,246,1.5928,0.3679,0.2658,0.0032,2.7978,187748345.0
CF,sp500,2013,249,0.8692,0.1219,0.2533,0.0783,2.097,137318216.0
CF,sp500,2014,249,0.9144,0.1946,0.2097,0.0426,2.1282,144945890.0
CF,sp500,2015,249,0.9759,0.1752,0.3262,0.0218,2.8763,123833138.0
CF,sp500,2016,249,1.4423,0.134,0.4769,0.154,4.4718,109296072.0
CF,sp500,2017,248,1.8263,0.1198,0.333,0.1591,3.1038,110647544.0
CF,sp500,2018,248,1.1852,0.2964,0.3131,0.0258,3.0972,110190310.0
CF,sp500,2019,249,1.1785,0.228,0.2585,0.0897,2.6611,89051712.0
CF,sp500,2020,250,1.2414,0.5029,0.4175,0.0325,4.1111,75761473.0
CF,sp500,2021,249,1.202,0.1843,0.3278,0.0309,3.3668,113112936.0
CF,sp500,2022,248,0.5399,0.0698,0.4795,0.3115,4.7405,282045951.0
CF,sp500,2023,247,0.5606,0.0539,0.3066,0.361,2.9673,176428800.0
CF,sp500,2024,249,0.3946,0.0345,0.263,0.4008,2.2671,154748220.0
CRL,sp500,2012,246,1.1391,0.2253,0.2689,0.0282,2.1248,16895488.0
CRL,sp500,2013,249,1.0042,0.3205,0.1588,0.0252,1.8109,19570419.0
CRL,sp500,2014,249,0.9156,0.1993,0.2069,0.1102,2.1751,27696545.0
CRL,sp500,2015,249,1.0494,0.3314,0.2296,0.0075,2.4235,32769936.0
CRL,sp500,2016,249,1.0307,0.2691,0.2209,0.0256,2.318,36546322.0
CRL,sp500,2017,248,1.0947,0.1195,0.1999,0.038,1.6104,35823013.0
CRL,sp500,2018,248,1.1685,0.5154,0.1943,0.021,2.3262,44224878.0
CRL,sp500,2019,249,1.3507,0.3998,0.1973,0.0101,2.1431,46977431.0
CRL,sp500,2020,250,1.1498,0.5932,0.3221,0.0455,3.2028,69023820.0
CRL,sp500,2021,249,1.0783,0.2389,0.2495,0.0068,2.4501,143130745.0
CRL,sp500,2022,248,1.1822,0.4018,0.3509,0.0209,3.7582,137688198.0
CRL,sp500,2023,247,1.34,0.2424,0.3093,0.132,2.8657,107251485.0
CRL,sp500,2024,249,1.429,0.2396,0.3208,0.0291,2.8677,131786172.0
SCHW,sp500,2012,246,1.4602,0.5087,0.1827,0.0133,2.3414,127543429.0
SCHW,sp500,2013,249,1.416,0.373,0.1994,0.0152,2.1712,155846744.0
SCHW,sp500,2014,249,1.7974,0.565,0.1778,0.0088,2.1667,166409689.0
SCHW,sp500,2015,249,1.3275,0.4878,0.2095,0.0167,2.2497,222943104.0
SCHW,sp500,2016,249,1.9164,0.5311,0.2342,0.0218,2.4712,253455630.0
SCHW,sp500,2017,248,1.9076,0.3249,0.185,0.0343,1.8527,261631514.0
SCHW,sp500,2018,248,1.2463,0.5808,0.1816,0.0058,2.3967,321693562.0
SCHW,sp500,2019,249,1.3497,0.3016,0.2448,0.058,2.1243,331366881.0
SCHW,sp500,2020,250,1.1171,0.5064,0.3731,0.031,3.618,408694986.0
SCHW,sp500,2021,249,1.2779,0.3188,0.2422,0.0173,2.5231,436798864.0
SCHW,sp500,2022,248,0.9531,0.4094,0.2784,0.0189,2.93,571054865.0
SCHW,sp500,2023,247,1.3625,0.1739,0.3877,0.096,2.9063,832457053.0
SCHW,sp500,2024,249,0.6401,0.0975,0.2454,0.1716,2.0224,539670092.0
CHTR,sp500,2012,246,0.8825,0.252,0.1936,0.0423,2.1071,38127913.0
CHTR,sp500,2013,249,0.8565,0.1166,0.2561,0.0498,2.3353,106842877.0
CHTR,sp500,2014,249,0.958,0.1931,0.2208,0.0202,2.1235,171278367.0
CHTR,sp500,2015,249,0.9525,0.2836,0.2332,0.0748,2.4928,258127234.0
CHTR,sp500,2016,249,1.0428,0.2102,0.2629,0.0501,2.4818,559053290.0
CHTR,sp500,2017,248,0.7217,0.0392,0.2405,0.1855,2.1193,583845845.0
CHTR,sp500,2018,248,0.9278,0.2452,0.2792,0.028,2.7758,479988255.0
CHTR,sp500,2019,249,0.6677,0.1437,0.1943,0.0498,1.7095,439816956.0
CHTR,sp500,2020,250,0.7574,0.522,0.2452,0.022,2.6986,672893294.0
CHTR,sp500,2021,249,0.6238,0.1082,0.2322,0.0907,2.13,676923480.0
CHTR,sp500,2022,248,0.8751,0.262,0.3573,0.0188,3.3398,678996527.0
CHTR,sp500,2023,247,1.2429,0.2634,0.2713,0.0744,2.5702,430341994.0
CHTR,sp500,2024,249,0.7425,0.0526,0.3969,0.1568,2.9141,433162594.0
CVX,sp500,2012,246,1.0467,0.5777,0.1139,0.0017,1.4262,386007187.0
CVX,sp500,2013,249,0.8377,0.4843,0.0939,0.0267,1.1788,397816517.0
CVX,sp500,2014,249,0.9764,0.3638,0.1455,0.035,1.3975,465412272.0
CVX,sp500,2015,249,1.1923,0.4555,0.2008,0.0241,2.0323,538499658.0
CVX,sp500,2016,249,1.1296,0.3989,0.1804,0.0382,1.8754,508149662.0
CVX,sp500,2017,248,0.58,0.0758,0.1363,0.037,1.2112,418870791.0
CVX,sp500,2018,248,0.9498,0.4488,0.1805,0.0197,1.9769,561656446.0
CVX,sp500,2019,249,0.842,0.303,0.1522,0.0059,1.4157,550569498.0
CVX,sp500,2020,250,1.407,0.5864,0.3997,0.0107,3.458,730768395.0
CVX,sp500,2021,249,0.9129,0.2366,0.2126,0.0352,2.0145,883337184.0
CVX,sp500,2022,248,0.5583,0.1689,0.3012,0.0579,2.5964,1516969879.0
CVX,sp500,2023,247,0.6049,0.1172,0.2167,0.0964,1.8189,1204250614.0
CVX,sp500,2024,249,0.4307,0.0794,0.1848,0.0826,1.6528,1082123814.0
CMG,sp500,2012,246,1.321,0.1708,0.3706,0.1005,2.44,249250257.0
CMG,sp500,2013,249,0.9877,0.1423,0.2634,0.0512,1.8588,171023170.0
CMG,sp500,2014,249,0.8565,0.1186,0.2632,0.0253,1.9671,279062980.0
CMG,sp500,2015,249,0.6244,0.107,0.2779,0.0795,1.9525,445580944.0
CMG,sp500,2016,249,0.3819,0.0215,0.335,0.4772,2.735,535350427.0
CMG,sp500,2017,248,0.9333,0.0401,0.307,0.0904,2.3817,424191903.0
CMG,sp500,2018,248,0.8038,0.1057,0.401,0.1692,2.763,358058862.0
CMG,sp500,2019,249,0.6324,0.0809,0.2541,0.1333,2.0188,385289594.0
CMG,sp500,2020,250,0.8849,0.364,0.3957,0.005,3.446,461516305.0
CMG,sp500,2021,249,1.0983,0.296,0.2196,0.0644,2.2093,417695922.0
CMG,sp500,2022,248,1.2213,0.5329,0.2781,0.0081,3.1353,423090655.0
CMG,sp500,2023,247,0.7929,0.1591,0.238,0.0074,1.7462,502257096.0
CMG,sp500,2024,249,0.9005,0.1443,0.2764,0.0676,2.2401,756062329.0
CB,sp500,2012,246,0.8946,0.4243,0.1327,0.041,1.4295,90683624.0
CB,sp500,2013,249,1.0273,0.5639,0.0981,0.0117,1.2111,94394945.0
CB,sp500,2014,249,0.728,0.4914,0.0835,0.0093,1.107,113611440.0
CB,sp500,2015,249,0.8647,0.6189,0.1045,0.0154,1.433,168502266.0
CB,sp500,2016,249,0.8624,0.4668,0.1199,0.0477,1.3327,176932227.0
CB,sp500,2017,248,0.6707,0.1209,0.1217,0.0637,1.1305,171071270.0
CB,sp500,2018,248,0.6991,0.3966,0.1479,0.0561,1.7483,200749488.0
CB,sp500,2019,249,0.6405,0.2316,0.1391,0.0179,1.3892,197149788.0
CB,sp500,2020,250,1.0786,0.5519,0.3287,0.0301,3.1985,264252907.0
CB,sp500,2021,249,0.9318,0.2701,0.1986,0.0068,1.9062,295303970.0
CB,sp500,2022,248,0.6069,0.4145,0.1754,0.003,2.0952,339022813.0
CB,sp500,2023,247,0.4495,0.0826,0.1956,0.2537,1.7082,361588313.0
CB,sp500,2024,249,0.2626,0.0366,0.1698,0.1167,1.4926,413068084.0
CHD,sp500,2012,246,0.4356,0.1159,0.1532,0.0964,1.4854,33695107.0
CHD,sp500,2013,249,0.7703,0.3313,0.1189,0.028,1.3355,32484714.0
CHD,sp500,2014,249,0.5868,0.2756,0.1073,0.0446,1.1875,41191465.0
CHD,sp500,2015,249,0.7184,0.5278,0.1047,0.0044,1.3249,55300384.0
CHD,sp500,2016,249,0.5533,0.137,0.1806,0.0419,1.5882,70993299.0
CHD,sp500,2017,248,0.4338,0.0385,0.1458,0.1107,1.254,74448966.0
CHD,sp500,2018,248,0.4514,0.1049,0.2261,0.027,1.8916,98243855.0
CHD,sp500,2019,249,0.2579,0.0229,0.2009,0.4356,1.6707,104657604.0
CHD,sp500,2020,250,0.5321,0.3018,0.2738,0.036,2.5603,120711601.0
CHD,sp500,2021,249,0.1571,0.0138,0.1721,0.2471,1.7374,110819913.0
CHD,sp500,2022,248,0.3869,0.1426,0.2308,0.0465,2.1016,132485266.0
CHD,sp500,2023,247,0.2423,0.0272,0.1892,0.393,1.5515,127310812.0
CHD,sp500,2024,249,0.0142,0.0001,0.1634,0.9249,1.5873,140794075.0
CIEN,sp500,2012,246,1.8167,0.1997,0.4629,0.0375,3.93,73620325.0
CIEN,sp500,2013,249,1.622,0.1559,0.4099,0.0098,3.1089,72160498.0
CIEN,sp500,2014,249,1.7839,0.2325,0.3653,0.0338,3.1288,71902718.0
CIEN,sp500,2015,249,1.1235,0.2287,0.3178,0.03,2.7392,65830523.0
CIEN,sp500,2016,249,1.5654,0.2112,0.3934,0.0914,2.9533,61855380.0
CIEN,sp500,2017,248,1.9765,0.1632,0.3011,0.0207,2.3861,73405802.0
CIEN,sp500,2018,248,0.8892,0.2152,0.2912,0.0564,2.5299,85468385.0
CIEN,sp500,2019,249,1.3395,0.1507,0.3791,0.1165,2.498,111497754.0
CIEN,sp500,2020,250,1.0051,0.4413,0.3825,0.0265,3.308,97787408.0
CIEN,sp500,2021,249,0.9961,0.1757,0.2797,0.1446,2.3054,73620792.0
CIEN,sp500,2022,248,1.2576,0.4855,0.3149,0.0015,3.0495,87322664.0
CIEN,sp500,2023,247,1.0035,0.1502,0.3117,0.046,2.5367,77831036.0
CIEN,sp500,2024,249,1.5659,0.2349,0.3562,0.033,2.6834,107605207.0
CI,sp500,2012,246,0.8966,0.2829,0.1817,0.0443,1.9016,115075572.0
CI,sp500,2013,249,0.8996,0.2407,0.1735,0.1176,1.7117,108810519.0
CI,sp500,2014,249,0.9913,0.2368,0.2006,0.0306,1.7373,136502859.0
CI,sp500,2015,249,0.7067,0.1619,0.2477,0.0698,2.184,251526470.0
CI,sp500,2016,249,0.8828,0.1861,0.2401,0.1387,2.3134,170836520.0
CI,sp500,2017,248,0.9978,0.1863,0.1403,0.0023,1.6098,207400316.0
CI,sp500,2018,248,0.8673,0.2916,0.2318,0.0336,2.1816,413989591.0
CI,sp500,2019,249,0.9221,0.1323,0.2815,0.1234,2.5106,359006251.0
CI,sp500,2020,250,1.2565,0.6254,0.3289,0.0144,3.4874,356862630.0
CI,sp500,2021,249,0.6675,0.1107,0.2452,0.0838,2.1242,380432758.0
CI,sp500,2022,248,0.5658,0.2701,0.2262,0.04,2.3057,453749936.0
CI,sp500,2023,247,0.5595,0.0592,0.2911,0.0282,2.0501,447894150.0
CI,sp500,2024,249,0.0906,0.0023,0.2357,0.8522,1.9873,508272793.0
CINF,sp500,2012,246,0.897,0.5488,0.1036,0.0295,1.4199,23827675.0
CINF,sp500,2013,249,1.089,0.6527,0.0863,0.0002,1.3331,21053099.0
CINF,sp500,2014,249,0.7738,0.4406,0.0983,0.0307,1.221,20260747.0
CINF,sp500,2015,249,0.9485,0.6758,0.1012,0.0048,1.3783,24310195.0
CINF,sp500,2016,249,0.8579,0.4571,0.1216,0.0178,1.3174,34208047.0
CINF,sp500,2017,248,0.9421,0.1375,0.1588,0.0527,1.3418,30061882.0
CINF,sp500,2018,248,0.7498,0.362,0.1707,0.0589,1.8622,35124391.0
CINF,sp500,2019,249,0.706,0.2511,0.1453,0.0301,1.4784,55349254.0
CINF,sp500,2020,250,1.2616,0.5136,0.4153,0.0249,3.7712,70242783.0
CINF,sp500,2021,249,0.9937,0.2695,0.2121,0.0974,2.1506,60039353.0
CINF,sp500,2022,248,0.7529,0.3079,0.2745,0.0157,2.3621,74182506.0
CINF,sp500,2023,247,1.0107,0.2587,0.2234,0.0359,1.974,66687198.0
CINF,sp500,2024,249,0.4896,0.0798,0.2095,0.0219,1.7046,81619060.0
CTAS,sp500,2012,246,0.8615,0.4648,0.1177,0.0047,1.4988,23691602.0
CTAS,sp500,2013,249,0.8263,0.3905,0.1121,0.0349,1.3768,21253860.0
CTAS,sp500,2014,249,1.0361,0.4082,0.1406,0.0299,1.4558,34317495.0
CTAS,sp500,2015,249,0.89,0.5897,0.1143,0.009,1.5176,47989246.0
CTAS,sp500,2016,249,0.8616,0.3325,0.1588,0.0092,1.4775,63231764.0
CTAS,sp500,2017,248,1.2104,0.2199,0.1534,0.0339,1.2951,67005616.0
CTAS,sp500,2018,248,1.0135,0.5295,0.1639,0.0044,1.8764,96369442.0
CTAS,sp500,2019,249,0.9687,0.3153,0.1702,0.0652,1.6011,116860644.0
CTAS,sp500,2020,250,1.2662,0.6575,0.3091,0.0023,3.0629,156007984.0
CTAS,sp500,2021,249,1.2604,0.5023,0.1626,0.0257,1.9656,148591448.0
CTAS,sp500,2022,248,0.9373,0.7111,0.1453,0.0036,2.2274,181028490.0
CTAS,sp500,2023,247,0.9385,0.422,0.1434,0.0344,1.5671,176637960.0
CTAS,sp500,2024,249,0.7617,0.1868,0.2003,0.0495,1.5173,275128788.0
CSCO,sp500,2012,246,1.0609,0.2714,0.2213,0.0301,1.8255,507150007.0
CSCO,sp500,2013,249,0.8689,0.1411,0.2328,0.1048,1.6282,594937335.0
CSCO,sp500,2014,249,0.8613,0.3348,0.1369,0.0227,1.5011,544653640.0
CSCO,sp500,2015,249,1.0897,0.5251,0.1596,0.0072,1.7631,537377264.0
CSCO,sp500,2016,249,1.0476,0.4032,0.1658,0.0028,1.5556,518450915.0
CSCO,sp500,2017,248,1.2093,0.2638,0.1359,0.0825,1.2227,512540166.0
CSCO,sp500,2018,248,1.3042,0.7072,0.1439,0.001,2.1326,861827924.0
CSCO,sp500,2019,249,1.2776,0.4001,0.1865,0.0372,1.6491,841394621.0
CSCO,sp500,2020,250,1.0008,0.6448,0.2513,0.0333,2.5231,890625392.0
CSCO,sp500,2021,249,0.8551,0.3331,0.1569,0.0064,1.6388,886231356.0
CSCO,sp500,2022,248,0.8442,0.4755,0.2157,0.0116,2.1629,913960033.0
CSCO,sp500,2023,247,0.7538,0.2264,0.1819,0.0158,1.4418,867080126.0
CSCO,sp500,2024,249,0.6903,0.233,0.1578,0.1255,1.4947,925696794.0
C,sp500,2012,246,2.0248,0.5184,0.2485,0.0038,2.7934,961352228.0
C,sp500,2013,249,1.553,0.559,0.1498,0.0083,1.9099,951925241.0
C,sp500,2014,249,1.2765,0.4939,0.1457,0.0281,1.5545,749004457.0
C,sp500,2015,249,1.2709,0.6671,0.1383,0.0057,1.7707,717388698.0
C,sp500,2016,249,1.9473,0.6255,0.196,0.0145,2.2197,750772488.0
C,sp500,2017,248,1.499,0.3352,0.142,0.0492,1.5698,823663879.0
C,sp500,2018,248,1.0451,0.5504,0.162,0.0142,2.1117,911892180.0
C,sp500,2019,249,1.5169,0.5732,0.156,0.0018,1.84,729222222.0
C,sp500,2020,250,1.6293,0.653,0.4018,0.0039,3.717,1033586266.0
C,sp500,2021,249,0.8785,0.208,0.2222,0.0333,2.2058,1151888592.0
C,sp500,2022,248,0.9564,0.4986,0.2333,0.0113,2.6787,1003176450.0
C,sp500,2023,247,1.1198,0.3285,0.209,0.0477,2.0994,731701116.0
C,sp500,2024,249,1.1159,0.2881,0.2211,0.0068,2.0896,813871586.0
CFG,sp500,2015,249,0.9734,0.3911,0.1871,0.0288,2.196,85519312.0
CFG,sp500,2016,249,1.4853,0.3595,0.2579,0.0293,2.5778,111425415.0
CFG,sp500,2017,248,2.0451,0.3116,0.2045,0.0161,2.1601,119160844.0
CFG,sp500,2018,248,1.0282,0.4574,0.1921,0.0086,2.4251,135991257.0
CFG,sp500,2019,249,1.24,0.3398,0.206,0.0137,2.0461,109995677.0
CFG,sp500,2020,250,1.6811,0.5388,0.5262,0.0105,4.6208,113364440.0
CFG,sp500,2021,249,1.2585,0.256,0.2782,0.0116,2.7364,166647133.0
CFG,sp500,2022,248,1.0239,0.5004,0.2489,0.0148,2.8983,177463312.0
CFG,sp500,2023,247,1.7911,0.3188,0.3418,0.0243,3.2512,169664013.0
CFG,sp500,2024,249,0.9639,0.1601,0.2783,0.014,2.4539,179244723.0
CLX,sp500,2012,246,0.3376,0.1638,0.0971,0.1777,1.1103,44792526.0
CLX,sp500,2013,249,0.7465,0.3488,0.1108,0.0417,1.2658,56650718.0
CLX,sp500,2014,249,0.3722,0.0802,0.1421,0.1055,1.2233,72009411.0
CLX,sp500,2015,249,0.7015,0.4865,0.111,0.008,1.3147,72217254.0
CLX,sp500,2016,249,0.3267,0.07,0.1549,0.1505,1.4533,98451872.0
CLX,sp500,2017,248,0.4436,0.0466,0.1349,0.1128,1.2428,81053194.0
CLX,sp500,2018,248,0.4829,0.1101,0.2354,0.0064,1.9883,125319896.0
CLX,sp500,2019,249,0.3876,0.059,0.1844,0.1233,1.5821,120518440.0
CLX,sp500,2020,250,0.2778,0.0845,0.3093,0.1351,2.4882,277617498.0
CLX,sp500,2021,249,-0.2308,0.0153,0.2403,0.3075,1.997,218530689.0
CLX,sp500,2022,248,0.4499,0.1102,0.3111,0.034,2.4623,161772486.0
CLX,sp500,2023,247,0.3438,0.0333,0.2418,0.4571,1.8162,174567938.0
CLX,sp500,2024,249,0.1279,0.0066,0.198,0.2926,1.6864,168823832.0
CME,sp500,2012,246,0.7309,0.1983,0.1871,0.0288,2.0392,77307697.0
CME,sp500,2013,249,0.8761,0.2268,0.1757,0.0658,1.833,76149978.0
CME,sp500,2014,249,0.9703,0.3468,0.1501,0.0185,1.7089,77487496.0
CME,sp500,2015,249,0.919,0.4141,0.1684,0.0145,1.7902,91774790.0
CME,sp500,2016,249,0.6356,0.1792,0.1769,0.0449,1.6339,111357984.0
CME,sp500,2017,248,1.0259,0.2057,0.1356,0.0451,1.4197,123424877.0
CME,sp500,2018,248,0.6406,0.2928,0.1707,0.0176,1.9318,217423471.0
CME,sp500,2019,249,0.3506,0.05,0.1821,0.375,1.7323,213782354.0
CME,sp500,2020,250,1.0472,0.5316,0.3325,0.0326,2.9722,266837352.0
CME,sp500,2021,249,0.7069,0.2116,0.1769,0.0687,1.8438,229103359.0
CME,sp500,2022,248,0.5129,0.2459,0.2184,0.016,2.3327,289414220.0
CME,sp500,2023,247,0.3223,0.0549,0.1746,0.0467,1.6223,270297832.0
CME,sp500,2024,249,-0.0474,0.0014,0.1618,0.8119,1.6303,380992918.0
CMS,sp500,2012,246,0.4215,0.188,0.1115,0.0098,1.2612,36723465.0
CMS,sp500,2013,249,0.7833,0.3525,0.1153,0.0601,1.3984,47031173.0
CMS,sp500,2014,249,0.4703,0.1144,0.1475,0.0458,1.4535,48499212.0
CMS,sp500,2015,249,0.6748,0.2603,0.1752,0.0031,1.7598,66788804.0
CMS,sp500,2016,249,0.2535,0.0351,0.1728,0.3481,1.6474,66598835.0
CMS,sp500,2017,248,0.0832,0.0026,0.1095,0.8167,1.0807,64586779.0
CMS,sp500,2018,248,0.2022,0.0391,0.1718,0.1485,1.6332,98896097.0
CMS,sp500,2019,249,0.1265,0.0113,0.141,0.466,1.3937,92493609.0
CMS,sp500,2020,250,0.809,0.4931,0.2774,0.0524,2.679,102622688.0
CMS,sp500,2021,249,0.2661,0.0371,0.1758,0.4521,1.7134,95494904.0
CMS,sp500,2022,248,0.4346,0.2051,0.2081,0.0855,2.0283,110558861.0
CMS,sp500,2023,247,0.4983,0.1063,0.1886,0.0452,1.8525,115287683.0
CMS,sp500,2024,249,0.0205,0.0003,0.1627,0.9625,1.5336,133455755.0
KO,sp500,2012,246,0.6573,0.4159,0.0992,0.0313,1.1458,363276331.0
KO,sp500,2013,249,0.8239,0.3381,0.1252,0.0421,1.2729,377334888.0
KO,sp500,2014,249,0.4559,0.1162,0.1417,0.0771,1.1544,427161147.0
KO,sp500,2015,249,0.6656,0.5055,0.1014,0.0145,1.2394,415140498.0
KO,sp500,2016,249,0.5616,0.2617,0.1227,0.0683,1.1244,420798321.0
KO,sp500,2017,248,0.1573,0.0136,0.0901,0.5211,0.8554,376337947.0
KO,sp500,2018,248,0.4671,0.2838,0.1272,0.0984,1.3779,442833677.0
KO,sp500,2019,249,0.4426,0.0955,0.1624,0.1615,1.2082,518039560.0
KO,sp500,2020,250,0.8379,0.654,0.2061,0.0253,2.282,693329709.0
KO,sp500,2021,249,0.5468,0.242,0.1255,0.0516,1.2464,722350771.0
KO,sp500,2022,248,0.4946,0.3692,0.1573,0.007,1.7327,864185514.0
KO,sp500,2023,247,0.3782,0.1337,0.1257,0.0697,1.2269,745099203.0
KO,sp500,2024,249,0.0591,0.0034,0.1275,0.8861,1.251,838997943.0
CTSH,sp500,2012,246,1.2393,0.2167,0.3,0.1029,2.0459,151072727.0
CTSH,sp500,2013,249,1.0015,0.2014,0.2166,0.0251,1.9464,167388951.0
CTSH,sp500,2014,249,1.2432,0.2672,0.2321,0.0242,1.9567,182160593.0
CTSH,sp500,2015,249,1.2655,0.5636,0.1715,0.0039,1.9383,189621613.0
CTSH,sp500,2016,249,1.2246,0.2626,0.2669,0.0608,2.0417,250151978.0
CTSH,sp500,2017,248,1.1682,0.2407,0.1396,0.0358,1.3932,224225228.0
CTSH,sp500,2018,248,0.8892,0.4283,0.1762,0.012,1.8796,237997412.0
CTSH,sp500,2019,249,0.906,0.2117,0.2084,0.0239,1.7034,223087141.0
CTSH,sp500,2020,250,1.1924,0.6929,0.2685,0.0041,2.8897,200341274.0
CTSH,sp500,2021,249,0.9917,0.3337,0.1817,0.0028,1.7776,215976086.0
CTSH,sp500,2022,248,1.047,0.529,0.2403,0.0096,2.4472,223045000.0
CTSH,sp500,2023,247,0.9452,0.2745,0.2006,0.0058,1.7985,232681672.0
CTSH,sp500,2024,249,0.786,0.229,0.1818,0.0246,1.6921,263454038.0
COHR,sp500,2012,246,1.3141,0.296,0.258,0.0393,2.6259,5079951.0
COHR,sp500,2013,249,0.9298,0.112,0.2844,0.0235,2.205,4917994.0
COHR,sp500,2014,249,0.9377,0.1335,0.2693,0.0353,2.8499,4147838.0
COHR,sp500,2015,249,0.7071,0.1271,0.2855,0.0795,2.7184,4183804.0
COHR,sp500,2016,249,1.0307,0.1674,0.2989,0.0604,2.756,7618422.0
COHR,sp500,2017,248,2.574,0.1524,0.4084,0.0888,3.471,26404922.0
COHR,sp500,2018,248,1.5944,0.2389,0.4881,0.0159,4.0363,33333791.0
COHR,sp500,2019,249,2.1073,0.3675,0.3295,0.0009,3.3011,36569437.0
COHR,sp500,2020,250,1.2221,0.3844,0.5232,0.0407,4.9291,73430594.0
COHR,sp500,2021,249,1.6769,0.251,0.3756,0.0502,3.6504,109991703.0
COHR,sp500,2022,248,1.387,0.4397,0.3809,0.0566,4.1025,83909595.0
COHR,sp500,2023,247,2.3291,0.2226,0.5682,0.0811,4.2362,91212881.0
COHR,sp500,2024,249,2.4754,0.3218,0.453,0.0126,4.1652,173292899.0
COIN,sp500,2021,179,1.4667,0.093,0.5573,0.252,4.7509,1383889052.0
COIN,sp500,2022,248,2.8853,0.4136,0.8357,0.0237,8.8033,901156663.0
COIN,sp500,2023,247,2.8074,0.1795,0.7838,0.1691,7.2647,1115932728.0
COIN,sp500,2024,249,3.1263,0.2175,0.7474,0.0619,6.5869,2444344091.0
CL,sp500,2012,246,0.5987,0.3564,0.1024,0.0259,1.1221,142087790.0
CL,sp500,2013,249,0.9137,0.4005,0.1214,0.0196,1.2729,137475602.0
CL,sp500,2014,249,0.6125,0.2938,0.1071,0.0415,1.1578,155955713.0
CL,sp500,2015,249,0.8709,0.5529,0.1206,0.0128,1.3269,166939933.0
CL,sp500,2016,249,0.6859,0.3383,0.1248,0.0509,1.2391,180127109.0
CL,sp500,2017,248,0.2158,0.0089,0.1528,0.172,1.1557,206738268.0
CL,sp500,2018,248,0.4892,0.1624,0.1906,0.0285,1.6361,232448225.0
CL,sp500,2019,249,0.5532,0.1675,0.147,0.0188,1.4151,202909690.0
CL,sp500,2020,250,0.6844,0.5334,0.2165,0.0668,2.1054,263801969.0
CL,sp500,2021,249,0.2898,0.0642,0.1434,0.0908,1.362,300163014.0
CL,sp500,2022,248,0.3926,0.2203,0.1796,0.0429,1.8015,330902797.0
CL,sp500,2023,247,0.2803,0.0493,0.1608,0.1585,1.3986,325968991.0
CL,sp500,2024,249,0.041,0.0012,0.1518,0.7857,1.3747,387874973.0
CMCSA,sp500,2012,246,0.9651,0.4615,0.1327,0.0228,1.6068,298801920.0
CMCSA,sp500,2013,249,0.9731,0.2912,0.1649,0.0038,1.6882,363419046.0
CMCSA,sp500,2014,249,1.0744,0.4183,0.1428,0.0135,1.6352,585326879.0
CMCSA,sp500,2015,249,0.9836,0.5384,0.1403,0.0076,1.8341,621979697.0
CMCSA,sp500,2016,249,0.7679,0.3426,0.1384,0.1032,1.6197,490811839.0
CMCSA,sp500,2017,248,0.9291,0.1024,0.1851,0.1052,1.6911,609502767.0
CMCSA,sp500,2018,248,0.9294,0.3201,0.2323,0.0273,2.3834,705875929.0
CMCSA,sp500,2019,249,0.8586,0.2947,0.1583,0.0436,1.7108,616501755.0
CMCSA,sp500,2020,250,0.9167,0.6565,0.2243,0.0108,2.7449,742135142.0
CMCSA,sp500,2021,249,0.87,0.2134,0.2166,0.1044,1.9661,797888721.0
CMCSA,sp500,2022,248,0.7651,0.38,0.2377,0.0128,2.538,846130513.0
CMCSA,sp500,2023,247,1.012,0.3082,0.1979,0.0602,1.8638,686621108.0
CMCSA,sp500,2024,249,0.5034,0.0682,0.2345,0.0604,2.0179,736795048.0
FIX,sp500,2012,246,1.8544,0.3617,0.3136,0.0069,3.1563,833466.0
FIX,sp500,2013,249,1.8641,0.3643,0.2674,0.0274,2.6257,2098439.0
FIX,sp500,2014,249,1.2442,0.2326,0.2548,0.0074,2.6536,2535267.0
FIX,sp500,2015,249,0.9139,0.1765,0.3041,0.098,2.7489,7502104.0
FIX,sp500,2016,249,0.94,0.1364,0.3076,0.09,2.5205,8087932.0
FIX,sp500,2017,248,1.4927,0.1097,0.2861,0.0028,2.1258,6564511.0
FIX,sp500,2018,248,0.8101,0.2429,0.2453,0.0153,2.4039,11254565.0
FIX,sp500,2019,249,1.0336,0.125,0.3259,0.0301,2.2947,12664087.0
FIX,sp500,2020,250,1.37,0.532,0.4347,0.0045,4.0136,11821727.0
FIX,sp500,2021,249,1.3125,0.3025,0.2584,0.0126,2.7286,13414786.0
FIX,sp500,2022,248,0.9883,0.4706,0.255,0.0019,2.9736,16587520.0
FIX,sp500,2023,247,1.212,0.2037,0.3129,0.1134,2.6415,48660201.0
FIX,sp500,2024,249,2.0252,0.3231,0.3694,0.0038,3.4756,124535407.0
COP,sp500,2012,246,0.9898,0.5151,0.1223,0.0003,1.4438,321270567.0
COP,sp500,2013,249,0.9273,0.41,0.1208,0.0202,1.2994,243703131.0
COP,sp500,2014,249,1.0984,0.3421,0.1717,0.0108,1.6613,308646857.0
COP,sp500,2015,249,1.2212,0.3715,0.2447,0.0164,2.4913,331944554.0
COP,sp500,2016,249,1.745,0.2814,0.3627,0.0346,3.2664,302480459.0
COP,sp500,2017,248,1.1522,0.1102,0.2203,0.0609,1.9719,250445217.0
COP,sp500,2018,248,1.0683,0.3795,0.2343,0.029,2.4485,333748744.0
COP,sp500,2019,249,1.1118,0.2271,0.2445,0.0929,2.1726,310257758.0
COP,sp500,2020,250,1.5412,0.5031,0.5182,0.0007,4.4337,302451700.0
COP,sp500,2021,249,1.1246,0.1717,0.3203,0.0535,2.8754,440499420.0
COP,sp500,2022,248,0.6784,0.1472,0.3971,0.0884,3.5127,695483833.0
COP,sp500,2023,247,0.6871,0.0996,0.2697,0.1402,2.2737,578470314.0
COP,sp500,2024,249,0.2673,0.0226,0.2216,0.2367,1.9056,640920921.0
ED,sp500,2012,246,0.2892,0.119,0.1002,0.0956,1.0629,54821946.0
ED,sp500,2013,249,0.5595,0.2336,0.1101,0.0348,1.2189,64298852.0
ED,sp500,2014,249,0.3415,0.0692,0.1412,0.3044,1.3403,82830539.0
ED,sp500,2015,249,0.5666,0.2099,0.1693,0.0088,1.6588,92672839.0
ED,sp500,2016,249,0.0523,0.0014,0.1811,0.9025,1.6518,102673390.0
ED,sp500,2017,248,0.0634,0.0014,0.1128,0.7435,1.0582,88584359.0
ED,sp500,2018,248,0.1599,0.023,0.1787,0.3935,1.6517,116756834.0
ED,sp500,2019,249,0.1902,0.0303,0.1282,0.3041,1.3012,115703202.0
ED,sp500,2020,250,0.6946,0.3246,0.339,0.0824,2.7161,146018496.0
ED,sp500,2021,249,0.1418,0.0117,0.1692,0.6249,1.6352,147223948.0
ED,sp500,2022,248,0.414,0.2082,0.1964,0.1169,2.0232,145736580.0
ED,sp500,2023,247,0.3946,0.0819,0.1725,0.1814,1.7547,157863155.0
ED,sp500,2024,249,-0.0537,0.0017,0.1654,0.8014,1.5342,168632448.0
STZ,sp500,2012,246,1.1589,0.1615,0.3362,0.0406,2.0302,53288678.0
STZ,sp500,2013,249,0.9456,0.0579,0.4143,0.014,2.0748,102236860.0
STZ,sp500,2014,249,0.9993,0.3037,0.1706,0.0124,1.6968,90782806.0
STZ,sp500,2015,249,0.8684,0.4515,0.1474,0.0248,1.6176,117973182.0
STZ,sp500,2016,249,0.7538,0.1705,0.2162,0.0908,1.7496,199498720.0
STZ,sp500,2017,248,0.344,0.0205,0.1601,0.2292,1.3613,222833718.0
STZ,sp500,2018,248,0.6726,0.2612,0.194,0.0028,1.8834,362285084.0
STZ,sp500,2019,249,0.678,0.0833,0.2681,0.0608,1.9326,266629379.0
STZ,sp500,2020,250,0.9804,0.5113,0.3242,0.1509,3.15,212103791.0
STZ,sp500,2021,249,0.782,0.2699,0.1668,0.0547,1.7104,222821308.0
STZ,sp500,2022,248,0.5309,0.3002,0.1971,0.0063,2.1007,224586183.0
STZ,sp500,2023,247,0.7083,0.2599,0.1561,0.0024,1.5461,251880197.0
STZ,sp500,2024,249,0.3232,0.0433,0.1915,0.0464,1.7262,290767383.0
CEG,sp500,2022,236,0.8928,0.2255,0.4084,0.0358,4.0677,166345375.0
CEG,sp500,2023,247,0.9402,0.2084,0.2393,0.0464,2.2748,181366008.0
CEG,sp500,2024,249,1.6203,0.1566,0.4738,0.1099,3.8348,603918330.0
COO,sp500,2012,246,0.829,0.2099,0.2048,0.0444,1.9866,37495484.0
COO,sp500,2013,249,0.823,0.2129,0.1719,0.0697,1.7499,38115602.0
COO,sp500,2014,249,1.2256,0.3675,0.1813,0.0118,1.9408,77207908.0
COO,sp500,2015,249,0.5612,0.1265,0.2272,0.0333,2.009,75591813.0
COO,sp500,2016,249,0.8379,0.2655,0.1813,0.1155,1.963,80695664.0
COO,sp500,2017,248,0.6458,0.0434,0.2041,0.3005,1.6045,95393731.0
COO,sp500,2018,248,0.9983,0.3996,0.2099,0.016,2.2313,97570819.0
COO,sp500,2019,249,0.7955,0.2384,0.1695,0.0577,1.8728,94332868.0
COO,sp500,2020,250,0.9109,0.5829,0.2607,0.0327,2.976,98817451.0
COO,sp500,2021,249,0.7754,0.2042,0.1985,0.0384,1.9428,111083912.0
COO,sp500,2022,248,1.0483,0.5543,0.2286,0.0224,2.6719,112070379.0
COO,sp500,2023,247,0.9626,0.3051,0.1897,0.0121,2.0097,103416610.0
COO,sp500,2024,249,0.5498,0.0801,0.2348,0.0942,2.0101,114575055.0
CPRT,sp500,2012,246,0.7037,0.2038,0.1771,0.0155,1.8542,15189054.0
CPRT,sp500,2013,249,0.9926,0.1919,0.2212,0.0982,1.871,29902585.0
CPRT,sp500,2014,249,0.8982,0.3136,0.1498,0.0052,1.7363,18835868.0
CPRT,sp500,2015,249,0.7264,0.4369,0.127,0.0311,1.5774,20779363.0
CPRT,sp500,2016,249,1.0039,0.3653,0.1721,0.0139,1.8588,31523584.0
CPRT,sp500,2017,248,1.1587,0.1624,0.177,0.0716,1.502,36501394.0
CPRT,sp500,2018,248,1.0476,0.3408,0.2499,0.0243,2.4068,108742549.0
CPRT,sp500,2019,249,0.7936,0.2216,0.1773,0.003,1.7614,104746654.0
CPRT,sp500,2020,250,1.0131,0.6079,0.2752,0.0244,3.048,155599197.0
CPRT,sp500,2021,249,1.2632,0.4544,0.1795,0.0048,2.1278,127600842.0
CPRT,sp500,2022,248,1.1522,0.6787,0.1929,0.0065,2.7141,139079726.0
CPRT,sp500,2023,247,1.0375,0.4008,0.1656,0.0088,1.8059,173850179.0
CPRT,sp500,2024,249,0.8894,0.244,0.1973,0.0978,1.7638,236533764.0
GLW,sp500,2012,246,1.1901,0.2638,0.2531,0.0695,2.1751,137746580.0
GLW,sp500,2013,249,1.2395,0.2823,0.2147,0.027,1.9101,134952156.0
GLW,sp500,2014,249,1.2346,0.3963,0.1718,0.0463,1.7491,139424347.0
GLW,sp500,2015,249,1.0224,0.3946,0.1951,0.0082,2.1028,153285961.0
GLW,sp500,2016,249,1.1547,0.4424,0.1686,0.0146,1.7523,152729541.0
GLW,sp500,2017,248,1.5721,0.3338,0.1494,0.0122,1.4148,138991329.0
GLW,sp500,2018,248,1.2266,0.5605,0.1863,0.0187,2.0926,151743351.0
GLW,sp500,2019,249,1.3531,0.3496,0.22,0.0017,1.8307,124636770.0
GLW,sp500,2020,250,1.3154,0.7508,0.2563,0.0004,3.0734,129092785.0
GLW,sp500,2021,249,1.1936,0.3699,0.202,0.0235,2.0338,153005379.0
GLW,sp500,2022,248,0.9921,0.5745,0.2077,0.0047,2.5043,152100752.0
GLW,sp500,2023,247,0.9198,0.3005,0.1832,0.0359,1.776,127052169.0
GLW,sp500,2024,249,0.855,0.1663,0.2413,0.0479,1.8146,208714051.0
CPAY,sp500,2012,246,0.855,0.2109,0.2105,0.0182,2.0579,17241217.0
CPAY,sp500,2013,249,1.273,0.237,0.2481,0.034,2.3336,68870935.0
CPAY,sp500,2014,249,1.5511,0.3664,0.23,0.0469,2.3828,101565683.0
CPAY,sp500,2015,249,1.0256,0.4482,0.1753,0.0296,2.0462,95830515.0
CPAY,sp500,2016,249,1.5539,0.4524,0.2223,0.0187,2.2222,122158812.0
CPAY,sp500,2017,248,1.1982,0.0849,0.2647,0.0657,2.1095,168231774.0
CPAY,sp500,2018,248,0.9403,0.4118,0.1927,0.0085,2.1318,154560955.0
CPAY,sp500,2019,249,1.0491,0.2996,0.1912,0.0487,1.8815,153829319.0
CPAY,sp500,2020,250,1.1892,0.5521,0.3623,0.027,3.5886,219291520.0
CPAY,sp500,2021,249,1.1858,0.3379,0.2152,0.0099,2.214,155436852.0
CPAY,sp500,2022,248,1.0972,0.5905,0.2223,0.0138,2.7792,124541410.0
CPAY,sp500,2023,247,1.2794,0.3812,0.2128,0.0122,2.1386,120039546.0
CPAY,sp500,2024,249,0.8442,0.1693,0.2357,0.0012,2.0398,142955221.0
CTVA,sp500,2020,250,1.0879,0.5128,0.3587,0.0142,3.6602,123434359.0
CTVA,sp500,2021,249,1.044,0.2518,0.2333,0.0103,2.3483,129454347.0
CTVA,sp500,2022,248,0.6102,0.2729,0.2423,0.0296,2.5443,200855325.0
CTVA,sp500,2023,247,0.6912,0.1236,0.2403,0.1129,2.0676,192825549.0
CTVA,sp500,2024,249,0.7946,0.1194,0.272,0.3108,1.9391,178034426.0
CSGP,sp500,2012,246,1.1209,0.3324,0.2022,0.0441,2.2431,11558043.0
CSGP,sp500,2013,249,1.138,0.2098,0.2398,0.005,2.2098,16453170.0
CSGP,sp500,2014,249,1.6216,0.3032,0.2771,0.0255,3.1054,43226597.0
CSGP,sp500,2015,249,1.0798,0.4157,0.1972,0.0098,2.4957,33420173.0
CSGP,sp500,2016,249,1.4299,0.3583,0.2489,0.0511,2.6335,38678643.0
CSGP,sp500,2017,248,1.0346,0.1406,0.1721,0.0566,1.9309,52299359.0
CSGP,sp500,2018,248,0.8831,0.3322,0.2147,0.0139,2.5621,84632744.0
CSGP,sp500,2019,249,1.0121,0.2071,0.236,0.0227,2.3318,136802220.0
CSGP,sp500,2020,250,0.9538,0.5237,0.3077,0.0062,3.3286,186078112.0
CSGP,sp500,2021,249,0.9792,0.1989,0.2548,0.0249,2.4118,193590871.0
CSGP,sp500,2022,248,1.2004,0.4403,0.3292,0.0058,3.1533,179053381.0
CSGP,sp500,2023,247,1.1997,0.3332,0.2216,0.0125,2.1318,176343016.0
CSGP,sp500,2024,249,0.7901,0.1167,0.2739,0.0406,2.5487,191599038.0
COST,sp500,2012,246,0.6594,0.2596,0.1418,0.0232,1.3721,158767329.0
COST,sp500,2013,249,0.7585,0.3485,0.1127,0.0071,1.3083,157827538.0
COST,sp500,2014,249,0.6538,0.2634,0.1233,0.0377,1.1621,202032016.0
COST,sp500,2015,249,0.7795,0.4479,0.1333,0.0089,1.4649,263995813.0
COST,sp500,2016,249,0.5615,0.1724,0.16,0.0165,1.4524,310867867.0
COST,sp500,2017,248,0.7454,0.0691,0.1841,0.0941,1.2546,451497088.0
COST,sp500,2018,248,0.8639,0.4295,0.1708,0.0047,1.7488,436692583.0
COST,sp500,2019,249,0.687,0.2723,0.1339,0.0475,1.3831,467564228.0
COST,sp500,2020,250,0.6021,0.4915,0.2072,0.0223,2.0216,820640897.0
COST,sp500,2021,249,0.7836,0.2912,0.1585,0.0554,1.623,875130750.0
COST,sp500,2022,248,0.9187,0.4928,0.2267,0.0051,2.4687,1197392710.0
COST,sp500,2023,247,0.7996,0.3019,0.1587,0.0209,1.5173,964240169.0
COST,sp500,2024,249,0.8313,0.3052,0.1581,0.0099,1.6104,1577454916.0
CRH,sp500,2012,246,1.8672,0.5246,0.2263,0.0189,1.8187,2753701.0
CRH,sp500,2013,249,1.6184,0.4421,0.1974,0.0079,1.4874,3131254.0
CRH,sp500,2014,249,1.2107,0.3113,0.203,0.0051,1.41,7204455.0
CRH,sp500,2015,249,1.2318,0.4442,0.2122,0.0011,1.5044,8547806.0
CRH,sp500,2016,249,1.6472,0.5246,0.2039,0.0374,1.4584,20305529.0
CRH,sp500,2017,248,1.3849,0.2319,0.1696,0.059,1.0575,16008606.0
CRH,sp500,2018,248,0.8126,0.3222,0.2021,0.0244,1.4127,19325359.0
CRH,sp500,2019,249,0.8902,0.3343,0.1497,0.0145,1.1658,14463598.0
CRH,sp500,2020,250,1.1918,0.5734,0.3477,0.0067,2.3018,19370012.0
CRH,sp500,2021,249,1.0506,0.3457,0.1874,0.0202,1.4059,18812844.0
CRH,sp500,2022,248,1.0973,0.5332,0.2497,0.0019,2.061,22157360.0
CRH,sp500,2023,247,1.1349,0.3214,0.2153,0.0057,1.7,124501663.0
CRH,sp500,2024,249,1.2312,0.3348,0.2187,0.0075,2.0647,380825291.0
CRWD,sp500,2020,250,0.8228,0.184,0.5861,0.056,5.3416,577282432.0
CRWD,sp500,2021,249,1.207,0.1062,0.454,0.0882,4.4144,853429579.0
CRWD,sp500,2022,248,1.6466,0.3651,0.5282,0.0199,5.378,747369998.0
CRWD,sp500,2023,247,1.6048,0.267,0.3471,0.051,3.4459,591732332.0
CRWD,sp500,2024,249,1.9292,0.2599,0.4103,0.0313,3.609,1506830708.0
CCI,sp500,2012,246,0.7072,0.2613,0.1514,0.0683,1.6678,68833140.0
CCI,sp500,2013,249,0.7072,0.1477,0.1845,0.0046,1.7092,102842286.0
CCI,sp500,2014,249,0.7143,0.2135,0.1545,0.0305,1.4909,118489448.0
CCI,sp500,2015,249,0.6953,0.4034,0.1302,0.0038,1.4446,120098075.0
CCI,sp500,2016,249,0.7387,0.2531,0.1651,0.0434,1.5817,143570075.0
CCI,sp500,2017,248,0.2419,0.0108,0.1561,0.4054,1.5217,155643656.0
CCI,sp500,2018,248,0.4632,0.1543,0.186,0.0729,1.8372,188348447.0
CCI,sp500,2019,249,0.259,0.029,0.1787,0.2782,1.6787,178441444.0
CCI,sp500,2020,250,0.9506,0.5602,0.2849,0.0214,2.8703,258702399.0
CCI,sp500,2021,249,0.5212,0.118,0.1847,0.1786,1.8155,241444335.0
CCI,sp500,2022,248,0.7454,0.3688,0.2372,0.0126,2.5616,247331829.0
CCI,sp500,2023,247,1.0498,0.2504,0.2371,0.0038,2.3188,272744196.0
CCI,sp500,2024,249,0.1126,0.0041,0.22,0.8127,1.9222,251645813.0
CSX,sp500,2012,246,1.1576,0.3515,0.2002,0.0051,2.0614,156063780.0
CSX,sp500,2013,249,1.1508,0.4308,0.1437,0.0136,1.6751,136997872.0
CSX,sp500,2014,249,1.11,0.3495,0.1707,0.1494,1.5988,170179399.0
CSX,sp500,2015,249,1.1699,0.4381,0.2041,0.0019,2.2429,226595098.0
CSX,sp500,2016,249,1.3372,0.4667,0.1859,0.0061,2.167,198824940.0
CSX,sp500,2017,248,1.0892,0.0519,0.3132,0.0358,2.0152,380478118.0
CSX,sp500,2018,248,1.1506,0.543,0.181,0.0079,2.2398,337708892.0
CSX,sp500,2019,249,1.0965,0.3414,0.1816,0.0141,1.7398,306866449.0
CSX,sp500,2020,250,1.1859,0.7488,0.2324,0.0248,2.8011,296721203.0
CSX,sp500,2021,249,0.9844,0.3465,0.1753,0.0294,1.8152,343843228.0
CSX,sp500,2022,248,0.8366,0.5099,0.1995,0.0393,2.432,483002736.0
CSX,sp500,2023,247,0.864,0.2949,0.1744,0.0127,1.8669,390587329.0
CSX,sp500,2024,249,0.7183,0.1777,0.1948,0.0102,1.7806,390595619.0
CMI,sp500,2012,246,1.7008,0.4269,0.2509,0.0097,2.5997,180472627.0
CMI,sp500,2013,249,1.3052,0.3934,0.176,0.0135,1.8859,136110345.0
CMI,sp500,2014,249,1.4393,0.5351,0.1512,0.0034,1.731,152318265.0
CMI,sp500,2015,249,0.9142,0.3292,0.201,0.0115,1.7812,175128597.0
CMI,sp500,2016,249,1.2559,0.3675,0.2143,0.021,2.1733,163294246.0
CMI,sp500,2017,248,1.3791,0.2564,0.158,0.0011,1.4836,163412826.0
CMI,sp500,2018,248,0.9186,0.4142,0.1873,0.0201,2.2596,188286713.0
CMI,sp500,2019,249,1.3477,0.4907,0.1637,0.0025,1.8428,166981170.0
CMI,sp500,2020,250,0.9307,0.5308,0.296,0.031,2.8439,190424233.0
CMI,sp500,2021,249,0.9059,0.2607,0.1978,0.0224,2.0858,219505865.0
CMI,sp500,2022,248,0.7884,0.4664,0.2051,0.0298,2.5779,197491036.0
CMI,sp500,2023,247,0.9981,0.2811,0.2084,0.0776,2.0539,198090584.0
CMI,sp500,2024,249,0.7581,0.1605,0.2185,0.0514,2.0041,379060967.0
CVS,sp500,2012,246,0.6035,0.2263,0.142,0.0204,1.4513,223807487.0
CVS,sp500,2013,249,0.9466,0.3826,0.1306,0.0105,1.4357,218497467.0
CVS,sp500,2014,249,0.8265,0.4158,0.1104,0.0106,1.2946,257028394.0
CVS,sp500,2015,249,0.9233,0.5278,0.1345,0.0121,1.6631,353628129.0
CVS,sp500,2016,249,0.5997,0.1218,0.2094,0.0873,1.583,386229465.0
CVS,sp500,2017,248,0.7618,0.0553,0.2118,0.0824,1.7515,404287644.0
CVS,sp500,2018,248,0.8939,0.2736,0.2498,0.0954,2.4592,462327147.0
CVS,sp500,2019,249,0.8765,0.1653,0.2348,0.1059,1.9635,455449649.0
CVS,sp500,2020,250,0.8415,0.5089,0.2796,0.0295,2.8105,455183938.0
CVS,sp500,2021,249,0.5102,0.1014,0.1969,0.1304,1.8421,426452726.0
CVS,sp500,2022,248,0.579,0.2746,0.2289,0.037,2.1907,491637615.0
CVS,sp500,2023,247,0.563,0.0885,0.2359,0.0584,1.9105,569927647.0
CVS,sp500,2024,249,0.3658,0.0154,0.3686,0.2664,2.449,665281672.0
DHR,sp500,2012,246,1.0574,0.5413,0.1239,0.023,1.5609,100113977.0
DHR,sp500,2013,249,1.0948,0.525,0.1131,0.007,1.314,104455892.0
DHR,sp500,2014,249,1.1292,0.5842,0.1074,0.0108,1.2527,135584748.0
DHR,sp500,2015,249,0.9501,0.6652,0.1038,0.0112,1.3529,178692422.0
DHR,sp500,2016,249,0.5741,0.0221,0.497,0.5475,1.2813,204206664.0
DHR,sp500,2017,248,0.7853,0.1621,0.1201,0.0759,1.0561,212093829.0
DHR,sp500,2018,248,0.9565,0.6045,0.1327,0.0032,1.7029,242243219.0
DHR,sp500,2019,249,0.9764,0.3426,0.1612,0.0337,1.6295,645629180.0
DHR,sp500,2020,250,0.7732,0.601,0.2131,0.0224,2.5426,488466194.0
DHR,sp500,2021,249,0.6252,0.1208,0.2187,0.0459,2.002,642954491.0
DHR,sp500,2022,248,1.0642,0.5856,0.2177,0.0192,2.6225,690084081.0
DHR,sp500,2023,247,0.8871,0.2315,0.211,0.0567,2.137,682285171.0
DHR,sp500,2024,249,0.66,0.1411,0.2052,0.044,1.8346,694964642.0
DRI,sp500,2012,246,1.0146,0.3135,0.1911,0.001,1.8756,57112984.0
DRI,sp500,2013,249,0.9358,0.2392,0.1812,0.0085,1.6629,57544923.0
DRI,sp500,2014,249,0.8848,0.2242,0.1856,0.0656,1.6577,54733310.0
DRI,sp500,2015,249,0.7646,0.2396,0.2098,0.035,1.9669,74994689.0
DRI,sp500,2016,249,0.7041,0.1877,0.1905,0.0013,1.7917,91990291.0
DRI,sp500,2017,248,0.5909,0.0352,0.2082,0.143,1.6108,103715489.0
DRI,sp500,2018,248,0.6872,0.1858,0.2467,0.0187,2.1067,124435584.0
DRI,sp500,2019,249,0.6136,0.1271,0.1917,0.0518,1.7704,122150668.0
DRI,sp500,2020,250,1.6699,0.4635,0.6077,0.0117,5.0445,178081581.0
DRI,sp500,2021,249,1.2482,0.2698,0.2662,0.0154,2.5845,172836936.0
DRI,sp500,2022,248,0.9574,0.4621,0.2513,0.0303,2.9012,141162792.0
DRI,sp500,2023,247,0.5704,0.178,0.16,0.0281,1.6802,164798591.0
DRI,sp500,2024,249,0.6639,0.0962,0.2565,0.2778,1.8742,186931708.0
DDOG,sp500,2020,250,0.7826,0.163,0.5999,0.1343,5.6794,323112579.0
DDOG,sp500,2021,249,1.5912,0.1683,0.4587,0.0225,4.4117,381059441.0
DDOG,sp500,2022,248,2.0692,0.4547,0.5512,0.0063,6.5967,512063920.0
DDOG,sp500,2023,247,1.8829,0.1866,0.5133,0.0124,3.9163,411633932.0
DDOG,sp500,2024,249,1.4539,0.2355,0.3301,0.0664,3.1244,508106170.0
DVA,sp500,2012,246,0.7666,0.2564,0.1662,0.0927,1.7374,83122377.0
DVA,sp500,2013,249,0.8244,0.141,0.2209,0.0371,1.5973,100244657.0
DVA,sp500,2014,249,0.7572,0.318,0.125,0.0019,1.3527,80851481.0
DVA,sp500,2015,249,0.6271,0.3797,0.1235,0.0091,1.4701,90921611.0
DVA,sp500,2016,249,0.8384,0.261,0.1835,0.0351,1.6892,100915335.0
DVA,sp500,2017,248,0.8809,0.0396,0.2918,0.0215,1.8613,104226918.0
DVA,sp500,2018,248,0.9792,0.3029,0.2548,0.0616,2.3132,106882712.0
DVA,sp500,2019,249,0.8639,0.1068,0.2978,0.1606,2.326,117741043.0
DVA,sp500,2020,250,0.837,0.4654,0.3034,0.0245,3.1677,98875108.0
DVA,sp500,2021,249,0.5152,0.0585,0.268,0.1078,2.1873,82456740.0
DVA,sp500,2022,248,0.4415,0.0502,0.4671,0.2571,2.9569,73713663.0
DVA,sp500,2023,247,0.769,0.0747,0.3533,0.1288,2.5455,76549053.0
DVA,sp500,2024,249,0.4626,0.0391,0.2888,0.1912,2.482,113822636.0
DECK,sp500,2012,246,1.5632,0.1022,0.59,0.0391,4.1132,108903310.0
DECK,sp500,2013,249,1.2591,0.0984,0.414,0.028,3.3886,71712379.0
DECK,sp500,2014,249,0.8484,0.0809,0.3224,0.1009,2.8212,69675628.0
DECK,sp500,2015,249,1.1856,0.206,0.3585,0.0761,2.8582,57621141.0
DECK,sp500,2016,249,1.1196,0.1733,0.3181,0.0321,3.0549,40477040.0
DECK,sp500,2017,248,0.8252,0.0221,0.3697,0.0191,2.4413,44700712.0
DECK,sp500,2018,248,0.8799,0.1963,0.3054,0.1536,2.9466,73854063.0
DECK,sp500,2019,249,1.1348,0.1705,0.2983,0.0037,2.5421,75153386.0
DECK,sp500,2020,250,1.1585,0.446,0.4367,0.0624,4.2245,85492234.0
DECK,sp500,2021,249,1.3705,0.2293,0.3258,0.0184,3.2858,134911113.0
DECK,sp500,2022,248,1.3386,0.4371,0.3695,0.0143,3.9951,126724779.0
DECK,sp500,2023,247,0.808,0.1212,0.2841,0.0645,2.3448,199847664.0
DECK,sp500,2024,249,1.597,0.2699,0.331,0.045,2.7757,340912677.0
DE,sp500,2012,246,1.1938,0.4714,0.1609,0.0164,1.8589,229208692.0
DE,sp500,2013,249,0.7686,0.2203,0.157,0.0301,1.4854,212236224.0
DE,sp500,2014,249,0.5997,0.2104,0.131,0.0698,1.3322,223392930.0
DE,sp500,2015,249,0.8946,0.358,0.1845,0.0134,1.6696,220157947.0
DE,sp500,2016,249,0.8569,0.1731,0.2436,0.0087,1.8667,235540012.0
DE,sp500,2017,248,1.1946,0.2188,0.1519,0.085,1.3258,249561429.0
DE,sp500,2018,248,1.3015,0.4988,0.2238,0.0028,2.6567,349308167.0
DE,sp500,2019,249,1.3059,0.3676,0.2042,0.0125,1.9116,287115570.0
DE,sp500,2020,250,1.0964,0.6514,0.2713,0.0125,3.0084,294549499.0
DE,sp500,2021,249,1.0839,0.2306,0.2567,0.0163,2.3361,559197451.0
DE,sp500,2022,248,0.7623,0.2768,0.2997,0.0886,2.8591,617887157.0
DE,sp500,2023,247,0.9447,0.2047,0.2431,0.0698,2.1116,610438892.0
DE,sp500,2024,249,0.6289,0.1135,0.2215,0.0784,1.9024,540891284.0
DELL,sp500,2017,248,1.4504,0.2134,0.1874,0.0149,1.6033,89241954.0
DELL,sp500,2018,248,0.9037,0.1708,0.3415,0.1324,2.3439,177978231.0
DELL,sp500,2019,249,1.4477,0.2351,0.3113,0.077,2.8494,118369548.0
DELL,sp500,2020,250,1.0922,0.5349,0.3445,0.0145,3.3774,130468473.0
DELL,sp500,2021,249,1.0714,0.2746,0.2258,0.0429,2.1135,219397018.0
DELL,sp500,2022,248,1.1917,0.462,0.3128,0.0048,2.9876,162358991.0
DELL,sp500,2023,247,1.0054,0.1514,0.3107,0.0404,2.4667,235935178.0
DELL,sp500,2024,249,2.1788,0.218,0.5201,0.0256,3.877,1192392794.0
DAL,sp500,2012,246,0.9275,0.0916,0.3719,0.1444,3.6746,103646278.0
DAL,sp500,2013,249,1.4833,0.2001,0.3221,0.0117,3.1107,237226056.0
DAL,sp500,2014,249,1.6743,0.3075,0.2832,0.0532,2.9144,416909831.0
DAL,sp500,2015,249,1.0679,0.2799,0.2638,0.0098,2.712,430351207.0
DAL,sp500,2016,249,1.485,0.3679,0.2532,0.0585,2.6778,386833328.0
DAL,sp500,2017,248,1.875,0.2902,0.1973,0.0025,1.9897,346781518.0
DAL,sp500,2018,248,0.931,0.325,0.2301,0.0068,2.354,350905463.0
DAL,sp500,2019,249,1.0014,0.33,0.1701,0.041,1.9542,321551422.0
DAL,sp500,2020,250,1.407,0.3367,0.668,0.1139,5.4766,865509720.0
DAL,sp500,2021,249,1.2609,0.1933,0.334,0.0111,3.0732,514993473.0
DAL,sp500,2022,248,1.2931,0.4599,0.3408,0.0058,3.6278,441314897.0
DAL,sp500,2023,247,1.1806,0.2754,0.25,0.0397,2.4768,373298045.0
DAL,sp500,2024,249,1.2599,0.2371,0.2848,0.1074,2.641,423594508.0
DVN,sp500,2012,246,1.2703,0.377,0.2079,0.0114,2.1962,141393516.0
DVN,sp500,2013,249,1.126,0.2839,0.1942,0.009,1.9939,125239362.0
DVN,sp500,2014,249,1.3487,0.2862,0.2401,0.0166,2.1275,154749989.0
DVN,sp500,2015,249,1.4501,0.2988,0.3422,0.0659,3.2941,150662891.0
DVN,sp500,2016,249,2.3592,0.2664,0.5092,0.039,4.7811,206576710.0
DVN,sp500,2017,248,1.259,0.076,0.2953,0.1336,2.6935,122636744.0
DVN,sp500,2018,248,1.3287,0.3183,0.3335,0.0364,3.2434,186391059.0
DVN,sp500,2019,249,1.8018,0.2659,0.3568,0.0095,3.3409,129765369.0
DVN,sp500,2020,250,1.827,0.3794,0.7905,0.0491,6.612,88586991.0
DVN,sp500,2021,249,1.5771,0.16,0.4686,0.0704,4.3917,256784513.0
DVN,sp500,2022,248,0.9375,0.1761,0.4932,0.132,4.4711,618345825.0
DVN,sp500,2023,247,1.0666,0.1652,0.3131,0.0821,2.5956,404361454.0
DVN,sp500,2024,249,0.5403,0.0728,0.243,0.0823,2.1754,315095346.0
DXCM,sp500,2012,246,1.2211,0.2045,0.3066,0.0172,3.1996,5452001.0
DXCM,sp500,2013,249,1.1007,0.07,0.4356,0.1648,3.2121,12766887.0
DXCM,sp500,2014,249,1.6126,0.1831,0.384,0.0806,3.7667,32066745.0
DXCM,sp500,2015,249,1.1459,0.1953,0.3583,0.0506,3.208,65800049.0
DXCM,sp500,2016,249,1.3988,0.1576,0.4207,0.103,3.6278,72475390.0
DXCM,sp500,2017,248,1.4564,0.03,0.5575,0.2453,2.9468,92496978.0
DXCM,sp500,2018,248,1.0329,0.1298,0.4587,0.1516,3.713,123877282.0
DXCM,sp500,2019,249,1.1378,0.086,0.4421,0.1613,3.5815,167754838.0
DXCM,sp500,2020,250,0.8632,0.2737,0.4757,0.0679,4.7816,432928053.0
DXCM,sp500,2021,249,1.1536,0.1614,0.341,0.0356,3.1239,327948622.0
DXCM,sp500,2022,248,1.4858,0.4426,0.4056,0.0183,4.3264,307230341.0
DXCM,sp500,2023,247,0.9201,0.0885,0.3854,0.139,3.2772,360886969.0
DXCM,sp500,2024,249,0.3131,0.0038,0.6397,0.9273,3.0974,363014657.0
FANG,sp500,2013,249,1.5391,0.1667,0.3738,0.0333,4.5571,14142766.0
FANG,sp500,2014,249,2.0131,0.2579,0.385,0.0441,4.3921,63490639.0
FANG,sp500,2015,249,1.1977,0.2177,0.3497,0.0601,3.9417,66192539.0
FANG,sp500,2016,249,1.3162,0.1935,0.3495,0.09,3.5529,88087683.0
FANG,sp500,2017,248,1.3888,0.0984,0.2828,0.0756,2.6318,101278953.0
FANG,sp500,2018,248,1.1894,0.2615,0.3428,0.0628,3.3542,179180826.0
FANG,sp500,2019,249,1.4925,0.2135,0.3415,0.0031,2.8935,136714189.0
FANG,sp500,2020,250,1.6993,0.2746,0.9342,0.0623,6.545,112493499.0
FANG,sp500,2021,249,1.6544,0.1688,0.476,0.051,4.5966,185267551.0
FANG,sp500,2022,248,0.7707,0.1595,0.4304,0.1029,4.1889,309135890.0
FANG,sp500,2023,247,0.7919,0.127,0.2711,0.0748,2.3962,260302132.0
FANG,sp500,2024,249,0.5118,0.0526,0.2738,0.1534,2.2132,310811368.0
DLR,sp500,2012,246,0.6416,0.1824,0.1729,0.0077,1.7076,47579809.0
DLR,sp500,2013,249,0.7392,0.0649,0.3048,0.1394,2.2602,57523402.0
DLR,sp500,2014,249,0.5509,0.1179,0.1699,0.2135,1.7881,49599709.0
DLR,sp500,2015,249,0.6499,0.2478,0.1744,0.0192,1.7517,53169129.0
DLR,sp500,2016,249,0.7256,0.147,0.2274,0.0451,2.1546,112667923.0
DLR,sp500,2017,248,0.6776,0.0538,0.1913,0.2829,1.6884,104023031.0
DLR,sp500,2018,248,0.5954,0.1717,0.2243,0.0361,2.0272,111502791.0
DLR,sp500,2019,249,0.4447,0.0735,0.1882,0.0286,1.813,124112985.0
DLR,sp500,2020,250,0.8377,0.4246,0.3299,0.0251,3.0712,257362763.0
DLR,sp500,2021,249,0.373,0.0492,0.2125,0.3293,2.0249,175292744.0
DLR,sp500,2022,248,0.8884,0.4132,0.2576,0.012,2.675,187021651.0
DLR,sp500,2023,247,1.2176,0.2627,0.2663,0.0375,2.645,242367035.0
DLR,sp500,2024,249,0.9482,0.2023,0.2373,0.1017,2.0935,271199344.0
DG,sp500,2012,246,0.3781,0.0435,0.2257,0.1238,2.0309,157349891.0
DG,sp500,2013,249,0.7159,0.1027,0.2299,0.0382,1.7939,158066539.0
DG,sp500,2014,249,0.7834,0.1282,0.2303,0.018,1.8278,245596766.0
DG,sp500,2015,249,0.665,0.2182,0.1939,0.0153,1.7684,225920506.0
DG,sp500,2016,249,0.6469,0.0736,0.2984,0.0339,1.9036,224030192.0
DG,sp500,2017,248,0.8991,0.0691,0.2221,0.1271,1.9466,191284936.0
DG,sp500,2018,248,0.8377,0.2898,0.2249,0.0724,2.0928,228254684.0
DG,sp500,2019,249,0.6673,0.1424,0.1952,0.0695,1.5888,231712260.0
DG,sp500,2020,250,0.5059,0.3038,0.259,0.0709,2.5147,355022010.0
DG,sp500,2021,249,0.5276,0.1122,0.1924,0.1166,1.793,368436864.0
DG,sp500,2022,248,0.6835,0.2522,0.2863,0.0388,2.4165,420906170.0
DG,sp500,2023,247,0.3703,0.0175,0.3625,0.3211,2.2744,440959278.0
DG,sp500,2024,249,0.2036,0.0027,0.4927,0.6082,2.7637,337938222.0
AA,sp400,2012,246,1.6094,0.5582,0.1823,0.0232,2.3631,175068810.0
AA,sp400,2013,249,1.0562,0.2287,0.2107,0.0459,1.9383,161475789.0
AA,sp400,2014,249,1.4546,0.2954,0.2532,0.0283,2.4754,265934190.0
AA,sp400,2015,249,1.1804,0.2287,0.3339,0.0528,2.8548,271496976.0
AA,sp400,2016,249,1.7713,0.2461,0.4033,0.0724,3.7165,207703948.0
AA,sp400,2017,248,1.9692,0.1273,0.3468,0.0826,3.0458,151296365.0
AA,sp400,2018,248,1.2649,0.2243,0.4034,0.0045,3.6439,169130961.0
AA,sp400,2019,249,1.8131,0.3123,0.3207,0.0093,3.4892,82809106.0
AA,sp400,2020,250,1.5859,0.4273,0.6211,0.0161,6.0763,85270076.0
AA,sp400,2021,249,1.7157,0.1264,0.5847,0.13,4.9037,286250100.0
AA,sp400,2022,248,1.4183,0.2648,0.5748,0.053,5.4901,383051287.0
AA,sp400,2023,247,2.1224,0.2824,0.4417,0.0318,3.9887,184218848.0
AA,sp400,2024,249,1.565,0.1695,0.4366,0.0309,3.6649,194681905.0
AAL,sp400,2012,246,0.9349,0.0443,0.5528,0.2241,4.8444,77080601.0
AAL,sp400,2013,249,1.0862,0.1089,0.3375,0.0226,3.3444,143505706.0
AAL,sp400,2014,249,1.6304,0.231,0.3353,0.1603,3.4347,456542901.0
AAL,sp400,2015,249,1.1411,0.2184,0.3325,0.0257,3.0969,501344407.0
AAL,sp400,2016,249,1.6748,0.3511,0.2961,0.0591,2.9487,326509842.0
AAL,sp400,2017,248,1.9435,0.2074,0.2556,0.0126,2.3922,267631529.0
AAL,sp400,2018,248,1.3144,0.3105,0.3359,0.0228,3.3012,275536330.0
AAL,sp400,2019,249,1.4767,0.2618,0.2956,0.0619,2.8666,211947260.0
AAL,sp400,2020,250,1.397,0.2168,0.8983,0.1783,7.0012,950749343.0
AAL,sp400,2021,249,1.076,0.0884,0.4481,0.1099,4.1373,765117536.0
AAL,sp400,2022,248,1.5521,0.4464,0.4204,0.0022,4.5739,542646723.0
AAL,sp400,2023,247,1.3567,0.2608,0.2982,0.0288,2.9076,396373490.0
AAL,sp400,2024,249,1.3311,0.1456,0.4064,0.1143,3.1451,428663659.0
AAON,sp400,2012,246,1.2963,0.2743,0.2684,0.0078,3.0779,1062647.0
AAON,sp400,2013,249,1.3159,0.2061,0.2805,0.0131,2.987,2281396.0
AAON,sp400,2014,249,1.6728,0.3295,0.269,0.0486,3.2625,3266709.0
AAON,sp400,2015,249,1.1431,0.3671,0.2312,0.0324,2.6576,3182285.0
AAON,sp400,2016,249,1.1855,0.2787,0.248,0.0285,2.5821,3852059.0
AAON,sp400,2017,248,1.599,0.1829,0.2274,0.0382,2.2806,4732936.0
AAON,sp400,2018,248,0.8618,0.2097,0.2869,0.126,2.933,7289151.0
AAON,sp400,2019,249,1.3695,0.2884,0.2564,0.005,2.7823,6185254.0
AAON,sp400,2020,250,0.8317,0.3049,0.4247,0.0081,3.8731,11585554.0
AAON,sp400,2021,249,0.7455,0.163,0.219,0.0588,2.4971,10915385.0
AAON,sp400,2022,248,0.8354,0.2738,0.3309,0.0356,3.4333,11809371.0
AAON,sp400,2023,247,1.2868,0.2388,0.2999,0.0108,2.8515,26256622.0
AAON,sp400,2024,249,1.2341,0.1502,0.3699,0.0968,3.0769,52482741.0
ACI,sp400,2021,249,0.2118,0.0036,0.457,0.3767,3.6209,26239277.0
ACI,sp400,2022,248,0.5389,0.1143,0.3649,0.0431,3.0309,63351124.0
ACI,sp400,2023,247,0.1609,0.0282,0.1233,0.4422,1.2086,70186308.0
ACI,sp400,2024,249,0.3364,0.0537,0.1779,0.112,1.7438,61823594.0
ACM,sp400,2012,246,1.4601,0.2562,0.3167,0.0645,2.4726,18108247.0
ACM,sp400,2013,249,1.582,0.3057,0.2589,0.0183,2.2082,21312868.0
ACM,sp400,2014,249,1.5188,0.3531,0.2317,0.0266,2.3471,37561739.0
ACM,sp400,2015,249,1.1605,0.3925,0.2224,0.0557,2.5412,41163685.0
ACM,sp400,2016,249,1.846,0.459,0.2606,0.033,2.5106,35680281.0
ACM,sp400,2017,248,1.8461,0.2258,0.23,0.0274,2.2367,32387033.0
ACM,sp400,2018,248,1.0223,0.447,0.195,0.0196,2.3724,28846604.0
ACM,sp400,2019,249,1.1109,0.3728,0.1718,0.0144,1.9453,32786153.0
ACM,sp400,2020,250,1.2595,0.5581,0.3791,0.0368,3.6784,67351442.0
ACM,sp400,2021,249,1.2897,0.4041,0.2031,0.0154,2.3091,51460911.0
ACM,sp400,2022,248,0.8866,0.5415,0.1985,0.0109,2.5149,49008287.0
ACM,sp400,2023,247,0.9196,0.3127,0.178,0.0232,1.883,70389399.0
ACM,sp400,2024,249,0.9329,0.2903,0.1838,0.0942,1.9226,75498574.0
ADC,sp400,2012,246,0.374,0.1033,0.1403,0.051,1.724,666500.0
ADC,sp400,2013,249,0.8634,0.1855,0.1965,0.0877,1.9829,1741650.0
ADC,sp400,2014,249,0.6028,0.1757,0.1472,0.0157,1.7066,1143502.0
ADC,sp400,2015,249,0.6799,0.3326,0.1484,0.0224,1.7979,2202797.0
ADC,sp400,2016,249,0.5098,0.0843,0.2186,0.097,2.0905,5950697.0
ADC,sp400,2017,248,0.4305,0.0349,0.1524,0.0678,1.6662,6927968.0
ADC,sp400,2018,248,0.3909,0.1075,0.1932,0.0406,1.9065,10003308.0
ADC,sp400,2019,249,0.251,0.0275,0.1781,0.4791,1.6535,15886813.0
ADC,sp400,2020,250,1.0406,0.4792,0.367,0.0757,3.442,30437639.0
ADC,sp400,2021,249,0.5857,0.1796,0.1623,0.0207,1.7472,32880733.0
ADC,sp400,2022,248,0.4278,0.2162,0.1981,0.0158,2.0446,43464745.0
ADC,sp400,2023,247,0.6232,0.1875,0.1694,0.0316,1.7192,52985623.0
ADC,sp400,2024,249,0.1527,0.0118,0.1761,0.3031,1.6023,56954796.0
AEIS,sp400,2012,246,1.4146,0.2809,0.2882,0.0301,3.2097,3971220.0
AEIS,sp400,2013,249,1.5163,0.1561,0.3829,0.039,3.1912,7398987.0
AEIS,sp400,2014,249,1.8596,0.2232,0.3911,0.0015,3.6178,9841244.0
AEIS,sp400,2015,249,1.0877,0.324,0.242,0.0163,2.8674,8207297.0
AEIS,sp400,2016,249,1.1559,0.2793,0.2415,0.0064,2.6317,12332750.0
AEIS,sp400,2017,248,2.5975,0.2842,0.2773,0.0368,2.8399,30292467.0
AEIS,sp400,2018,248,1.3258,0.3365,0.3193,0.0231,3.3147,24116267.0
AEIS,sp400,2019,249,1.9231,0.3456,0.3155,0.0512,2.9951,15753251.0
AEIS,sp400,2020,250,1.5728,0.5865,0.4468,0.0761,4.4734,19053868.0
AEIS,sp400,2021,249,2.003,0.3226,0.3763,0.0631,3.5085,24642336.0
AEIS,sp400,2022,248,1.3665,0.5829,0.2812,0.003,3.7091,15802598.0
AEIS,sp400,2023,247,1.6004,0.3656,0.2753,0.006,2.9533,21656551.0
AEIS,sp400,2024,249,1.8965,0.4843,0.2466,0.012,2.8224,22353076.0
AFG,sp400,2012,246,0.7524,0.4272,0.1109,0.0083,1.3374,7192704.0
AFG,sp400,2013,249,0.9444,0.6479,0.0756,0.0036,1.1513,7061512.0
AFG,sp400,2014,249,0.8662,0.6037,0.0791,0.0077,1.1559,9258691.0
AFG,sp400,2015,249,0.7489,0.6405,0.0864,0.0131,1.2373,9168572.0
AFG,sp400,2016,249,0.8294,0.464,0.1159,0.0007,1.263,9737429.0
AFG,sp400,2017,248,0.8641,0.1444,0.1415,0.0533,1.2165,17400617.0
AFG,sp400,2018,248,0.7921,0.4575,0.1479,0.0194,1.6955,19102719.0
AFG,sp400,2019,249,0.8043,0.4206,0.1125,0.0042,1.3857,19381202.0
AFG,sp400,2020,250,1.5787,0.5448,0.4882,0.0197,4.0434,23933950.0
AFG,sp400,2021,249,0.9863,0.1936,0.261,0.1167,2.128,32712739.0
AFG,sp400,2022,248,0.67,0.3735,0.2111,0.0008,2.3402,36837840.0
AFG,sp400,2023,247,0.7084,0.1629,0.2097,0.0382,1.775,35840014.0
AFG,sp400,2024,249,0.5899,0.1432,0.1818,0.0685,1.695,36176818.0
AGCO,sp400,2012,246,1.865,0.5402,0.2191,0.0001,2.6746,46693061.0
AGCO,sp400,2013,249,1.1443,0.2813,0.1986,0.0548,1.8921,45860201.0
AGCO,sp400,2014,249,0.777,0.1535,0.2057,0.0864,1.8416,56077889.0
AGCO,sp400,2015,249,0.966,0.2602,0.2509,0.052,2.277,45401616.0
AGCO,sp400,2016,249,1.2616,0.3268,0.2355,0.0212,2.4152,38692287.0
AGCO,sp400,2017,248,1.5964,0.3055,0.1619,0.0369,1.6631,34503563.0
AGCO,sp400,2018,248,0.8315,0.2637,0.2383,0.0322,2.6174,39497086.0
AGCO,sp400,2019,249,1.3379,0.3722,0.2071,0.01,1.9678,33249726.0
AGCO,sp400,2020,250,1.1366,0.4547,0.4211,0.0475,3.5883,34036893.0
AGCO,sp400,2021,249,1.3165,0.2365,0.3067,0.0182,2.8655,67741283.0
AGCO,sp400,2022,248,1.0712,0.3889,0.3266,0.0169,3.3722,72710585.0
AGCO,sp400,2023,247,1.0996,0.2253,0.2662,0.0292,2.5667,74230462.0
AGCO,sp400,2024,249,0.6236,0.0781,0.2699,0.1247,2.4532,81253562.0
AIT,sp400,2012,246,1.1678,0.3706,0.1937,0.0668,1.9903,7114639.0
AIT,sp400,2013,249,1.3901,0.4999,0.151,0.006,1.6053,6636920.0
AIT,sp400,2014,249,1.1842,0.385,0.1687,0.0188,1.8028,6913701.0
AIT,sp400,2015,249,0.7483,0.2251,0.2138,0.0452,2.1049,9138138.0
AIT,sp400,2016,249,0.8992,0.2669,0.1938,0.0342,2.0189,8038223.0
AIT,sp400,2017,248,1.7263,0.3194,0.1695,0.0072,1.9223,10430759.0
AIT,sp400,2018,248,0.9919,0.4169,0.2012,0.0088,2.4528,12932760.0
AIT,sp400,2019,249,1.3252,0.3302,0.225,0.064,2.1779,10714956.0
AIT,sp400,2020,250,1.2852,0.4717,0.4601,0.1663,3.5957,11810129.0
AIT,sp400,2021,249,1.2551,0.2775,0.2625,0.0025,2.6036,12808769.0
AIT,sp400,2022,248,0.795,0.3351,0.2724,0.038,2.6666,18117587.0
AIT,sp400,2023,247,1.0804,0.2542,0.2416,0.0063,2.2135,30124658.0
AIT,sp400,2024,249,1.351,0.3795,0.2177,0.0388,2.0376,58558218.0
ALGM,sp400,2021,249,1.9365,0.3306,0.3573,0.0126,4.1792,22112131.0
ALGM,sp400,2022,248,1.4094,0.5826,0.2902,0.0115,4.0873,18337441.0
ALGM,sp400,2023,247,1.8222,0.3176,0.3487,0.0257,3.4892,56049444.0
ALGM,sp400,2024,249,2.3997,0.3696,0.395,0.0217,3.9523,49237989.0
ALK,sp400,2012,246,0.7758,0.1742,0.215,0.04,2.3382,26554088.0
ALK,sp400,2013,249,1.5108,0.2562,0.2796,0.028,2.7212,43767379.0
ALK,sp400,2014,249,1.3352,0.251,0.26,0.0256,2.5672,63181126.0
ALK,sp400,2015,249,0.9765,0.235,0.2714,0.0349,2.7309,90289400.0
ALK,sp400,2016,249,1.3349,0.3341,0.2451,0.0159,2.5458,101028152.0
ALK,sp400,2017,248,1.6739,0.1596,0.2584,0.0287,2.1995,115324263.0
ALK,sp400,2018,248,0.8924,0.2058,0.3006,0.0066,2.7026,127806374.0
ALK,sp400,2019,249,0.8897,0.2196,0.1999,0.0093,2.0714,72086791.0
ALK,sp400,2020,250,1.541,0.4159,0.6177,0.0415,5.5631,106033061.0
ALK,sp400,2021,249,1.2637,0.1992,0.3285,0.0487,3.3008,106614141.0
ALK,sp400,2022,248,1.1739,0.475,0.3002,0.0084,3.4433,84150040.0
ALK,sp400,2023,247,1.1985,0.2049,0.3083,0.0648,2.6111,89906818.0
ALK,sp400,2024,249,0.9131,0.1094,0.3284,0.2026,2.7591,100989408.0
ALLY,sp400,2014,231,1.0384,0.2279,0.2121,0.0325,1.6545,52521097.0
ALLY,sp400,2015,249,0.787,0.2294,0.2222,0.0344,2.3617,63572996.0
ALLY,sp400,2016,249,1.4393,0.3686,0.245,0.0823,2.6514,57781089.0
ALLY,sp400,2017,248,1.4599,0.1896,0.2031,0.0551,1.9288,72023682.0
ALLY,sp400,2018,248,1.0238,0.5238,0.1674,0.0023,2.2059,68384521.0
ALLY,sp400,2019,249,1.3193,0.4576,0.1712,0.0094,1.7338,83937250.0
ALLY,sp400,2020,250,1.5666,0.4728,0.5596,0.0431,4.7913,106822756.0
ALLY,sp400,2021,249,1.2793,0.2771,0.2679,0.03,2.7078,143739166.0
ALLY,sp400,2022,248,1.431,0.5684,0.3033,0.0041,3.6407,134472468.0
ALLY,sp400,2023,247,1.8895,0.3196,0.3599,0.0694,3.3438,130377166.0
ALLY,sp400,2024,249,1.202,0.1849,0.3181,0.0426,2.5888,119202742.0
ALSN,sp400,2012,196,1.0741,0.1651,0.3249,0.2331,3.8238,6681223.0
ALSN,sp400,2013,249,0.9387,0.1894,0.2109,0.254,2.2448,8855993.0
ALSN,sp400,2014,249,1.127,0.3341,0.1794,0.0199,1.854,40625419.0
ALSN,sp400,2015,249,0.8242,0.4019,0.1549,0.0002,1.7355,36740947.0
ALSN,sp400,2016,249,1.0655,0.3639,0.1832,0.089,1.9553,31925950.0
ALSN,sp400,2017,248,1.5236,0.2307,0.1872,0.0147,1.8161,49741009.0
ALSN,sp400,2018,248,0.8979,0.3148,0.2272,0.028,2.4056,50211887.0
ALSN,sp400,2019,249,1.3198,0.3916,0.1961,0.0176,1.9924,41143638.0
ALSN,sp400,2020,250,0.8058,0.3652,0.3594,0.1939,3.3621,38675064.0
ALSN,sp400,2021,249,0.8715,0.1425,0.2772,0.0813,2.6819,36378211.0
ALSN,sp400,2022,248,0.6327,0.2715,0.2521,0.0284,2.5545,31206099.0
ALSN,sp400,2023,247,0.9776,0.2202,0.2402,0.1253,2.0257,34577666.0
ALSN,sp400,2024,249,1.0219,0.2119,0.2484,0.0812,2.079,50667011.0
ALV,sp400,2012,246,1.773,0.5646,0.1982,0.0359,1.967,29283727.0
ALV,sp400,2013,249,1.1667,0.4427,0.1422,0.036,1.461,27721836.0
ALV,sp400,2014,249,1.0056,0.3823,0.1441,0.033,1.4092,41433569.0
ALV,sp400,2015,249,0.9299,0.3917,0.1785,0.0365,1.5804,46166163.0
ALV,sp400,2016,249,1.0573,0.2021,0.2733,0.0201,1.7452,41867361.0
ALV,sp400,2017,248,1.2143,0.1118,0.2303,0.0697,1.3609,47557435.0
ALV,sp400,2018,248,0.8397,0.2248,0.2674,0.0355,2.1073,59957481.0
ALV,sp400,2019,249,1.5992,0.3593,0.2546,0.0041,2.037,36069488.0
ALV,sp400,2020,250,1.2447,0.5939,0.3482,0.0256,2.9856,33254308.0
ALV,sp400,2021,249,1.1681,0.2589,0.2562,0.0303,2.0512,42369855.0
ALV,sp400,2022,248,1.2628,0.5162,0.2974,0.0262,2.8484,50598291.0
ALV,sp400,2023,247,0.9926,0.2028,0.2569,0.0342,2.0189,81342483.0
ALV,sp400,2024,249,0.9633,0.1904,0.2503,0.0992,1.9768,69310632.0
AM,sp400,2017,163,0.7657,0.0442,0.2414,0.1802,2.7219,4692073.0
AM,sp400,2018,248,0.8862,0.2289,0.2789,0.0643,3.0703,5191367.0
AM,sp400,2019,249,1.2794,0.1006,0.4561,0.053,4.3564,22809059.0
AM,sp400,2020,250,0.8123,0.116,0.7584,0.0335,7.543,19136614.0
AM,sp400,2021,249,0.9383,0.1052,0.3548,0.0328,3.4217,26744646.0
AM,sp400,2022,248,0.9248,0.3905,0.281,0.0424,3.148,26715967.0
AM,sp400,2023,247,0.8382,0.2488,0.1901,0.0641,2.0406,22555636.0
AM,sp400,2024,249,0.7276,0.1989,0.184,0.0333,1.7755,34173538.0
AMG,sp400,2012,246,1.501,0.6903,0.128,0.0114,1.9586,43782815.0
AMG,sp400,2013,249,1.5291,0.6408,0.1243,0.004,1.7889,60917490.0
AMG,sp400,2014,249,1.7582,0.5584,0.1763,0.0012,1.9709,92312304.0
AMG,sp400,2015,249,1.3136,0.5742,0.1742,0.0119,2.0377,80565228.0
AMG,sp400,2016,249,2.1031,0.5804,0.2326,0.0126,2.5508,82330969.0
AMG,sp400,2017,248,1.442,0.2665,0.161,0.0217,1.7344,65063640.0
AMG,sp400,2018,248,1.1679,0.519,0.1928,0.0038,2.517,73869918.0
AMG,sp400,2019,249,1.5421,0.3494,0.2508,0.0069,2.3183,52639052.0
AMG,sp400,2020,250,1.354,0.6079,0.3678,0.0214,3.9652,36072557.0
AMG,sp400,2021,249,1.5983,0.2987,0.3175,0.0362,2.7961,45249056.0
AMG,sp400,2022,248,1.3467,0.6526,0.239,0.0058,3.086,36318697.0
AMG,sp400,2023,247,1.0941,0.2715,0.234,0.0203,2.0486,37890087.0
AMG,sp400,2024,249,1.0012,0.2772,0.2038,0.0064,1.9209,39142128.0
AMH,sp400,2014,249,0.4747,0.1397,0.1328,0.0339,1.4634,17182988.0
AMH,sp400,2015,249,0.4869,0.2059,0.1473,0.0449,1.612,21158142.0
AMH,sp400,2016,249,0.8239,0.2119,0.2066,0.0192,1.9653,33879278.0
AMH,sp400,2017,248,0.4239,0.0363,0.1469,0.3678,1.5708,37066452.0
AMH,sp400,2018,248,0.4811,0.2237,0.1537,0.0084,1.6618,37551190.0
AMH,sp400,2019,249,0.3927,0.092,0.1471,0.061,1.4786,41055379.0
AMH,sp400,2020,250,0.9348,0.5362,0.2941,0.0527,3.3412,51148175.0
AMH,sp400,2021,249,0.6379,0.1772,0.1782,0.0363,1.8256,55349296.0
AMH,sp400,2022,248,0.7434,0.4236,0.211,0.0166,2.4237,80037929.0
AMH,sp400,2023,247,1.1097,0.3934,0.1799,0.0152,1.9372,70773200.0
AMH,sp400,2024,249,0.5097,0.136,0.1619,0.0573,1.7355,85249536.0
AMKR,sp400,2012,246,1.4995,0.298,0.293,0.0375,3.391,5178605.0
AMKR,sp400,2013,249,1.3994,0.2684,0.2509,0.0588,2.8175,3822877.0
AMKR,sp400,2014,249,1.7315,0.1851,0.4096,0.0446,3.6083,13191083.0
AMKR,sp400,2015,249,1.1728,0.1203,0.4885,0.0402,4.1751,8230029.0
AMKR,sp400,2016,249,1.3733,0.1412,0.4405,0.1285,3.6362,8733708.0
AMKR,sp400,2017,248,2.3103,0.1931,0.3178,0.0378,3.1317,12194491.0
AMKR,sp400,2018,248,1.5757,0.3909,0.3373,0.0406,3.4625,8266723.0
AMKR,sp400,2019,249,1.5334,0.129,0.4749,0.0404,3.1095,8644805.0
AMKR,sp400,2020,250,1.5508,0.4866,0.5388,0.0686,4.5048,14295179.0
AMKR,sp400,2021,249,2.1455,0.281,0.4449,0.0478,4.0255,31897615.0
AMKR,sp400,2022,248,1.5817,0.5468,0.3503,0.0139,4.1112,18020881.0
AMKR,sp400,2023,247,1.7993,0.3123,0.3486,0.03,3.179,25551195.0
AMKR,sp400,2024,249,2.3307,0.3682,0.3848,0.0082,3.4879,40766381.0
AN,sp400,2012,246,1.0243,0.2931,0.2025,0.0137,2.2046,29964262.0
AN,sp400,2013,249,1.1238,0.2656,0.203,0.0218,2.0771,40679813.0
AN,sp400,2014,249,1.3985,0.3806,0.2011,0.0367,1.893,54250439.0
AN,sp400,2015,249,1.0288,0.4866,0.1628,0.002,1.9365,51835420.0
AN,sp400,2016,249,1.2236,0.2477,0.2774,0.0485,2.7836,62525255.0
AN,sp400,2017,248,1.1201,0.066,0.2836,0.1123,2.4174,56847082.0
AN,sp400,2018,248,0.6372,0.1654,0.2454,0.027,2.7924,39906237.0
AN,sp400,2019,249,0.9489,0.1658,0.2537,0.057,2.3524,30822535.0
AN,sp400,2020,250,1.1731,0.4115,0.4746,0.0304,4.2542,41036981.0
AN,sp400,2021,249,0.9543,0.1024,0.3664,0.084,3.2494,100520847.0
AN,sp400,2022,248,0.9342,0.2669,0.3766,0.0678,3.7832,97924451.0
AN,sp400,2023,247,1.2542,0.1828,0.3463,0.0539,2.9834,88355304.0
AN,sp400,2024,249,1.2209,0.2546,0.2633,0.0311,2.5462,71225013.0
ANF,sp400,2012,246,1.5224,0.1203,0.524,0.0567,3.3349,98309359.0
ANF,sp400,2013,249,1.0417,0.088,0.3642,0.2412,2.7232,78112062.0
ANF,sp400,2014,249,1.109,0.0977,0.38,0.0539,2.9602,68316236.0
ANF,sp400,2015,249,0.8959,0.0766,0.479,0.0984,3.7235,52273473.0
ANF,sp400,2016,249,1.2557,0.1147,0.4536,0.0084,3.4518,50863085.0
ANF,sp400,2017,248,1.0182,0.0141,0.5737,0.2695,3.8542,38607243.0
ANF,sp400,2018,248,0.9161,0.0738,0.5567,0.0755,4.5756,58753227.0
ANF,sp400,2019,249,1.5043,0.0895,0.5721,0.0749,3.9591,48670931.0
ANF,sp400,2020,250,1.3156,0.3358,0.6259,0.0412,5.8937,32750488.0
ANF,sp400,2021,249,1.4246,0.1243,0.4903,0.073,4.5974,61375844.0
ANF,sp400,2022,248,1.4039,0.2293,0.6261,0.0682,5.2102,48340737.0
ANF,sp400,2023,247,1.127,0.0802,0.4982,0.102,3.653,74049004.0
ANF,sp400,2024,249,1.6041,0.1248,0.5353,0.0204,4.4259,244198769.0
APG,sp400,2020,168,0.942,0.2323,0.3235,0.0245,4.1465,18427034.0
APG,sp400,2021,249,1.303,0.2483,0.2939,0.001,2.9972,20003363.0
APG,sp400,2022,248,1.2793,0.5951,0.2567,0.0016,3.3279,16420306.0
APG,sp400,2023,247,1.2928,0.4009,0.2063,0.0173,2.3623,26954077.0
APG,sp400,2024,249,1.374,0.3602,0.2308,0.0179,2.4228,59648905.0
APPF,sp400,2016,249,0.9535,0.1451,0.301,0.0076,3.551,592468.0
APPF,sp400,2017,248,1.3798,0.0964,0.2843,0.0744,3.0864,4092058.0
APPF,sp400,2018,248,1.1387,0.2062,0.3832,0.0412,3.6903,9288020.0
APPF,sp400,2019,249,0.9716,0.1314,0.2977,0.0294,3.1072,12388118.0
APPF,sp400,2020,250,1.4032,0.4512,0.5235,0.0522,4.929,19641800.0
APPF,sp400,2021,249,1.1331,0.1358,0.3706,0.137,3.728,17844290.0
APPF,sp400,2022,248,0.9936,0.2517,0.4167,0.0281,4.053,13082641.0
APPF,sp400,2023,247,1.383,0.2324,0.3282,0.0304,3.3676,23032355.0
APPF,sp400,2024,249,1.2607,0.1289,0.4131,0.0422,2.936,61378530.0
AR,sp400,2014,249,0.7694,0.0762,0.302,0.2572,3.2693,62304751.0
AR,sp400,2015,249,1.2675,0.1625,0.4432,0.0925,4.5064,66976700.0
AR,sp400,2016,249,0.7664,0.054,0.4171,0.2489,4.0856,86842552.0
AR,sp400,2017,248,0.9425,0.0445,0.2938,0.2917,2.7376,70730228.0
AR,sp400,2018,248,1.1419,0.2633,0.3276,0.0251,3.3606,66040129.0
AR,sp400,2019,249,1.504,0.0615,0.7004,0.1477,6.6445,45675154.0
AR,sp400,2020,250,1.1585,0.1121,1.1029,0.0327,10.9976,33633860.0
AR,sp400,2021,249,1.4702,0.0893,0.6088,0.073,5.9338,94757046.0
AR,sp400,2022,248,0.9985,0.1546,0.568,0.1131,5.4985,257802750.0
AR,sp400,2023,247,1.1089,0.1118,0.4081,0.1556,3.7184,132032374.0
AR,sp400,2024,249,1.0694,0.1195,0.3659,0.0498,3.1259,115296590.0
ARMK,sp400,2014,249,0.5441,0.0823,0.2048,0.2255,2.2891,15026947.0
ARMK,sp400,2015,249,0.8218,0.344,0.1748,0.025,1.9432,54735796.0
ARMK,sp400,2016,249,0.8643,0.2815,0.1796,0.0352,1.6144,50051092.0
ARMK,sp400,2017,248,0.9297,0.1742,0.1362,0.0624,1.2156,46063248.0
ARMK,sp400,2018,248,0.8657,0.2861,0.2345,0.0823,2.0547,70182385.0
ARMK,sp400,2019,249,0.8602,0.1814,0.2178,0.1192,2.0663,98972925.0
ARMK,sp400,2020,250,1.4138,0.3268,0.6863,0.0909,5.761,77163174.0
ARMK,sp400,2021,249,1.1285,0.2373,0.2623,0.0362,2.7693,66174563.0
ARMK,sp400,2022,248,1.0685,0.6108,0.2075,0.0223,2.7538,60533488.0
ARMK,sp400,2023,247,0.904,0.1643,0.2662,0.0235,2.1641,119268749.0
ARMK,sp400,2024,249,0.8773,0.2191,0.2087,0.0569,2.188,72601711.0
ARW,sp400,2012,246,1.5443,0.4365,0.2234,0.0124,2.3377,27409908.0
ARW,sp400,2013,249,1.2751,0.3479,0.1896,0.0207,1.9744,28170947.0
ARW,sp400,2014,249,1.4971,0.5175,0.1629,0.065,1.895,31870714.0
ARW,sp400,2015,249,1.3035,0.5524,0.1807,0.0094,2.0896,34559363.0
ARW,sp400,2016,249,1.377,0.4669,0.1914,0.0244,2.0374,34165501.0
ARW,sp400,2017,248,1.679,0.3903,0.1412,0.0054,1.5721,37511197.0
ARW,sp400,2018,248,1.0988,0.5587,0.1675,0.026,2.2257,38086180.0
ARW,sp400,2019,249,1.3017,0.4019,0.1893,0.0224,1.9363,43762007.0
ARW,sp400,2020,250,1.1325,0.6216,0.2989,0.0072,3.1796,43423648.0
ARW,sp400,2021,249,1.2668,0.4736,0.1732,0.0262,2.2004,54176894.0
ARW,sp400,2022,248,1.0045,0.5768,0.2093,0.0139,2.6056,61854428.0
ARW,sp400,2023,247,1.0567,0.2899,0.2159,0.0145,2.0147,62498597.0
ARW,sp400,2024,249,1.01,0.2328,0.2311,0.0125,1.981,56347544.0
ARWR,sp400,2012,246,0.7624,0.0323,0.5312,0.3826,4.7464,136906.0
ARWR,sp400,2013,249,0.7964,0.0176,0.6456,0.1451,6.3354,1823042.0
ARWR,sp400,2014,249,1.5461,0.0273,1.0408,0.661,8.4662,33307881.0
ARWR,sp400,2015,249,1.4689,0.1185,0.6171,0.1021,6.0196,10179223.0
ARWR,sp400,2016,249,1.9686,0.036,1.3256,0.1328,6.5165,4376817.0
ARWR,sp400,2017,248,2.3674,0.0425,0.7563,0.0923,7.0932,2516743.0
ARWR,sp400,2018,248,2.1978,0.2034,0.7459,0.0218,7.0561,24340128.0
ARWR,sp400,2019,249,1.8114,0.1284,0.5626,0.169,4.9932,60199213.0
ARWR,sp400,2020,250,1.1278,0.229,0.7,0.0096,6.2828,62169595.0
ARWR,sp400,2021,249,1.4592,0.1017,0.5622,0.0741,4.7131,51959217.0
ARWR,sp400,2022,248,1.8231,0.4302,0.5104,0.0269,5.7912,31585529.0
ARWR,sp400,2023,247,1.0766,0.0469,0.6334,0.3437,4.4655,32191244.0
ARWR,sp400,2024,249,1.6298,0.1091,0.587,0.0262,4.9938,32003209.0
ASB,sp400,2012,246,1.249,0.4044,0.193,0.04,2.219,10576289.0
ASB,sp400,2013,249,1.108,0.4068,0.1453,0.019,1.9255,10450249.0
ASB,sp400,2014,249,1.1192,0.4378,0.143,0.0171,1.8812,12483989.0
ASB,sp400,2015,249,1.0681,0.4986,0.165,0.0099,2.0001,11434614.0
ASB,sp400,2016,249,1.427,0.4743,0.1954,0.0085,2.2084,12919863.0
ASB,sp400,2017,248,1.7367,0.2644,0.1949,0.0155,2.077,15858649.0
ASB,sp400,2018,248,0.7462,0.2694,0.2107,0.022,2.2464,25364679.0
ASB,sp400,2019,249,1.1794,0.3821,0.1788,0.0042,1.9094,17148930.0
ASB,sp400,2020,250,1.2698,0.4522,0.4728,0.0305,4.1161,15683711.0
ASB,sp400,2021,249,1.0836,0.2079,0.2742,0.0318,2.6097,24684224.0
ASB,sp400,2022,248,0.8239,0.439,0.2265,0.0042,2.5734,24147314.0
ASB,sp400,2023,247,1.5818,0.3036,0.3128,0.0355,3.0388,27408707.0
ASB,sp400,2024,249,1.1574,0.2097,0.2832,0.0158,2.4673,29945202.0
ASH,sp400,2012,246,1.3701,0.47,0.1852,0.013,2.2528,41694585.0
ASH,sp400,2013,249,1.0357,0.2414,0.1994,0.0327,1.8819,59485936.0
ASH,sp400,2014,249,1.017,0.4354,0.1305,0.0018,1.5496,67010676.0
ASH,sp400,2015,249,0.9957,0.4984,0.1539,0.024,1.8273,63675409.0
ASH,sp400,2016,249,0.9694,0.3516,0.1712,0.0094,1.892,52973529.0
ASH,sp400,2017,248,1.1211,0.2098,0.1464,0.0303,1.4682,47215009.0
ASH,sp400,2018,248,0.8032,0.3256,0.1982,0.0315,2.1365,48850864.0
ASH,sp400,2019,249,0.889,0.3003,0.1617,0.0094,1.7568,43730500.0
ASH,sp400,2020,250,1.11,0.6177,0.2954,0.0602,3.1511,31948963.0
ASH,sp400,2021,249,0.962,0.2747,0.2027,0.0839,2.0831,36515855.0
ASH,sp400,2022,248,0.8593,0.5257,0.1986,0.0073,2.3944,39208445.0
ASH,sp400,2023,247,0.9527,0.2599,0.2099,0.0127,1.9872,39105182.0
ASH,sp400,2024,249,0.6004,0.0749,0.2659,0.2254,1.8891,34999949.0
ATI,sp400,2012,246,2.2874,0.5055,0.288,0.0186,3.354,53457893.0
ATI,sp400,2013,249,1.585,0.3138,0.2546,0.0373,2.7504,42986694.0
ATI,sp400,2014,249,1.4189,0.2454,0.2805,0.0314,2.604,45155349.0
ATI,sp400,2015,249,1.544,0.1735,0.5191,0.0145,4.1603,35544664.0
ATI,sp400,2016,249,2.8403,0.2582,0.6262,0.0891,5.4554,39893801.0
ATI,sp400,2017,248,2.9184,0.1691,0.4352,0.0599,3.8062,46754565.0
ATI,sp400,2018,248,1.3178,0.3705,0.2946,0.0169,3.3899,44349068.0
ATI,sp400,2019,249,1.6184,0.2595,0.3258,0.001,3.1784,35201702.0
ATI,sp400,2020,250,1.6922,0.383,0.7266,0.1005,6.4091,27825772.0
ATI,sp400,2021,249,1.6109,0.2242,0.3885,0.0357,4.1879,26579022.0
ATI,sp400,2022,248,0.9844,0.2436,0.4219,0.0245,4.3357,44731166.0
ATI,sp400,2023,247,1.3957,0.2764,0.2949,0.0454,2.9925,49308990.0
ATI,sp400,2024,249,1.0924,0.1371,0.3455,0.0116,3.0541,80304894.0
ATR,sp400,2012,246,0.908,0.4656,0.1238,0.0182,1.5236,10012823.0
ATR,sp400,2013,249,0.923,0.4528,0.1102,0.0141,1.3269,9435626.0
ATR,sp400,2014,249,1.019,0.5554,0.1028,0.0132,1.4415,13907252.0
ATR,sp400,2015,249,0.7155,0.4518,0.1214,0.0012,1.5695,17699281.0
ATR,sp400,2016,249,0.7847,0.2832,0.1624,0.0355,1.638,18469476.0
ATR,sp400,2017,248,0.7812,0.1622,0.1195,0.022,1.2283,20110373.0
ATR,sp400,2018,248,0.7006,0.3554,0.1618,0.059,1.7768,25788685.0
ATR,sp400,2019,249,0.5263,0.168,0.1396,0.0481,1.4561,24765566.0
ATR,sp400,2020,250,0.7263,0.5329,0.23,0.0429,2.4513,28942913.0
ATR,sp400,2021,249,0.7572,0.212,0.1893,0.0265,1.7396,30234576.0
ATR,sp400,2022,248,0.7532,0.468,0.1954,0.0122,2.3638,26849763.0
ATR,sp400,2023,247,0.7356,0.2847,0.1522,0.0675,1.5722,30862059.0
ATR,sp400,2024,249,0.6323,0.234,0.1442,0.0339,1.4707,41505376.0
AVAV,sp400,2012,246,0.92,0.1492,0.2797,0.0359,2.6972,5788059.0
AVAV,sp400,2013,249,0.8663,0.1014,0.28,0.1077,2.3809,5143931.0
AVAV,sp400,2014,249,1.6548,0.1821,0.3954,0.0849,3.4317,10526786.0
AVAV,sp400,2015,249,0.9236,0.1759,0.3079,0.1137,2.7832,4205839.0
AVAV,sp400,2016,249,1.0977,0.1571,0.3306,0.1543,2.8333,4345951.0
AVAV,sp400,2017,248,1.7745,0.0868,0.3871,0.1927,2.7027,11746768.0
AVAV,sp400,2018,248,1.0712,0.1361,0.4628,0.1654,3.8114,25254155.0
AVAV,sp400,2019,249,1.2279,0.1426,0.3589,0.0813,3.3695,14610509.0
AVAV,sp400,2020,250,0.9683,0.3862,0.4129,0.0174,4.1129,14506108.0
AVAV,sp400,2021,249,0.9252,0.0407,0.5824,0.3946,3.8168,21409358.0
AVAV,sp400,2022,248,1.161,0.2537,0.4844,0.0653,4.4155,22805100.0
AVAV,sp400,2023,247,0.822,0.0687,0.3952,0.079,2.8958,24805144.0
AVAV,sp400,2024,249,1.1032,0.0706,0.5044,0.1288,3.6874,65436331.0
AVNT,sp400,2012,246,1.4218,0.3756,0.2334,0.0744,2.5338,6980486.0
AVNT,sp400,2013,249,1.8454,0.433,0.2294,0.0092,2.4397,10845712.0
AVNT,sp400,2014,249,1.3792,0.4208,0.1824,0.0084,2.1355,20922361.0
AVNT,sp400,2015,249,1.1626,0.4262,0.2078,0.0351,2.2597,16314163.0
AVNT,sp400,2016,249,1.5606,0.4417,0.2282,0.0082,2.4494,13710232.0
AVNT,sp400,2017,248,1.3065,0.2114,0.1698,0.0642,1.7876,14498499.0
AVNT,sp400,2018,248,1.107,0.4444,0.2123,0.0229,2.3844,12708132.0
AVNT,sp400,2019,249,1.6448,0.3564,0.2634,0.017,2.5609,14475806.0
AVNT,sp400,2020,250,1.4592,0.4052,0.5981,0.0655,4.7028,18961541.0
AVNT,sp400,2021,249,1.4678,0.3204,0.2771,0.0669,2.8766,18388498.0
AVNT,sp400,2022,248,1.405,0.4944,0.3456,0.0084,3.4317,19305097.0
AVNT,sp400,2023,247,1.5795,0.4079,0.2485,0.0007,2.6887,16380163.0
AVNT,sp400,2024,249,1.3933,0.3456,0.2416,0.0295,2.276,19681709.0
AVT,sp400,2012,246,1.4257,0.4713,0.1922,0.0139,2.1915,25723738.0
AVT,sp400,2013,249,1.1615,0.2891,0.1978,0.0363,1.8673,22818343.0
AVT,sp400,2014,249,1.3806,0.4352,0.1773,0.0617,1.8869,26028974.0
AVT,sp400,2015,249,1.1296,0.5508,0.1571,0.0024,1.9152,30495039.0
AVT,sp400,2016,249,1.2014,0.4281,0.1806,0.0232,1.829,33397641.0
AVT,sp400,2017,248,1.4146,0.234,0.1722,0.0786,1.5829,35602739.0
AVT,sp400,2018,248,1.013,0.4492,0.1924,0.0333,2.3085,35472823.0
AVT,sp400,2019,249,1.3967,0.403,0.2026,0.0491,2.2666,27396017.0
AVT,sp400,2020,250,1.2486,0.564,0.3714,0.026,3.8808,22772096.0
AVT,sp400,2021,249,1.2026,0.3613,0.2073,0.002,2.4866,24795276.0
AVT,sp400,2022,248,0.9436,0.4792,0.2393,0.0296,2.7752,29845931.0
AVT,sp400,2023,247,0.8819,0.2441,0.2026,0.0258,2.0162,24497158.0
AVT,sp400,2024,249,1.1708,0.3647,0.1947,0.0061,2.0224,30830340.0
AVTR,sp400,2019,154,1.0199,0.12,0.3431,0.0675,3.441,54621726.0
AVTR,sp400,2020,250,1.185,0.411,0.4799,0.0245,4.3228,90627163.0
AVTR,sp400,2021,249,1.0449,0.2146,0.2592,0.0182,2.6065,139424902.0
AVTR,sp400,2022,248,0.9803,0.36,0.3179,0.0284,3.2503,155294846.0
AVTR,sp400,2023,247,0.8391,0.1145,0.3046,0.1462,2.9457,142825582.0
AVTR,sp400,2024,249,0.786,0.1086,0.2837,0.1266,2.4679,149098947.0
AXTA,sp400,2015,249,0.8246,0.1915,0.261,0.0609,2.6316,50157666.0
AXTA,sp400,2016,249,1.1898,0.3331,0.2189,0.1155,2.1655,59852937.0
AXTA,sp400,2017,248,0.9823,0.0438,0.3087,0.3222,1.8692,72969629.0
AXTA,sp400,2018,248,0.6342,0.2231,0.203,0.03,2.2797,60942861.0
AXTA,sp400,2019,249,0.9703,0.21,0.2243,0.055,1.9235,61930073.0
AXTA,sp400,2020,250,1.2325,0.5599,0.3696,0.0249,3.7263,63494547.0
AXTA,sp400,2021,249,0.9526,0.261,0.2078,0.0172,2.1148,82474616.0
AXTA,sp400,2022,248,1.1225,0.5285,0.2579,0.0092,3.0138,59248193.0
AXTA,sp400,2023,247,1.3909,0.4208,0.2131,0.0041,2.148,71255458.0
AXTA,sp400,2024,249,0.7921,0.1651,0.2245,0.0637,1.7596,69561709.0
AYI,sp400,2012,246,1.6859,0.3854,0.271,0.0086,2.6077,19587236.0
AYI,sp400,2013,249,1.37,0.3295,0.2122,0.0086,2.1146,26503355.0
AYI,sp400,2014,249,1.0835,0.1457,0.2957,0.0024,2.2551,51642083.0
AYI,sp400,2015,249,0.866,0.2937,0.2069,0.0158,2.0976,75187122.0
AYI,sp400,2016,249,1.554,0.4005,0.2473,0.035,2.3295,109827276.0
AYI,sp400,2017,248,1.3051,0.0581,0.3536,0.1868,2.4259,126609211.0
AYI,sp400,2018,248,0.9342,0.1684,0.356,0.006,2.9615,99252344.0
AYI,sp400,2019,249,1.5287,0.3195,0.2659,0.0027,2.4607,48784287.0
AYI,sp400,2020,250,1.2321,0.4689,0.4435,0.0175,3.8592,53984060.0
AYI,sp400,2021,249,1.0018,0.1356,0.328,0.02,2.8291,65321240.0
AYI,sp400,2022,248,1.0269,0.4862,0.2568,0.007,2.9663,48479192.0
AYI,sp400,2023,247,1.0122,0.2227,0.2469,0.0097,2.3916,54290793.0
AYI,sp400,2024,249,1.0901,0.2328,0.2494,0.0157,2.2102,68767755.0
BAH,sp400,2012,246,0.593,0.0644,0.2877,0.0582,2.3902,2835294.0
BAH,sp400,2013,249,0.8407,0.1106,0.2589,0.0084,2.3718,4811606.0
BAH,sp400,2014,249,0.6898,0.0975,0.2366,0.0299,1.9698,12674349.0
BAH,sp400,2015,249,0.9336,0.2701,0.2364,0.0171,2.0589,21356209.0
BAH,sp400,2016,249,0.7582,0.204,0.1948,0.0312,1.8351,26719247.0
BAH,sp400,2017,248,1.1811,0.0794,0.2706,0.2577,1.5709,32939331.0
BAH,sp400,2018,248,0.7748,0.3709,0.173,0.0457,1.8097,38455287.0
BAH,sp400,2019,249,0.7917,0.2048,0.1859,0.0852,1.7054,59884277.0
BAH,sp400,2020,250,0.7076,0.4448,0.2674,0.0472,2.7826,71911773.0
BAH,sp400,2021,249,0.696,0.1468,0.2175,0.0477,1.8492,65678715.0
BAH,sp400,2022,248,0.4745,0.1639,0.2607,0.1377,2.3293,84592372.0
BAH,sp400,2023,247,0.6388,0.1317,0.2142,0.2292,1.7871,91625227.0
BAH,sp400,2024,249,0.528,0.0455,0.3047,0.2177,2.0571,127595829.0
BBWI,sp400,2012,246,1.1448,0.384,0.1846,0.0453,2.0684,71060974.0
BBWI,sp400,2013,249,0.914,0.1921,0.2035,0.0634,1.9548,80711930.0
BBWI,sp400,2014,249,1.0377,0.2924,0.182,0.0341,1.848,70764616.0
BBWI,sp400,2015,249,0.8356,0.3314,0.1828,0.0103,1.9279,101989155.0
BBWI,sp400,2016,249,0.908,0.1513,0.2797,0.1452,2.2752,130128438.0
BBWI,sp400,2017,248,1.6442,0.0703,0.4022,0.0537,2.9043,150581197.0
BBWI,sp400,2018,248,0.9805,0.1331,0.4291,0.0869,3.3667,139253233.0
BBWI,sp400,2019,249,1.6128,0.17,0.4249,0.0196,3.7754,101372205.0
BBWI,sp400,2020,250,1.5318,0.2991,0.7932,0.1072,6.3324,136603081.0
BBWI,sp400,2021,249,1.5994,0.2484,0.3607,0.0342,3.5842,203640675.0
BBWI,sp400,2022,248,1.4287,0.3316,0.4934,0.0053,4.7207,170870079.0
BBWI,sp400,2023,247,1.138,0.1388,0.3701,0.0332,3.4108,115477555.0
BBWI,sp400,2024,249,1.0745,0.0985,0.4096,0.0172,3.3084,138241459.0
BC,sp400,2012,246,2.0337,0.4248,0.3013,0.0315,3.3526,23642232.0
BC,sp400,2013,249,1.7393,0.3378,0.2645,0.0211,2.6907,29491473.0
BC,sp400,2014,249,1.4137,0.4427,0.1788,0.0324,2.1776,32472084.0
BC,sp400,2015,249,1.2824,0.4745,0.2079,0.0012,2.1621,40844646.0
BC,sp400,2016,249,1.6969,0.3901,0.2759,0.0199,2.5541,45622816.0
BC,sp400,2017,248,1.6071,0.1396,0.2684,0.0188,2.0457,50152770.0
BC,sp400,2018,248,0.9295,0.2957,0.246,0.0055,2.4779,44934349.0
BC,sp400,2019,249,1.5489,0.3471,0.2532,0.0464,2.4651,45398922.0
BC,sp400,2020,250,1.4524,0.494,0.4972,0.042,4.8076,45573213.0
BC,sp400,2021,249,1.2109,0.2324,0.2853,0.0087,3.1111,52786036.0
BC,sp400,2022,248,1.3168,0.548,0.2909,0.0013,3.4879,54226710.0
BC,sp400,2023,247,1.361,0.2776,0.2866,0.0134,2.6624,48147432.0
BC,sp400,2024,249,1.04,0.1648,0.295,0.0575,2.6429,52925777.0
BCO,sp400,2012,246,1.4242,0.2373,0.3251,0.0448,2.6616,6869734.0
BCO,sp400,2013,249,1.2771,0.2806,0.2221,0.021,2.1844,5779341.0
BCO,sp400,2014,249,1.1487,0.184,0.2727,0.1077,2.2904,10203037.0
BCO,sp400,2015,249,0.9779,0.282,0.2403,0.0222,2.2267,9242372.0
BCO,sp400,2016,249,1.2337,0.2847,0.2543,0.0794,2.2698,10255106.0
BCO,sp400,2017,248,1.1168,0.0696,0.2747,0.0252,2.2228,26743335.0
BCO,sp400,2018,248,0.8724,0.1903,0.3086,0.0143,2.6242,30192108.0
BCO,sp400,2019,249,1.2756,0.3373,0.2131,0.0213,2.1088,24861121.0
BCO,sp400,2020,250,1.3449,0.4013,0.5556,0.0349,4.6782,28311736.0
BCO,sp400,2021,249,1.0574,0.1665,0.3067,0.0253,2.8872,21155830.0
BCO,sp400,2022,248,0.7729,0.3812,0.2395,0.0106,2.6536,16962063.0
BCO,sp400,2023,247,1.261,0.2756,0.2669,0.0545,2.3479,14674380.0
BCO,sp400,2024,249,1.0299,0.2607,0.2186,0.051,2.2874,25224432.0
BDC,sp400,2012,246,1.7344,0.5113,0.2159,0.0105,2.5985,9716582.0
BDC,sp400,2013,249,1.7065,0.5926,0.1537,0.0021,2.1038,13223233.0
BDC,sp400,2014,249,1.5158,0.4833,0.1767,0.0033,2.1195,21104205.0
BDC,sp400,2015,249,1.3408,0.2583,0.35,0.0794,2.692,21966259.0
BDC,sp400,2016,249,2.1528,0.406,0.3387,0.0266,3.2576,22416014.0
BDC,sp400,2017,248,1.9788,0.3227,0.1929,0.0085,2.0769,21317967.0
BDC,sp400,2018,248,1.3613,0.3437,0.3226,0.0095,3.1455,28905554.0
BDC,sp400,2019,249,1.8399,0.2649,0.3653,0.0058,2.9526,20107555.0
BDC,sp400,2020,250,1.2313,0.4186,0.4909,0.0628,4.3718,12487666.0
BDC,sp400,2021,249,1.2897,0.1966,0.338,0.0379,2.9146,13639815.0
BDC,sp400,2022,248,1.2072,0.6063,0.2366,0.0078,3.0895,17215247.0
BDC,sp400,2023,247,1.0784,0.1065,0.4077,0.0622,2.4115,23790405.0
BDC,sp400,2024,249,1.4187,0.2862,0.2824,0.0584,2.4599,26342659.0
BHF,sp400,2018,248,1.2662,0.3791,0.2779,0.0143,3.1846,55159271.0
BHF,sp400,2019,249,2.2038,0.4318,0.3013,0.0002,2.9639,53188471.0
BHF,sp400,2020,250,2.0979,0.6237,0.5513,0.0047,5.7302,33653355.0
BHF,sp400,2021,249,1.4536,0.2646,0.3142,0.0339,3.3812,30379982.0
BHF,sp400,2022,248,1.335,0.5272,0.3075,0.0073,3.493,29580359.0
BHF,sp400,2023,247,1.717,0.3996,0.2748,0.0056,2.8651,21615404.0
BHF,sp400,2024,249,1.1861,0.1863,0.3124,0.1059,2.4678,19788594.0
BILL,sp400,2020,250,1.0117,0.1885,0.71,0.0805,6.8873,106587173.0
BILL,sp400,2021,249,2.1102,0.158,0.6317,0.0513,5.2792,304115710.0
BILL,sp400,2022,248,2.5002,0.4174,0.7185,0.0005,7.5517,329331051.0
BILL,sp400,2023,247,2.3259,0.1866,0.634,0.0972,4.7114,211619319.0
BILL,sp400,2024,249,1.2127,0.099,0.4612,0.0853,3.801,131999269.0
BIO,sp400,2012,246,0.9826,0.2899,0.1958,0.0177,1.913,7111883.0
BIO,sp400,2013,249,0.7491,0.2227,0.152,0.0548,1.6448,8664266.0
BIO,sp400,2014,249,0.8481,0.3497,0.1304,0.0024,1.7306,11061762.0
BIO,sp400,2015,249,0.7117,0.3077,0.1644,0.0087,1.7575,18887619.0
BIO,sp400,2016,249,0.8184,0.2856,0.1683,0.0024,1.8415,19829766.0
BIO,sp400,2017,248,1.1321,0.0843,0.2511,0.0758,1.7552,39739851.0
BIO,sp400,2018,248,0.9662,0.4107,0.1985,0.0332,2.4582,44337791.0
BIO,sp400,2019,249,1.2921,0.2647,0.2567,0.0457,2.0346,69221404.0
BIO,sp400,2020,250,0.7288,0.3582,0.33,0.0255,3.2065,105873693.0
BIO,sp400,2021,249,0.7165,0.1341,0.236,0.0328,2.3418,96344255.0
BIO,sp400,2022,248,1.0869,0.4171,0.3126,0.0233,3.3449,104815939.0
BIO,sp400,2023,247,0.8311,0.0907,0.3436,0.1221,2.6622,80369182.0
BIO,sp400,2024,249,0.7242,0.077,0.316,0.025,2.7559,76384973.0
BJ,sp400,2019,249,0.9698,0.1139,0.3224,0.1431,3.0089,48748930.0
BJ,sp400,2020,250,0.3352,0.0499,0.4949,0.1264,4.0195,82992801.0
BJ,sp400,2021,249,0.7958,0.0703,0.3752,0.0163,3.09,75412835.0
BJ,sp400,2022,248,0.6681,0.1499,0.387,0.201,3.253,126617919.0
BJ,sp400,2023,247,0.4704,0.0669,0.2295,0.0988,2.1211,117196944.0
BJ,sp400,2024,249,0.5529,0.0683,0.2575,0.1016,2.1969,123302894.0
BKH,sp400,2012,246,0.7188,0.2536,0.157,0.0286,1.6734,6631410.0
BKH,sp400,2013,249,1.2372,0.5084,0.1321,0.021,1.7269,5911679.0
BKH,sp400,2014,249,1.0127,0.3684,0.1495,0.0193,1.8199,8497360.0
BKH,sp400,2015,249,0.8139,0.2233,0.2338,0.057,2.1705,10029740.0
BKH,sp400,2016,249,0.6472,0.1359,0.2123,0.1783,2.0736,18532831.0
BKH,sp400,2017,248,0.5662,0.0696,0.1393,0.097,1.3938,17194539.0
BKH,sp400,2018,248,0.2593,0.0509,0.1921,0.2947,1.9062,23074242.0
BKH,sp400,2019,249,0.364,0.0674,0.1614,0.1225,1.5329,20339232.0
BKH,sp400,2020,250,1.2161,0.6196,0.3223,0.0437,3.2719,20314006.0
BKH,sp400,2021,249,0.579,0.1277,0.1962,0.2498,1.888,17474881.0
BKH,sp400,2022,248,0.454,0.1909,0.2274,0.0746,2.2725,23095638.0
BKH,sp400,2023,247,0.8098,0.1941,0.2154,0.0633,1.9934,26272176.0
BKH,sp400,2024,249,0.4203,0.0701,0.1929,0.0214,1.7098,24293727.0
BMRN,sp400,2012,246,1.0139,0.1044,0.3781,0.1278,2.7127,54481060.0
BMRN,sp400,2013,249,1.5119,0.2428,0.29,0.035,2.8484,90766146.0
BMRN,sp400,2014,249,1.6803,0.2608,0.3189,0.0364,3.4615,91983586.0
BMRN,sp400,2015,249,1.1416,0.1819,0.373,0.0606,3.7397,166360422.0
BMRN,sp400,2016,249,1.6463,0.2179,0.4056,0.0135,4.3334,139602263.0
BMRN,sp400,2017,248,1.5277,0.1401,0.2546,0.2158,2.397,109649582.0
BMRN,sp400,2018,248,1.2435,0.3795,0.2727,0.0086,3.0021,114033758.0
BMRN,sp400,2019,249,1.2311,0.2517,0.253,0.0511,2.6727,100843152.0
BMRN,sp400,2020,250,0.8824,0.2322,0.5428,0.0228,3.6203,156147702.0
BMRN,sp400,2021,249,0.8598,0.1329,0.2847,0.0701,2.4996,96230601.0
BMRN,sp400,2022,248,0.7497,0.2722,0.2982,0.0224,2.9455,108441535.0
BMRN,sp400,2023,247,0.6759,0.0914,0.2782,0.0945,2.2458,131625295.0
BMRN,sp400,2024,249,0.6738,0.0684,0.3134,0.1857,2.2825,144302904.0
BRKR,sp400,2012,246,1.6247,0.3164,0.304,0.0344,3.0912,8102149.0
BRKR,sp400,2013,249,1.2428,0.2463,0.2361,0.0776,2.4029,13931871.0
BRKR,sp400,2014,249,1.427,0.265,0.2679,0.0364,2.6771,15596513.0
BRKR,sp400,2015,249,0.9523,0.2221,0.2745,0.0122,2.8167,15229342.0
BRKR,sp400,2016,249,1.0876,0.2056,0.2781,0.0468,2.5924,24690499.0
BRKR,sp400,2017,248,1.2362,0.1417,0.2047,0.1126,2.0829,16469401.0
BRKR,sp400,2018,248,1.1075,0.434,0.2169,0.0251,2.6452,19940925.0
BRKR,sp400,2019,249,1.4602,0.305,0.2627,0.0004,2.3987,29644012.0
BRKR,sp400,2020,250,1.1265,0.5923,0.3161,0.0237,3.8163,27940098.0
BRKR,sp400,2021,249,0.9096,0.1989,0.2367,0.0422,2.772,52473103.0
BRKR,sp400,2022,248,1.1639,0.5183,0.2729,0.0085,3.3719,45761726.0
BRKR,sp400,2023,247,0.9972,0.1674,0.2903,0.0139,2.8355,56564375.0
BRKR,sp400,2024,249,1.0339,0.1157,0.3602,0.1147,3.0977,75844337.0
BROS,sp400,2022,248,1.9078,0.3162,0.6824,0.0058,7.0032,66477538.0
BROS,sp400,2023,247,1.2711,0.1185,0.4527,0.0806,3.9754,33437544.0
BROS,sp400,2024,249,1.038,0.0617,0.5102,0.3655,3.7002,100829512.0
BRX,sp400,2014,249,0.377,0.0895,0.1355,0.0656,1.7141,11594306.0
BRX,sp400,2015,249,0.6383,0.2837,0.1562,0.0086,1.83,24053081.0
BRX,sp400,2016,249,0.7026,0.0937,0.2842,0.0833,1.9128,33098587.0
BRX,sp400,2017,248,0.3765,0.0108,0.2429,0.7947,2.2321,35166964.0
BRX,sp400,2018,248,0.6523,0.1861,0.234,0.0222,2.4115,35674463.0
BRX,sp400,2019,249,0.6087,0.159,0.1668,0.0995,1.7492,40855309.0
BRX,sp400,2020,250,1.445,0.3765,0.6291,0.0519,5.1591,35754497.0
BRX,sp400,2021,249,1.0933,0.2508,0.245,0.0175,2.6604,37743649.0
BRX,sp400,2022,248,0.9642,0.5891,0.1959,0.0072,2.6301,45176309.0
BRX,sp400,2023,247,1.0308,0.2934,0.2089,0.0087,2.1137,43853841.0
BRX,sp400,2024,249,0.5237,0.1174,0.181,0.0833,1.7554,50672919.0
BSY,sp400,2021,249,1.247,0.1535,0.3797,0.0723,4.0875,67612945.0
BSY,sp400,2022,248,1.4007,0.4726,0.3599,0.0135,4.2182,34070195.0
BSY,sp400,2023,247,1.2607,0.3222,0.2388,0.0002,2.4689,41547806.0
BSY,sp400,2024,249,1.2231,0.2792,0.2477,0.0819,2.3446,58432807.0
BURL,sp400,2014,249,0.66,0.0479,0.3319,0.2355,3.2051,19747917.0
BURL,sp400,2015,249,1.0989,0.2342,0.3061,0.0496,2.9462,71707459.0
BURL,sp400,2016,249,0.9005,0.1151,0.3248,0.2012,2.7665,87488274.0
BURL,sp400,2017,248,0.8722,0.0459,0.2677,0.0178,2.4815,100304266.0
BURL,sp400,2018,248,0.8961,0.2384,0.2747,0.0826,2.7441,147622212.0
BURL,sp400,2019,249,1.0709,0.14,0.3164,0.1456,2.3965,180602026.0
BURL,sp400,2020,250,1.2458,0.4516,0.4644,0.0539,3.9476,174792337.0
BURL,sp400,2021,249,0.9951,0.1325,0.33,0.0218,2.8037,172721694.0
BURL,sp400,2022,248,1.2969,0.272,0.5161,0.0333,4.7071,193732327.0
BURL,sp400,2023,247,1.1062,0.1284,0.3763,0.0496,3.0259,213856997.0
BURL,sp400,2024,249,1.1294,0.1763,0.3077,0.0105,2.6362,208266077.0
BWA,sp400,2012,246,1.7718,0.4908,0.2298,0.0213,2.5841,83242238.0
BWA,sp400,2013,249,1.4443,0.5059,0.155,0.0018,1.9311,61207015.0
BWA,sp400,2014,249,1.4618,0.4403,0.1858,0.0186,1.9865,75060838.0
BWA,sp400,2015,249,1.1646,0.3887,0.225,0.0059,2.2014,85511410.0
BWA,sp400,2016,249,1.8444,0.4076,0.2892,0.0774,2.9164,72674732.0
BWA,sp400,2017,248,1.6863,0.2508,0.1961,0.0365,1.897,69418622.0
BWA,sp400,2018,248,1.1485,0.3974,0.2425,0.0324,2.7135,74079422.0
BWA,sp400,2019,249,1.5729,0.3663,0.2466,0.0283,2.3762,57213623.0
BWA,sp400,2020,250,1.0264,0.4647,0.3726,0.0376,3.9349,100466205.0
BWA,sp400,2021,249,0.9825,0.1541,0.2984,0.1273,2.8464,86048561.0
BWA,sp400,2022,248,1.0916,0.4879,0.272,0.0191,2.9879,72016887.0
BWA,sp400,2023,247,0.9603,0.1507,0.2977,0.0586,2.3425,93737116.0
BWA,sp400,2024,249,1.0787,0.2124,0.2618,0.0747,2.3084,85835849.0
BWXT,sp400,2012,246,1.2576,0.3645,0.2114,0.0705,2.3224,11788336.0
BWXT,sp400,2013,249,0.8894,0.2922,0.1503,0.0724,1.8024,17317853.0
BWXT,sp400,2014,249,0.8213,0.1556,0.2157,0.0355,1.6261,22516569.0
BWXT,sp400,2015,249,0.6626,0.225,0.1894,0.0102,1.879,20190199.0
BWXT,sp400,2016,249,0.8704,0.3165,0.1663,0.1168,1.601,21581718.0
BWXT,sp400,2017,248,0.9995,0.1609,0.1536,0.0194,1.4293,30879021.0
BWXT,sp400,2018,248,0.6613,0.0958,0.3484,0.0349,2.2443,34157161.0
BWXT,sp400,2019,249,1.0827,0.3035,0.1955,0.0198,1.8602,24409461.0
BWXT,sp400,2020,250,0.6513,0.3004,0.3362,0.0341,3.06,28833186.0
BWXT,sp400,2021,249,0.9168,0.2375,0.213,0.0125,2.1107,24523557.0
BWXT,sp400,2022,248,0.5779,0.2289,0.258,0.0261,2.5364,30841984.0
BWXT,sp400,2023,247,0.6302,0.1468,0.1984,0.0295,1.7411,42002659.0
BWXT,sp400,2024,249,0.9925,0.1799,0.2671,0.029,2.1399,67884240.0
BYD,sp400,2012,246,1.7615,0.245,0.3937,0.0593,3.7997,9088408.0
BYD,sp400,2013,249,1.8941,0.1402,0.5094,0.0742,4.1086,24271550.0
BYD,sp400,2014,249,1.7273,0.1957,0.3947,0.0549,3.7304,22774855.0
BYD,sp400,2015,249,1.2393,0.3526,0.2587,0.0296,2.8684,20267836.0
BYD,sp400,2016,249,1.59,0.3961,0.2554,0.0244,2.8142,23894309.0
BYD,sp400,2017,248,1.5819,0.1718,0.2337,0.0914,2.1131,29385271.0
BYD,sp400,2018,248,1.5041,0.3964,0.3183,0.0221,3.3095,43763126.0
BYD,sp400,2019,249,1.5423,0.3221,0.2667,0.087,2.9257,28867583.0
BYD,sp400,2020,250,1.894,0.458,0.697,0.1057,6.3654,43364246.0
BYD,sp400,2021,249,1.536,0.2298,0.3645,0.0044,3.817,67879058.0
BYD,sp400,2022,248,1.1671,0.5046,0.2813,0.0017,3.4683,60061264.0
BYD,sp400,2023,247,1.0868,0.28,0.2275,0.0521,2.0055,53076214.0
BYD,sp400,2024,249,0.8775,0.1405,0.2736,0.0386,1.9965,54115836.0
CACI,sp400,2012,246,1.0933,0.2122,0.2682,0.0467,1.8851,22578891.0
CACI,sp400,2013,249,0.8425,0.2412,0.1623,0.0314,1.7753,17781664.0
CACI,sp400,2014,249,0.6374,0.1766,0.1552,0.0774,1.5792,22789080.0
CACI,sp400,2015,249,1.0168,0.4076,0.1888,0.0321,2.0056,12712037.0
CACI,sp400,2016,249,0.9083,0.1396,0.2932,0.0895,2.3656,19141782.0
CACI,sp400,2017,248,1.4842,0.1772,0.2152,0.0321,2.0948,16230094.0
CACI,sp400,2018,248,0.8062,0.293,0.2148,0.0394,2.2061,30282336.0
CACI,sp400,2019,249,1.0402,0.3183,0.1814,0.0077,1.8752,40284955.0
CACI,sp400,2020,250,1.0441,0.6374,0.2664,0.0013,3.1252,42975719.0
CACI,sp400,2021,249,0.47,0.089,0.1949,0.1743,1.9208,45921413.0
CACI,sp400,2022,248,0.4844,0.1838,0.2483,0.1258,2.4068,41378996.0
CACI,sp400,2023,247,0.6043,0.1566,0.1831,0.043,1.7761,44015996.0
CACI,sp400,2024,249,0.7002,0.1395,0.2192,0.0325,1.8347,58701258.0
CAR,sp400,2012,246,1.8691,0.2661,0.3951,0.0207,3.7301,24545601.0
CAR,sp400,2013,249,1.8918,0.3421,0.285,0.0136,3.299,48575728.0
CAR,sp400,2014,249,1.912,0.3854,0.2722,0.0063,3.0789,99188715.0
CAR,sp400,2015,249,1.327,0.2817,0.3264,0.0432,3.1448,96624545.0
CAR,sp400,2016,249,2.2436,0.2181,0.5525,0.072,4.6054,75152354.0
CAR,sp400,2017,248,2.9063,0.145,0.4749,0.1019,3.9468,87239563.0
CAR,sp400,2018,248,1.5828,0.2502,0.4699,0.0436,4.1661,74448430.0
CAR,sp400,2019,249,1.5232,0.1933,0.3709,0.0797,3.4027,37509873.0
CAR,sp400,2020,250,1.9911,0.2954,1.0403,0.0018,8.5485,85055565.0
CAR,sp400,2021,249,1.7719,0.0534,0.9673,0.0504,5.9895,204105969.0
CAR,sp400,2022,248,1.8016,0.3514,0.5954,0.0098,6.2345,183685325.0
CAR,sp400,2023,247,1.8214,0.2732,0.3879,0.0514,3.8247,97621606.0
CAR,sp400,2024,249,2.2457,0.2205,0.5322,0.0382,4.5179,75344456.0
CART,sp400,2024,249,0.9832,0.0898,0.3946,0.0021,4.0417,141265709.0
CAVA,sp400,2024,249,1.6721,0.1695,0.4664,0.1084,4.4701,268920893.0
CBSH,sp400,2012,246,0.8858,0.4223,0.1319,0.0219,1.6379,12666906.0
CBSH,sp400,2013,249,0.8965,0.3697,0.1271,0.0185,1.5318,12766771.0
CBSH,sp400,2014,249,1.0097,0.4374,0.1291,0.0049,1.6862,13220527.0
CBSH,sp400,2015,249,0.9131,0.5084,0.1383,0.0157,1.763,19434793.0
CBSH,sp400,2016,249,1.1748,0.4746,0.1608,0.0147,1.8339,17671735.0
CBSH,sp400,2017,248,1.6661,0.3567,0.1505,0.0233,1.7225,19122393.0
CBSH,sp400,2018,248,0.7397,0.4248,0.1476,0.028,1.939,26495241.0
CBSH,sp400,2019,249,1.01,0.3913,0.1502,0.012,1.6554,23813176.0
CBSH,sp400,2020,250,1.0377,0.5008,0.3505,0.0064,3.3016,26773887.0
CBSH,sp400,2021,249,0.8866,0.2321,0.2091,0.0085,2.157,25900062.0
CBSH,sp400,2022,248,0.6497,0.4443,0.1767,0.0019,2.1563,25264319.0
CBSH,sp400,2023,247,1.2068,0.2953,0.2434,0.0103,2.4657,27772206.0
CBSH,sp400,2024,249,0.8104,0.2008,0.2037,0.0343,2.025,29916029.0
CBT,sp400,2012,246,1.5642,0.4583,0.2165,0.0325,2.5504,10215661.0
CBT,sp400,2013,249,1.2935,0.2875,0.2212,0.0169,2.032,9504395.0
CBT,sp400,2014,249,1.4184,0.3999,0.1959,0.0033,2.0225,12816428.0
CBT,sp400,2015,249,1.205,0.3535,0.251,0.0086,2.4435,12974089.0
CBT,sp400,2016,249,1.3899,0.4279,0.209,0.009,2.1541,13700403.0
CBT,sp400,2017,248,1.3641,0.1961,0.1858,0.0111,1.6707,15545803.0
CBT,sp400,2018,248,1.2315,0.4837,0.2182,0.0036,2.4111,21733491.0
CBT,sp400,2019,249,1.5725,0.3244,0.2705,0.0301,2.5885,13012990.0
CBT,sp400,2020,250,1.3496,0.5403,0.4211,0.0572,4.0637,11078075.0
CBT,sp400,2021,249,1.2682,0.3105,0.245,0.0142,2.5753,16228383.0
CBT,sp400,2022,248,1.1772,0.4732,0.3021,0.0185,3.1894,25166700.0
CBT,sp400,2023,247,1.3699,0.3716,0.2326,0.0178,2.4273,20026643.0
CBT,sp400,2024,249,1.2205,0.2322,0.2797,0.0688,2.2734,32457287.0
CCK,sp400,2012,246,0.8248,0.379,0.1344,0.0747,1.567,33170775.0
CCK,sp400,2013,249,0.8944,0.3337,0.1373,0.0174,1.4909,38399330.0
CCK,sp400,2014,249,0.8931,0.303,0.1527,0.0245,1.5929,46303372.0
CCK,sp400,2015,249,0.9849,0.4211,0.1779,0.0086,1.8709,39863030.0
CCK,sp400,2016,249,1.0448,0.389,0.1703,0.0273,1.885,46110048.0
CCK,sp400,2017,248,0.7821,0.1755,0.1141,0.0388,1.3403,44335694.0
CCK,sp400,2018,248,0.8518,0.2891,0.2291,0.1291,2.4211,87534295.0
CCK,sp400,2019,249,0.994,0.2503,0.2051,0.0403,2.2293,76068874.0
CCK,sp400,2020,250,1.2551,0.7258,0.2609,0.0038,3.2157,72075604.0
CCK,sp400,2021,249,0.8791,0.2124,0.2195,0.0455,2.0763,97131694.0
CCK,sp400,2022,248,0.9251,0.298,0.3453,0.0083,2.9569,125269905.0
CCK,sp400,2023,247,1.0475,0.2736,0.2228,0.0144,2.3008,93676850.0
CCK,sp400,2024,249,0.4123,0.0424,0.2468,0.2507,1.9188,94882140.0
CDE,sp400,2012,246,1.2581,0.1111,0.453,0.0111,3.7612,39577090.0
CDE,sp400,2013,249,1.179,0.0606,0.504,0.2695,3.9867,25444077.0
CDE,sp400,2014,249,0.9828,0.0314,0.6155,0.0527,4.897,14731983.0
CDE,sp400,2015,249,1.5436,0.0902,0.7549,0.2064,6.4079,13117049.0
CDE,sp400,2016,249,0.4432,0.0065,0.7127,0.7833,6.3298,48265225.0
CDE,sp400,2017,248,0.4114,0.0031,0.493,0.6577,3.8491,26931956.0
CDE,sp400,2018,248,0.4836,0.0283,0.4856,0.1987,4.2039,20444328.0
CDE,sp400,2019,249,-0.4595,0.0092,0.5679,0.0777,5.1504,25018762.0
CDE,sp400,2020,250,1.4247,0.2223,0.9013,0.087,7.6999,38231547.0
CDE,sp400,2021,249,1.4287,0.08,0.6282,0.1785,5.1032,34196786.0
CDE,sp400,2022,248,1.3716,0.1844,0.7017,0.0098,6.318,22040067.0
CDE,sp400,2023,247,0.9628,0.0422,0.5992,0.0667,5.2653,17295738.0
CDE,sp400,2024,249,2.2587,0.1733,0.6216,0.0693,5.4639,43575393.0
CDP,sp400,2012,246,0.8809,0.2759,0.1817,0.0341,1.9324,8778516.0
CDP,sp400,2013,249,1.2718,0.367,0.1814,0.0134,2.0281,9095414.0
CDP,sp400,2014,249,0.681,0.2026,0.1523,0.0428,1.6847,10137765.0
CDP,sp400,2015,249,0.6854,0.2973,0.1623,0.0932,1.7987,14268501.0
CDP,sp400,2016,249,0.7699,0.2411,0.1777,0.1125,1.8901,14702414.0
CDP,sp400,2017,248,0.4441,0.0418,0.1431,0.1828,1.5034,17605225.0
CDP,sp400,2018,248,0.5254,0.1779,0.1937,0.1382,1.9029,15932623.0
CDP,sp400,2019,249,0.5152,0.1162,0.1694,0.1324,1.7216,13567773.0
CDP,sp400,2020,250,1.1747,0.5339,0.3713,0.0594,3.6515,15658998.0
CDP,sp400,2021,249,0.5267,0.09,0.2171,0.044,2.1941,18044949.0
CDP,sp400,2022,248,0.6183,0.3161,0.2212,0.0038,2.4546,16235345.0
CDP,sp400,2023,247,1.0065,0.245,0.2307,0.0133,2.4233,16579734.0
CDP,sp400,2024,249,0.5395,0.1232,0.1814,0.0975,1.829,22327607.0
CELH,sp400,2012,246,0.6538,0.0017,1.9925,0.3329,14.1827,3364.0
CELH,sp400,2013,249,0.5363,0.0011,1.7872,0.8936,10.144,4328.0
CELH,sp400,2014,249,0.6666,0.0027,1.448,0.2103,10.2536,8089.0
CELH,sp400,2015,249,0.4555,0.0048,1.0139,0.6994,8.799,126343.0
CELH,sp400,2016,249,0.2758,0.005,0.5045,0.3463,4.6245,30063.0
CELH,sp400,2017,248,0.2587,0.0007,0.6527,0.6732,5.5639,301332.0
CELH,sp400,2018,248,0.3763,0.0164,0.4993,0.6734,5.1168,368577.0
CELH,sp400,2019,249,1.4489,0.0802,0.5849,0.0335,5.6243,630839.0
CELH,sp400,2020,250,1.2604,0.1834,0.8997,0.2324,7.8742,16023255.0
CELH,sp400,2021,249,2.0573,0.1264,0.7013,0.0267,6.9202,77371038.0
CELH,sp400,2022,248,2.1669,0.3863,0.6643,0.0099,7.4229,94226993.0
CELH,sp400,2023,247,1.4521,0.1295,0.4915,0.0289,4.4133,181359744.0
CELH,sp400,2024,249,1.277,0.0691,0.5908,0.0699,5.3259,308303502.0
CFR,sp400,2012,246,0.928,0.5229,0.1129,0.0389,1.511,15735808.0
CFR,sp400,2013,249,0.7471,0.3044,0.1227,0.1176,1.3808,16671306.0
CFR,sp400,2014,249,1.0,0.3918,0.1404,0.0149,1.5868,20667079.0
CFR,sp400,2015,249,1.0748,0.4151,0.1965,0.0099,2.169,28770512.0
CFR,sp400,2016,249,1.6338,0.3865,0.2677,0.0247,2.793,32959910.0
CFR,sp400,2017,248,1.9358,0.3124,0.1932,0.0208,2.142,31173110.0
CFR,sp400,2018,248,0.8501,0.3968,0.1797,0.0169,2.2603,36175893.0
CFR,sp400,2019,249,1.186,0.3539,0.191,0.0057,1.9601,24730775.0
CFR,sp400,2020,250,1.3655,0.5108,0.4521,0.0164,4.0702,28479187.0
CFR,sp400,2021,249,0.9906,0.2178,0.2434,0.0095,2.3506,32556710.0
CFR,sp400,2022,248,0.761,0.3903,0.2314,0.0254,2.4821,46466507.0
CFR,sp400,2023,247,1.504,0.2535,0.3369,0.0115,2.8569,51209454.0
CFR,sp400,2024,249,0.8428,0.1455,0.2574,0.0061,2.3216,46944057.0
CG,sp400,2012,162,0.3962,0.0712,0.1937,0.1183,2.4659,1942259.0
CG,sp400,2013,249,1.4554,0.2245,0.2938,0.0254,3.1668,6263774.0
CG,sp400,2014,249,1.3211,0.2435,0.2625,0.1175,3.1461,8735477.0
CG,sp400,2015,249,0.9829,0.267,0.2509,0.0744,2.9129,10796023.0
CG,sp400,2016,249,1.7111,0.4081,0.268,0.0178,3.2048,6274568.0
CG,sp400,2017,248,1.1153,0.0859,0.2448,0.0221,2.482,11052256.0
CG,sp400,2018,248,0.997,0.335,0.2409,0.0264,2.8912,9940763.0
CG,sp400,2019,249,1.4088,0.3734,0.2175,0.0116,2.6664,16014101.0
CG,sp400,2020,250,1.279,0.5752,0.3718,0.0124,4.0224,42718670.0
CG,sp400,2021,249,1.3424,0.3787,0.2229,0.019,2.4242,70937983.0
CG,sp400,2022,248,1.6001,0.6493,0.2861,0.01,3.7792,87081806.0
CG,sp400,2023,247,1.7389,0.4001,0.278,0.0459,2.6828,88544391.0
CG,sp400,2024,249,1.6708,0.372,0.2736,0.0289,2.5954,98620489.0
CGNX,sp400,2012,246,1.583,0.4368,0.2289,0.024,2.7364,6701750.0
CGNX,sp400,2013,249,1.5397,0.3968,0.2062,0.0086,2.3095,9659374.0
CGNX,sp400,2014,249,1.5524,0.272,0.2863,0.021,2.8335,19476097.0
CGNX,sp400,2015,249,1.0784,0.1756,0.3599,0.026,2.6504,25359250.0
CGNX,sp400,2016,249,1.2861,0.2433,0.295,0.1579,2.5222,19489971.0
CGNX,sp400,2017,248,2.0489,0.2338,0.2495,0.0113,2.3686,75700549.0
CGNX,sp400,2018,248,1.5645,0.3975,0.3304,0.0091,3.2483,77090473.0
CGNX,sp400,2019,249,1.8251,0.417,0.2572,0.0138,2.7627,50238719.0
CGNX,sp400,2020,250,1.2668,0.5731,0.3698,0.0369,3.5613,53942100.0
CGNX,sp400,2021,249,1.3532,0.2884,0.2755,0.0137,2.4624,56418532.0
CGNX,sp400,2022,248,1.3848,0.5426,0.3093,0.0048,3.4912,51714970.0
CGNX,sp400,2023,247,1.2205,0.2434,0.281,0.0255,2.4206,42214373.0
CGNX,sp400,2024,249,1.5533,0.2619,0.3287,0.0399,2.6599,50261273.0
CHDN,sp400,2012,246,1.0184,0.2303,0.237,0.0395,2.3757,2582708.0
CHDN,sp400,2013,249,1.1147,0.354,0.1636,0.003,1.9237,3025178.0
CHDN,sp400,2014,249,0.707,0.2774,0.1286,0.0279,1.794,5165782.0
CHDN,sp400,2015,249,0.7398,0.3089,0.1704,0.0143,2.1224,7845639.0
CHDN,sp400,2016,249,1.0219,0.3512,0.1807,0.007,2.2204,13257431.0
CHDN,sp400,2017,248,0.9202,0.1292,0.1607,0.0855,1.6893,13120705.0
CHDN,sp400,2018,248,0.9452,0.2929,0.2519,0.0446,2.6599,27211630.0
CHDN,sp400,2019,249,1.0474,0.2659,0.2074,0.0205,2.2576,28462356.0
CHDN,sp400,2020,250,1.7222,0.541,0.5366,0.0441,5.1612,45003719.0
CHDN,sp400,2021,249,1.276,0.2387,0.2954,0.043,3.136,52079285.0
CHDN,sp400,2022,248,1.2175,0.5041,0.2937,0.001,3.3879,39050162.0
CHDN,sp400,2023,247,1.0315,0.2237,0.2509,0.008,2.0725,46694831.0
CHDN,sp400,2024,249,0.9491,0.2577,0.2031,0.0788,2.1963,57307510.0
CHE,sp400,2012,246,1.0838,0.3221,0.2002,0.0072,1.9756,9499746.0
CHE,sp400,2013,249,0.4715,0.0316,0.2836,0.2464,1.921,16113127.0
CHE,sp400,2014,249,0.6907,0.1373,0.1951,0.0183,1.8805,19452131.0
CHE,sp400,2015,249,0.7098,0.1766,0.2361,0.0668,2.0324,18835329.0
CHE,sp400,2016,249,0.9094,0.2786,0.1903,0.0117,2.207,15009125.0
CHE,sp400,2017,248,1.1737,0.1548,0.1845,0.0344,2.0442,18349511.0
CHE,sp400,2018,248,0.8685,0.3926,0.1853,0.0065,2.1818,39761809.0
CHE,sp400,2019,249,0.6754,0.2164,0.1532,0.0333,1.752,39577236.0
CHE,sp400,2020,250,0.875,0.4904,0.3017,0.0187,3.1134,42978317.0
CHE,sp400,2021,249,0.6897,0.1418,0.22,0.038,2.1502,43402777.0
CHE,sp400,2022,248,0.4855,0.2525,0.2032,0.0654,2.2484,32790340.0
CHE,sp400,2023,247,0.329,0.0469,0.1937,0.2018,1.642,38213241.0
CHE,sp400,2024,249,0.4577,0.063,0.2224,0.0551,1.6467,49757697.0
CHH,sp400,2012,246,0.808,0.2568,0.175,0.0161,1.7603,4099833.0
CHH,sp400,2013,249,0.8228,0.1739,0.1947,0.0157,1.7371,4113313.0
CHH,sp400,2014,249,1.0313,0.413,0.1386,0.0077,1.7307,6389221.0
CHH,sp400,2015,249,0.8751,0.3818,0.1715,0.0036,1.9306,7742974.0
CHH,sp400,2016,249,0.94,0.2933,0.1898,0.0381,1.9679,10178879.0
CHH,sp400,2017,248,0.949,0.1146,0.1775,0.085,1.6571,11719974.0
CHH,sp400,2018,248,0.8507,0.4693,0.1551,0.0127,1.9543,20606868.0
CHH,sp400,2019,249,0.862,0.359,0.1373,0.0164,1.5287,29727214.0
CHH,sp400,2020,250,1.0657,0.4557,0.3939,0.1089,3.5737,32616890.0
CHH,sp400,2021,249,1.0203,0.3109,0.197,0.008,2.116,27291110.0
CHH,sp400,2022,248,0.8826,0.3928,0.2669,0.0233,2.8342,42443662.0
CHH,sp400,2023,247,0.9068,0.2299,0.2167,0.006,2.123,53231254.0
CHH,sp400,2024,249,0.6331,0.1079,0.2294,0.1148,2.1327,55068961.0
CHRD,sp400,2012,246,2.1507,0.4284,0.3163,0.0054,3.6349,27735894.0
CHRD,sp400,2013,249,1.5762,0.248,0.2981,0.0478,3.2184,44306137.0
CHRD,sp400,2014,249,1.7026,0.1043,0.5623,0.1034,4.1042,57573517.0
CHRD,sp400,2015,249,1.802,0.1086,0.7952,0.2319,7.3128,74230400.0
CHRD,sp400,2016,249,3.5326,0.2768,0.7427,0.0188,7.392,67975093.0
CHRD,sp400,2017,248,1.9168,0.0554,0.5324,0.1615,4.5939,57075429.0
CHRD,sp400,2018,248,1.647,0.2818,0.451,0.0245,4.4036,56628186.0
CHRD,sp400,2019,249,2.3084,0.1227,0.7358,0.1519,6.2314,31208566.0
CHRD,sp400,2020,250,3.1684,0.0302,6.0786,0.1894,13.2767,12402778.0
CHRD,sp400,2021,249,1.0269,0.0848,0.4373,0.1052,4.4836,15220719.0
CHRD,sp400,2022,248,0.8543,0.1679,0.4626,0.1216,4.6053,40504776.0
CHRD,sp400,2023,247,0.9635,0.1644,0.2836,0.0916,2.6695,63260994.0
CHRD,sp400,2024,249,0.5642,0.0782,0.2442,0.264,2.2591,124669588.0
CHWY,sp400,2020,250,0.5909,0.084,0.66,0.324,6.0789,213454771.0
CHWY,sp400,2021,249,0.78,0.0363,0.5211,0.2564,4.7381,276823184.0
CHWY,sp400,2022,248,2.2123,0.3969,0.6634,0.0314,7.0908,186447867.0
CHWY,sp400,2023,247,1.945,0.2174,0.4818,0.0653,4.5531,163633896.0
CHWY,sp400,2024,249,1.149,0.0634,0.5564,0.0179,4.9332,196310118.0
CLF,sp400,2012,246,1.9009,0.2544,0.4143,0.0371,3.9647,222346176.0
CLF,sp400,2013,249,1.6422,0.0982,0.5404,0.1426,4.288,191256647.0
CLF,sp400,2014,249,0.9105,0.0236,0.6606,0.2031,5.2646,109277063.0
CLF,sp400,2015,249,1.5588,0.067,0.8957,0.0747,8.5348,33197957.0
CLF,sp400,2016,249,1.9245,0.0572,1.0162,0.2962,8.3766,60896200.0
CLF,sp400,2017,248,2.8737,0.1186,0.5271,0.0458,4.9309,106224239.0
CLF,sp400,2018,248,1.19,0.1573,0.4724,0.0451,4.6849,93703410.0
CLF,sp400,2019,249,2.1866,0.2501,0.4513,0.0322,4.1287,95252184.0
CLF,sp400,2020,250,1.5945,0.4236,0.6291,0.0056,6.2151,78048425.0
CLF,sp400,2021,249,1.631,0.1106,0.5997,0.1054,5.4703,464956158.0
CLF,sp400,2022,248,1.5374,0.3428,0.5178,0.0498,5.2069,354303410.0
CLF,sp400,2023,247,1.6635,0.2641,0.3626,0.0208,3.369,167318967.0
CLF,sp400,2024,249,1.2971,0.1342,0.4153,0.1211,3.3895,161990735.0
CLH,sp400,2012,246,1.0462,0.164,0.3008,0.0579,2.2727,28656311.0
CLH,sp400,2013,249,0.992,0.1797,0.2302,0.1406,2.0747,31218455.0
CLH,sp400,2014,249,0.8526,0.1076,0.2768,0.023,2.0064,36092062.0
CLH,sp400,2015,249,0.9825,0.2721,0.2475,0.0663,2.3414,24642891.0
CLH,sp400,2016,249,1.2117,0.3692,0.206,0.0156,2.177,19825512.0
CLH,sp400,2017,248,1.0952,0.1286,0.1918,0.0108,1.7815,17556692.0
CLH,sp400,2018,248,0.8148,0.2179,0.2648,0.0824,2.3371,23796384.0
CLH,sp400,2019,249,0.9718,0.1879,0.2408,0.0153,2.078,26183081.0
CLH,sp400,2020,250,1.5223,0.4514,0.5677,0.0898,4.3342,23342524.0
CLH,sp400,2021,249,1.0602,0.2531,0.2361,0.076,2.3156,27066639.0
CLH,sp400,2022,248,0.8974,0.4054,0.2644,0.016,2.8633,42506664.0
CLH,sp400,2023,247,0.8471,0.1892,0.2289,0.0059,2.2843,52766089.0
CLH,sp400,2024,249,1.1678,0.2903,0.2301,0.0181,2.1265,63712418.0
CMC,sp400,2012,246,1.6411,0.395,0.2586,0.0187,3.1358,10531254.0
CMC,sp400,2013,249,1.2968,0.3445,0.1943,0.028,2.2943,12881085.0
CMC,sp400,2014,249,1.4658,0.3704,0.2154,0.0013,2.4649,12488153.0
CMC,sp400,2015,249,1.2361,0.3257,0.274,0.032,3.0578,14992268.0
CMC,sp400,2016,249,1.4603,0.2588,0.3214,0.0324,3.0601,23109707.0
CMC,sp400,2017,248,2.2975,0.1834,0.3261,0.044,3.0451,33541517.0
CMC,sp400,2018,248,1.2425,0.3336,0.3012,0.0042,3.1676,25133002.0
CMC,sp400,2019,249,1.7674,0.3549,0.284,0.0219,2.9584,22941518.0
CMC,sp400,2020,250,1.3106,0.5253,0.4215,0.0336,4.2022,23376469.0
CMC,sp400,2021,249,1.0963,0.1376,0.3558,0.0592,3.4404,29901782.0
CMC,sp400,2022,248,1.0668,0.4211,0.3042,0.0163,3.6776,41001873.0
CMC,sp400,2023,247,1.4252,0.3244,0.2685,0.0466,2.652,45077949.0
CMC,sp400,2024,249,1.2278,0.2307,0.2826,0.0645,2.5005,46088185.0
CNH,sp400,2014,249,0.9968,0.1601,0.2573,0.0888,1.6118,6273233.0
CNH,sp400,2015,249,0.9937,0.2411,0.2716,0.0448,1.7926,9879967.0
CNH,sp400,2016,249,1.6202,0.3056,0.3176,0.0246,2.1345,9388448.0
CNH,sp400,2017,248,1.4646,0.22,0.1855,0.0152,1.2522,14556236.0
CNH,sp400,2018,248,1.1838,0.3992,0.249,0.0041,1.8833,17783451.0
CNH,sp400,2019,249,1.5744,0.4535,0.206,0.0102,1.6224,15536948.0
CNH,sp400,2020,250,1.2341,0.4768,0.4373,0.0079,2.8677,14905807.0
CNH,sp400,2021,249,1.3193,0.3036,0.2591,0.0366,1.9835,43222920.0
CNH,sp400,2022,248,1.0809,0.4178,0.3104,0.0112,2.6979,60131440.0
CNH,sp400,2023,247,1.1434,0.2077,0.2916,0.021,2.1299,91656591.0
CNH,sp400,2024,249,0.8354,0.1118,0.2968,0.1226,2.5281,115887726.0
CNM,sp400,2022,248,1.0484,0.3813,0.3249,0.0647,3.8265,18125881.0
CNM,sp400,2023,247,1.072,0.244,0.2464,0.0131,2.4331,48323553.0
CNM,sp400,2024,249,1.4508,0.1851,0.3837,0.0362,2.9164,123435039.0
CNO,sp400,2012,246,1.7205,0.4847,0.2259,0.0092,2.7318,10486834.0
CNO,sp400,2013,249,1.4541,0.4625,0.1703,0.0143,1.9328,17011871.0
CNO,sp400,2014,249,1.5559,0.5449,0.1603,0.0071,2.1252,19624046.0
CNO,sp400,2015,249,1.235,0.4563,0.2077,0.0096,2.2746,21885687.0
CNO,sp400,2016,249,1.573,0.4038,0.2486,0.0383,2.4474,23154663.0
CNO,sp400,2017,248,1.4377,0.2159,0.1843,0.0385,1.8498,19003728.0
CNO,sp400,2018,248,1.0139,0.3801,0.2221,0.0176,2.372,18440215.0
CNO,sp400,2019,249,1.3727,0.3971,0.2016,0.0108,2.1646,14874248.0
CNO,sp400,2020,250,1.7136,0.6936,0.3852,0.0142,4.0882,17025415.0
CNO,sp400,2021,249,1.2009,0.2856,0.2462,0.0142,2.4812,19825582.0
CNO,sp400,2022,248,0.8975,0.434,0.2493,0.0036,2.6651,17641021.0
CNO,sp400,2023,247,1.1799,0.2832,0.2451,0.0108,2.4025,17791488.0
CNO,sp400,2024,249,0.9188,0.1907,0.2385,0.0674,1.9458,21634479.0
CNX,sp400,2012,246,1.4483,0.2302,0.3372,0.0029,3.6861,122784706.0
CNX,sp400,2013,249,1.2608,0.1875,0.285,0.0454,3.0466,79674380.0
CNX,sp400,2014,249,1.1535,0.2393,0.2318,0.0454,2.5427,97931958.0
CNX,sp400,2015,249,1.3063,0.0841,0.664,0.0696,5.6193,99737353.0
CNX,sp400,2016,249,2.5189,0.2086,0.6382,0.0055,6.1966,83828008.0
CNX,sp400,2017,248,1.5245,0.0765,0.3564,0.2022,3.3243,51974043.0
CNX,sp400,2018,248,1.2227,0.2813,0.3351,0.0154,3.5301,46345401.0
CNX,sp400,2019,249,1.5241,0.0974,0.5531,0.0854,4.5812,34885577.0
CNX,sp400,2020,250,0.6157,0.0558,0.8565,0.1711,7.864,45426823.0
CNX,sp400,2021,249,0.913,0.0719,0.4253,0.127,4.3018,41555127.0
CNX,sp400,2022,248,0.7635,0.1614,0.4233,0.0281,4.2861,59331724.0
CNX,sp400,2023,247,0.9304,0.1796,0.2596,0.0431,2.7973,53078472.0
CNX,sp400,2024,249,0.7653,0.1109,0.2731,0.0782,2.4867,70186095.0
COKE,sp400,2012,246,0.8489,0.347,0.1483,0.0446,1.846,826950.0
COKE,sp400,2013,249,0.7113,0.2182,0.1462,0.1475,1.4793,936901.0
COKE,sp400,2014,249,0.8478,0.1632,0.2164,0.0841,2.2264,1945192.0
COKE,sp400,2015,249,0.5321,0.0479,0.3654,0.2292,3.0472,5390264.0
COKE,sp400,2016,249,0.6706,0.0638,0.334,0.2779,2.9524,10622862.0
COKE,sp400,2017,248,1.1514,0.0723,0.2774,0.1513,2.2643,8577479.0
COKE,sp400,2018,248,0.501,0.0519,0.3673,0.1486,2.9772,8042684.0
COKE,sp400,2019,249,0.5532,0.0311,0.3678,0.2546,3.3595,15954142.0
COKE,sp400,2020,250,0.8622,0.3497,0.3977,0.0074,3.4834,9310094.0
COKE,sp400,2021,249,0.4507,0.0356,0.3043,0.3499,2.7485,10139430.0
COKE,sp400,2022,248,0.9847,0.2169,0.4552,0.0567,3.9657,22516026.0
COKE,sp400,2023,247,0.756,0.0967,0.3016,0.1899,2.4078,24308053.0
COKE,sp400,2024,249,0.4983,0.0388,0.3126,0.1788,2.2895,52022534.0
COLB,sp400,2012,246,1.2648,0.4093,0.1934,0.0264,2.3916,2390903.0
COLB,sp400,2013,249,1.052,0.3832,0.145,0.0059,1.8638,3303472.0
COLB,sp400,2014,249,1.0892,0.3045,0.1856,0.0644,2.2372,3630032.0
COLB,sp400,2015,249,1.1051,0.4851,0.1754,0.0243,2.2229,4719213.0
COLB,sp400,2016,249,1.4404,0.4857,0.1928,0.0047,2.1779,5268832.0
COLB,sp400,2017,248,1.8753,0.2894,0.1977,0.0444,2.245,9695340.0
COLB,sp400,2018,248,0.7518,0.2692,0.2124,0.0318,2.4011,8256479.0
COLB,sp400,2019,249,1.1421,0.3204,0.1983,0.0649,2.0514,7764901.0
COLB,sp400,2020,250,1.2883,0.4291,0.5026,0.017,4.6151,8317896.0
COLB,sp400,2021,249,1.1985,0.1963,0.3144,0.0042,3.0772,13692937.0
COLB,sp400,2022,248,0.8173,0.3739,0.2573,0.0314,2.8677,22064835.0
COLB,sp400,2023,247,1.8022,0.2492,0.4084,0.0282,3.5712,38756197.0
COLB,sp400,2024,249,1.2132,0.1251,0.4044,0.0958,2.8105,42562228.0
COLM,sp400,2012,246,0.9289,0.2609,0.1991,0.0397,2.3266,6575649.0
COLM,sp400,2013,249,0.644,0.1057,0.2034,0.1514,2.1957,4684764.0
COLM,sp400,2014,249,0.9009,0.1707,0.2238,0.032,2.1236,7458001.0
COLM,sp400,2015,249,1.0213,0.1554,0.3668,0.1301,2.8812,13785518.0
COLM,sp400,2016,249,1.3261,0.2893,0.2703,0.0147,2.5959,16030897.0
COLM,sp400,2017,248,0.9334,0.0697,0.2294,0.0348,2.04,12634059.0
COLM,sp400,2018,248,0.7434,0.2661,0.2117,0.0812,2.348,23222377.0
COLM,sp400,2019,249,1.0328,0.2055,0.2421,0.0057,2.0356,31773852.0
COLM,sp400,2020,250,1.0706,0.4429,0.4062,0.0044,3.495,28777977.0
COLM,sp400,2021,249,0.9494,0.1875,0.2562,0.0263,2.4798,31707925.0
COLM,sp400,2022,248,1.1439,0.6034,0.2256,0.0094,2.8257,29997065.0
COLM,sp400,2023,247,0.9118,0.269,0.1963,0.0129,2.129,28299957.0
COLM,sp400,2024,249,0.4206,0.0487,0.2343,0.0361,2.2088,36085379.0
CPRI,sp400,2012,246,1.6715,0.1622,0.4836,0.0467,4.1596,144787863.0
CPRI,sp400,2013,249,0.9072,0.1117,0.2779,0.1179,2.6943,282359297.0
CPRI,sp400,2014,249,0.8928,0.0933,0.3137,0.111,2.4216,283143100.0
CPRI,sp400,2015,249,0.7807,0.0799,0.4081,0.1456,2.7571,201869132.0
CPRI,sp400,2016,249,1.0384,0.1156,0.3735,0.0653,2.8414,161477135.0
CPRI,sp400,2017,248,0.657,0.0155,0.3527,0.3003,2.1293,105056816.0
CPRI,sp400,2018,248,0.8271,0.138,0.3545,0.0323,2.889,157082618.0
CPRI,sp400,2019,249,1.7623,0.2782,0.3384,0.0538,3.0925,102032767.0
CPRI,sp400,2020,250,1.7893,0.3324,0.8577,0.1178,6.9152,83692072.0
CPRI,sp400,2021,249,1.5908,0.2022,0.4097,0.0427,3.994,100295980.0
CPRI,sp400,2022,248,1.5995,0.4617,0.4201,0.0087,4.4505,113123485.0
CPRI,sp400,2023,247,1.1791,0.0658,0.5799,0.1396,2.2627,114511130.0
CPRI,sp400,2024,249,0.6411,0.0118,0.7392,0.4192,2.4828,69117652.0
CR,sp400,2023,187,1.0397,0.1512,0.2865,0.0512,2.7873,25601332.0
CR,sp400,2024,249,1.3933,0.3202,0.2559,0.0459,2.4965,34102050.0
CRBG,sp400,2023,247,1.3938,0.298,0.2793,0.0183,2.8184,40376964.0
CRBG,sp400,2024,249,1.1218,0.2135,0.2714,0.0209,2.4629,103282583.0
CROX,sp400,2012,246,1.544,0.1448,0.4777,0.0115,3.6412,35118205.0
CROX,sp400,2013,249,1.0102,0.068,0.4062,0.066,2.6434,23893380.0
CROX,sp400,2014,249,0.8933,0.137,0.2528,0.0384,2.4236,15584606.0
CROX,sp400,2015,249,0.9321,0.1388,0.3576,0.0282,3.3347,15951153.0
CROX,sp400,2016,249,1.297,0.0819,0.5647,0.2679,4.2337,8184865.0
CROX,sp400,2017,248,1.5638,0.0625,0.4074,0.2062,3.4765,9539809.0
CROX,sp400,2018,248,1.0431,0.1295,0.4639,0.1162,3.871,20774714.0
CROX,sp400,2019,249,1.0837,0.0927,0.4042,0.0957,3.4528,42688488.0
CROX,sp400,2020,250,1.5118,0.3644,0.6755,0.051,6.0875,48243843.0
CROX,sp400,2021,249,1.5161,0.1576,0.4545,0.0121,4.2758,169109492.0
CROX,sp400,2022,248,2.0136,0.4706,0.5195,0.0064,5.724,137741075.0
CROX,sp400,2023,247,1.4416,0.1469,0.4537,0.0142,3.7975,178681728.0
CROX,sp400,2024,249,1.3522,0.1327,0.4357,0.0181,3.2743,166741799.0
CRS,sp400,2012,246,1.6765,0.496,0.2152,0.0029,2.8198,17846026.0
CRS,sp400,2013,249,1.0298,0.2623,0.1876,0.0094,2.0582,16364011.0
CRS,sp400,2014,249,1.2256,0.2723,0.2259,0.0099,2.1122,15184940.0
CRS,sp400,2015,249,1.2226,0.2256,0.3489,0.0254,3.2221,14466835.0
CRS,sp400,2016,249,2.1013,0.3152,0.4029,0.0235,3.895,13008404.0
CRS,sp400,2017,248,2.073,0.1987,0.2801,0.0359,2.8589,12557597.0
CRS,sp400,2018,248,1.3709,0.3962,0.2902,0.0343,3.0505,15488515.0
CRS,sp400,2019,249,1.8004,0.373,0.2782,0.0171,3.0148,11240690.0
CRS,sp400,2020,250,1.7472,0.5053,0.5848,0.0085,5.4656,11757907.0
CRS,sp400,2021,249,1.5142,0.1636,0.4438,0.0699,4.3792,11645909.0
CRS,sp400,2022,248,1.2383,0.3428,0.417,0.0283,4.507,12294978.0
CRS,sp400,2023,247,1.6108,0.2572,0.3574,0.03,3.5259,24558338.0
CRS,sp400,2024,249,1.4835,0.1982,0.3761,0.1836,3.4425,78011070.0
CRUS,sp400,2012,246,2.1875,0.226,0.5154,0.0322,3.9567,84482994.0
CRUS,sp400,2013,249,1.7482,0.1111,0.5371,0.141,3.7552,63483993.0
CRUS,sp400,2014,249,0.9456,0.0682,0.3941,0.1708,2.9468,32169348.0
CRUS,sp400,2015,249,0.9706,0.1003,0.4477,0.1024,3.614,49120001.0
CRUS,sp400,2016,249,1.5946,0.2083,0.4044,0.0337,3.3154,54312807.0
CRUS,sp400,2017,248,1.9436,0.1615,0.2979,0.0329,2.5095,66017376.0
CRUS,sp400,2018,248,1.2307,0.2725,0.3449,0.0152,3.3535,45757833.0
CRUS,sp400,2019,249,1.4509,0.2024,0.3433,0.0402,2.6677,35162773.0
CRUS,sp400,2020,250,1.3609,0.6087,0.3691,0.0288,3.9177,51296765.0
CRUS,sp400,2021,249,1.2037,0.2116,0.3013,0.0743,2.6713,42707292.0
CRUS,sp400,2022,248,1.1486,0.5246,0.266,0.0101,3.1298,37435698.0
CRUS,sp400,2023,247,1.162,0.2371,0.2721,0.0121,2.5515,43660231.0
CRUS,sp400,2024,249,1.6217,0.2824,0.3258,0.0048,2.7753,58335987.0
CSL,sp400,2012,246,1.3432,0.3834,0.2169,0.0108,2.2881,15061777.0
CSL,sp400,2013,249,1.133,0.5175,0.1188,0.0155,1.6019,18360252.0
CSL,sp400,2014,249,1.2989,0.546,0.1335,0.0036,1.5277,22574640.0
CSL,sp400,2015,249,0.894,0.3753,0.1777,0.0047,1.6244,34282488.0
CSL,sp400,2016,249,0.9848,0.4308,0.1472,0.0228,1.6062,34239167.0
CSL,sp400,2017,248,1.1687,0.2044,0.1551,0.0009,1.4683,41979328.0
CSL,sp400,2018,248,0.7248,0.2506,0.2149,0.0823,2.0241,45571170.0
CSL,sp400,2019,249,0.9458,0.2559,0.1922,0.0162,1.6613,47392937.0
CSL,sp400,2020,250,1.0775,0.5943,0.3012,0.0205,3.082,53497425.0
CSL,sp400,2021,249,1.0043,0.3576,0.1745,0.0194,1.9504,50972033.0
CSL,sp400,2022,248,0.7995,0.3125,0.2884,0.0382,2.7603,102229146.0
CSL,sp400,2023,247,1.2051,0.3102,0.2346,0.0097,2.2983,90441243.0
CSL,sp400,2024,249,1.2132,0.3025,0.2322,0.0554,2.1599,129151004.0
CTRE,sp400,2015,249,0.686,0.084,0.349,0.1748,3.4935,1519754.0
CTRE,sp400,2016,249,0.8509,0.1858,0.2317,0.0807,2.6308,3548229.0
CTRE,sp400,2017,248,0.7874,0.0906,0.1678,0.0774,1.8821,6027593.0
CTRE,sp400,2018,248,0.4788,0.1027,0.2427,0.0486,2.373,7922980.0
CTRE,sp400,2019,249,0.3768,0.0428,0.2125,0.1767,2.1563,14706681.0
CTRE,sp400,2020,250,1.5448,0.3912,0.6519,0.054,4.569,11976117.0
CTRE,sp400,2021,249,0.7606,0.143,0.2414,0.0252,2.4073,11071512.0
CTRE,sp400,2022,248,0.6222,0.2534,0.2598,0.0408,2.737,11046131.0
CTRE,sp400,2023,247,0.7302,0.1998,0.1908,0.0136,2.0812,17143225.0
CTRE,sp400,2024,249,0.3065,0.0389,0.1921,0.1313,1.8618,40934042.0
CUBE,sp400,2012,246,0.9423,0.3771,0.1542,0.0116,2.0558,7906389.0
CUBE,sp400,2013,249,1.098,0.279,0.1917,0.0166,2.0994,11997027.0
CUBE,sp400,2014,249,0.6527,0.1839,0.155,0.0393,1.6528,13639694.0
CUBE,sp400,2015,249,0.688,0.262,0.1778,0.0224,1.9329,22639532.0
CUBE,sp400,2016,249,0.6232,0.1103,0.2302,0.0854,2.2003,33409468.0
CUBE,sp400,2017,248,0.0378,0.0002,0.1991,0.8897,1.7521,28700026.0
CUBE,sp400,2018,248,0.3611,0.0989,0.187,0.0698,1.8557,29313578.0
CUBE,sp400,2019,249,0.1626,0.0133,0.1671,0.373,1.533,33894326.0
CUBE,sp400,2020,250,0.8092,0.4411,0.3081,0.0412,3.0446,34092989.0
CUBE,sp400,2021,249,0.4258,0.0765,0.1918,0.1098,1.9201,44063307.0
CUBE,sp400,2022,248,0.8583,0.4334,0.2387,0.0045,2.6008,62827350.0
CUBE,sp400,2023,247,0.8927,0.21,0.2261,0.0527,2.1686,65421108.0
CUBE,sp400,2024,249,0.5405,0.0882,0.2191,0.1808,2.0161,56125905.0
CUZ,sp400,2012,246,1.0206,0.3493,0.1774,0.0325,2.1517,2346591.0
CUZ,sp400,2013,249,1.0508,0.3142,0.1686,0.0058,1.9801,8991769.0
CUZ,sp400,2014,249,0.7607,0.2372,0.1538,0.0335,1.6458,12780731.0
CUZ,sp400,2015,249,0.988,0.3773,0.1955,0.022,2.2709,11136724.0
CUZ,sp400,2016,249,1.076,0.3134,0.2071,0.0498,2.2299,17648619.0
CUZ,sp400,2017,248,0.7356,0.118,0.1353,0.1334,1.6083,22187864.0
CUZ,sp400,2018,248,0.6316,0.2992,0.1658,0.021,1.8015,25012996.0
CUZ,sp400,2019,249,0.6627,0.1687,0.1754,0.0896,1.7557,40710118.0
CUZ,sp400,2020,250,1.3276,0.5889,0.3752,0.0086,3.8776,24082220.0
CUZ,sp400,2021,249,0.6541,0.1474,0.204,0.0413,2.1564,24960789.0
CUZ,sp400,2022,248,0.8535,0.4841,0.2143,0.01,2.5522,24797820.0
CUZ,sp400,2023,247,1.5916,0.3199,0.303,0.0521,2.9585,29755449.0
CUZ,sp400,2024,249,0.8272,0.1661,0.2336,0.1753,2.2076,30670798.0
CVLT,sp400,2012,246,1.5703,0.2268,0.3691,0.0287,3.3636,28155265.0
CVLT,sp400,2013,249,1.4878,0.2071,0.3162,0.064,2.9719,44115594.0
CVLT,sp400,2014,249,1.8218,0.1735,0.4482,0.0451,2.9651,43424798.0
CVLT,sp400,2015,249,0.7475,0.1824,0.2438,0.1658,2.4809,21891266.0
CVLT,sp400,2016,249,1.4201,0.3242,0.2667,0.0484,2.6538,18768626.0
CVLT,sp400,2017,248,1.0342,0.0813,0.2338,0.1146,2.0326,20892247.0
CVLT,sp400,2018,248,0.8449,0.2499,0.251,0.0523,2.7607,28332761.0
CVLT,sp400,2019,249,1.0315,0.1773,0.2648,0.0115,2.1768,25676711.0
CVLT,sp400,2020,250,0.8103,0.3321,0.3887,0.0114,3.6828,19525429.0
CVLT,sp400,2021,249,1.4124,0.2291,0.3359,0.0522,2.883,23997597.0
CVLT,sp400,2022,248,0.9722,0.4896,0.2414,0.0104,2.9519,16516527.0
CVLT,sp400,2023,247,0.7462,0.1343,0.2473,0.0316,2.096,19923860.0
CVLT,sp400,2024,249,1.3599,0.1568,0.3975,0.0093,2.6281,45380555.0
CW,sp400,2012,246,1.2427,0.4232,0.1847,0.0307,2.0277,6253579.0
CW,sp400,2013,249,1.3176,0.398,0.176,0.02,1.8301,8043960.0
CW,sp400,2014,249,1.3725,0.383,0.1964,0.0053,2.1717,17912958.0
CW,sp400,2015,249,1.0002,0.566,0.1349,0.0195,1.9281,14735898.0
CW,sp400,2016,249,1.1844,0.4352,0.1755,0.0144,1.7836,21894829.0
CW,sp400,2017,248,1.3508,0.2843,0.1442,0.0119,1.5953,23087613.0
CW,sp400,2018,248,1.0348,0.459,0.1927,0.0267,2.2468,33834749.0
CW,sp400,2019,249,1.1485,0.438,0.1551,0.0251,1.7354,29004987.0
CW,sp400,2020,250,1.344,0.6294,0.3489,0.0382,3.4401,29243066.0
CW,sp400,2021,249,1.224,0.372,0.2062,0.0223,2.1293,23136014.0
CW,sp400,2022,248,0.7127,0.3663,0.228,0.0347,2.51,30056001.0
CW,sp400,2023,247,0.7546,0.2201,0.1855,0.1159,1.8006,30448049.0
CW,sp400,2024,249,1.1318,0.3432,0.1973,0.008,1.9141,67997689.0
CXT,sp400,2012,246,1.1646,0.4027,0.1806,0.0073,1.9259,9957969.0
CXT,sp400,2013,249,1.1727,0.5444,0.1165,0.002,1.6255,13054783.0
CXT,sp400,2014,249,1.4008,0.5107,0.1546,0.0117,1.7946,18730559.0
CXT,sp400,2015,249,0.9721,0.3632,0.1983,0.0478,2.1502,19101499.0
CXT,sp400,2016,249,1.2614,0.3785,0.2102,0.0081,1.967,14970222.0
CXT,sp400,2017,248,1.6461,0.2719,0.1812,0.0182,1.705,21174218.0
CXT,sp400,2018,248,1.0443,0.5148,0.1739,0.0198,2.1528,23707804.0
CXT,sp400,2019,249,1.2695,0.3938,0.1877,0.0016,1.904,21921862.0
CXT,sp400,2020,250,1.4078,0.6435,0.3545,0.0098,3.5188,20902400.0
CXT,sp400,2021,249,1.1945,0.3096,0.2312,0.0161,2.2836,23092102.0
CXT,sp400,2022,248,0.9861,0.5764,0.2056,0.0224,2.6847,24247822.0
CXT,sp400,2023,247,0.9638,0.1705,0.2776,0.0139,2.4464,26756657.0
CXT,sp400,2024,249,1.2153,0.3049,0.2313,0.0165,2.3721,19879512.0
CYTK,sp400,2012,246,0.4494,0.0107,0.55,0.128,6.1083,298564.0
CYTK,sp400,2013,249,1.0192,0.0211,0.7532,0.3423,5.9893,3955525.0
CYTK,sp400,2014,249,2.6619,0.0562,1.2299,0.062,6.1765,5049334.0
CYTK,sp400,2015,249,1.0718,0.0701,0.6015,0.0187,5.5865,3486554.0
CYTK,sp400,2016,249,1.0631,0.0825,0.4612,0.1054,4.9526,3238367.0
CYTK,sp400,2017,248,1.5524,0.0302,0.5919,0.1916,4.6513,7410642.0
CYTK,sp400,2018,248,1.5163,0.1743,0.566,0.0348,5.6225,2739200.0
CYTK,sp400,2019,249,1.1293,0.0463,0.6112,0.4072,5.2978,5695454.0
CYTK,sp400,2020,250,0.8703,0.0979,0.8936,0.0834,6.6855,20753111.0
CYTK,sp400,2021,249,1.3084,0.0747,0.597,0.2787,5.4104,31676539.0
CYTK,sp400,2022,248,0.987,0.1421,0.5899,0.0374,5.6095,49297197.0
CYTK,sp400,2023,247,1.3186,0.0455,0.7885,0.1252,4.6123,52773529.0
CYTK,sp400,2024,249,1.2837,0.099,0.488,0.0388,4.2944,126764486.0
DAR,sp400,2012,246,1.0544,0.2935,0.2083,0.0185,2.3948,14765728.0
DAR,sp400,2013,249,1.0725,0.2076,0.2275,0.0993,2.2437,20293755.0
DAR,sp400,2014,249,0.9316,0.2897,0.1645,0.0254,1.9331,23764937.0
DAR,sp400,2015,249,0.872,0.1426,0.3293,0.0422,2.6883,27960907.0
DAR,sp400,2016,249,1.4552,0.2476,0.3299,0.1745,2.9248,20902039.0
DAR,sp400,2017,248,1.8774,0.1974,0.2547,0.0292,2.229,18812061.0
DAR,sp400,2018,248,0.8256,0.2841,0.2247,0.0029,2.32,19993656.0
DAR,sp400,2019,249,0.9886,0.2744,0.1916,0.0271,1.9745,19544838.0
DAR,sp400,2020,250,1.2496,0.4993,0.4233,0.0028,4.2441,44213536.0
DAR,sp400,2021,249,1.541,0.2331,0.3624,0.0754,3.6917,109035538.0
DAR,sp400,2022,248,1.0686,0.3083,0.3893,0.028,3.8509,107225856.0
DAR,sp400,2023,247,1.3515,0.234,0.3192,0.0093,3.1316,87254364.0
DAR,sp400,2024,249,0.8633,0.0802,0.3686,0.2033,3.4371,88164558.0
DBX,sp400,2018,191,1.3373,0.165,0.483,0.1334,4.8139,127339725.0
DBX,sp400,2019,249,1.432,0.2305,0.3119,0.0215,3.0542,80020464.0
DBX,sp400,2020,250,0.8126,0.2756,0.4456,0.0249,3.8335,129055888.0
DBX,sp400,2021,249,0.8531,0.1125,0.3107,0.0824,2.8858,141526212.0
DBX,sp400,2022,248,1.1942,0.5898,0.2423,0.0042,3.1771,68905693.0
DBX,sp400,2023,247,1.0619,0.2559,0.2364,0.0406,2.1865,84500302.0
DBX,sp400,2024,249,0.9873,0.1134,0.3479,0.1454,2.2673,90143111.0
DCI,sp400,2012,246,1.2832,0.4729,0.1725,0.0233,2.0346,16535317.0
DCI,sp400,2013,249,1.0916,0.4732,0.1251,0.0064,1.4975,13866600.0
DCI,sp400,2014,249,1.2162,0.4665,0.1466,0.0147,1.5598,14619827.0
DCI,sp400,2015,249,0.8834,0.4156,0.1614,0.0328,1.8295,18725564.0
DCI,sp400,2016,249,1.0357,0.2787,0.2167,0.0169,1.8787,23783944.0
DCI,sp400,2017,248,1.4631,0.2879,0.1548,0.023,1.4232,18575103.0
DCI,sp400,2018,248,1.0335,0.5039,0.1759,0.0155,1.9663,21743781.0
DCI,sp400,2019,249,1.3808,0.4971,0.1655,0.0018,1.8515,19372158.0
DCI,sp400,2020,250,1.0439,0.64,0.2648,0.0036,2.8987,22256707.0
DCI,sp400,2021,249,1.0404,0.3755,0.1739,0.0049,1.8371,26294509.0
DCI,sp400,2022,248,0.8355,0.591,0.1691,0.0078,2.2521,21029800.0
DCI,sp400,2023,247,0.9172,0.3239,0.173,0.0113,1.6819,25719733.0
DCI,sp400,2024,249,0.778,0.257,0.1667,0.0862,1.5617,36055592.0
DINO,sp400,2012,246,1.2206,0.2091,0.3022,0.0858,3.2299,62388175.0
DINO,sp400,2013,249,0.9882,0.1067,0.3106,0.1586,3.0092,96544802.0
DINO,sp400,2014,249,0.7377,0.1066,0.2408,0.0451,2.5159,73232801.0
DINO,sp400,2015,249,1.1129,0.2404,0.3047,0.0234,3.0571,86462803.0
DINO,sp400,2016,249,1.7125,0.2063,0.4368,0.03,4.1042,71163026.0
DINO,sp400,2017,248,1.3302,0.0792,0.3051,0.2371,2.7562,64729592.0
DINO,sp400,2018,248,1.0858,0.2426,0.329,0.035,3.2237,127892230.0
DINO,sp400,2019,249,1.3417,0.2773,0.2582,0.0041,2.6992,76330524.0
DINO,sp400,2020,250,1.3673,0.3397,0.6449,0.0888,5.9302,62281924.0
DINO,sp400,2021,249,0.9562,0.083,0.412,0.05,3.9241,63890149.0
DINO,sp400,2022,248,0.6561,0.1137,0.4455,0.0975,4.203,88321352.0
DINO,sp400,2023,247,0.7364,0.0763,0.3346,0.0246,3.0906,99473765.0
DINO,sp400,2024,249,0.7302,0.0884,0.2955,0.0267,2.7528,93102911.0
DKS,sp400,2012,246,1.08,0.2475,0.2398,0.012,2.2707,54064654.0
DKS,sp400,2013,249,0.8939,0.1744,0.2112,0.0624,1.8412,52571113.0
DKS,sp400,2014,249,1.1118,0.1645,0.2824,0.0526,2.0271,59909331.0
DKS,sp400,2015,249,0.9143,0.2242,0.2619,0.0272,2.3038,58635182.0
DKS,sp400,2016,249,0.9788,0.1557,0.2965,0.0223,2.5391,73604499.0
DKS,sp400,2017,248,1.2429,0.0338,0.4471,0.4834,2.9882,85727925.0
DKS,sp400,2018,248,0.8518,0.1174,0.4005,0.1102,3.5271,82187026.0
DKS,sp400,2019,249,0.9888,0.1098,0.3357,0.0851,2.9102,68542053.0
DKS,sp400,2020,250,1.2403,0.373,0.544,0.0375,4.9585,91212488.0
DKS,sp400,2021,249,1.0694,0.1036,0.4078,0.1479,3.6134,177666193.0
DKS,sp400,2022,248,1.3899,0.4066,0.4084,0.0492,4.4167,173123604.0
DKS,sp400,2023,247,0.8024,0.0639,0.401,0.1555,2.5768,176089192.0
DKS,sp400,2024,249,1.0621,0.1241,0.3556,0.0922,2.8459,212080143.0
DLB,sp400,2012,246,0.7769,0.0725,0.3539,0.0908,2.5833,21335432.0
DLB,sp400,2013,249,0.8633,0.2189,0.1771,0.0069,1.9583,11650522.0
DLB,sp400,2014,249,0.7578,0.2148,0.1633,0.0237,1.7124,14092490.0
DLB,sp400,2015,249,0.7411,0.2506,0.1974,0.006,1.8849,11058955.0
DLB,sp400,2016,249,0.7235,0.1414,0.2319,0.0441,1.8243,18219813.0
DLB,sp400,2017,248,1.1025,0.1382,0.1852,0.1374,1.5934,17401776.0
DLB,sp400,2018,248,0.9184,0.366,0.2073,0.0306,2.076,22671134.0
DLB,sp400,2019,249,1.0675,0.2802,0.204,0.0154,1.699,22815519.0
DLB,sp400,2020,250,1.0565,0.6756,0.2476,0.0117,2.5257,29634573.0
DLB,sp400,2021,249,0.9654,0.3347,0.1765,0.0074,1.9143,37584517.0
DLB,sp400,2022,248,0.7873,0.4724,0.2024,0.0175,2.2133,33388557.0
DLB,sp400,2023,247,0.8325,0.2068,0.2128,0.0189,1.6481,33636463.0
DLB,sp400,2024,249,0.5767,0.0884,0.2334,0.071,1.6674,31092365.0
DOCN,sp400,2021,193,2.0033,0.1097,0.6847,0.1656,6.2211,126216865.0
DOCN,sp400,2022,248,2.31,0.4426,0.6305,0.0146,7.0939,84818124.0
DOCN,sp400,2023,247,2.0145,0.181,0.5595,0.1357,4.7639,51766116.0
DOCN,sp400,2024,249,2.0787,0.2769,0.4233,0.0097,3.9648,43826551.0
DOCS,sp400,2022,248,1.6711,0.2683,0.6713,0.0414,6.6588,83859910.0
DOCS,sp400,2023,247,1.7934,0.2014,0.4663,0.0378,3.5749,55105531.0
DOCS,sp400,2024,249,1.0527,0.0505,0.5752,0.3422,3.2816,63858238.0
DOCU,sp400,2018,167,1.4895,0.1909,0.491,0.0316,5.3592,97723416.0
DOCU,sp400,2019,249,1.6511,0.2066,0.3856,0.007,3.2909,141479362.0
DOCU,sp400,2020,250,0.6076,0.1164,0.5664,0.1484,5.1681,758969350.0
DOCU,sp400,2021,249,1.6786,0.0878,0.7013,0.2469,3.9063,733049788.0
DOCU,sp400,2022,248,2.2921,0.4666,0.5961,0.008,6.0697,394554245.0
DOCU,sp400,2023,247,1.8943,0.2602,0.417,0.0852,3.6704,210757463.0
DOCU,sp400,2024,249,1.1471,0.113,0.405,0.0107,3.0185,195064681.0
DT,sp400,2020,250,1.0714,0.3297,0.5168,0.0242,5.5769,98777272.0
DT,sp400,2021,249,1.9416,0.3308,0.358,0.0038,3.7868,104713892.0
DT,sp400,2022,248,1.487,0.3911,0.4514,0.0204,4.8183,115324099.0
DT,sp400,2023,247,1.43,0.2848,0.2959,0.0183,2.6432,124035126.0
DT,sp400,2024,249,0.7894,0.1122,0.2799,0.3418,2.2934,166083304.0
DTM,sp400,2022,248,0.7398,0.3314,0.2556,0.048,2.6975,27207846.0
DTM,sp400,2023,247,0.8456,0.2651,0.1838,0.0606,1.8665,30313404.0
DTM,sp400,2024,249,0.5529,0.1176,0.1908,0.0086,1.8227,49779024.0
DUOL,sp400,2022,248,1.5452,0.2306,0.6866,0.1375,6.521,42498797.0
DUOL,sp400,2023,247,1.7302,0.1585,0.5204,0.1329,4.4964,93159422.0
DUOL,sp400,2024,249,1.8289,0.192,0.4728,0.0251,4.1267,155304187.0
DY,sp400,2012,246,1.014,0.1024,0.3822,0.1115,3.0629,6550585.0
DY,sp400,2013,249,1.4154,0.2706,0.2524,0.0142,2.6379,4394956.0
DY,sp400,2014,249,1.2862,0.1607,0.3314,0.0177,2.888,7625265.0
DY,sp400,2015,249,1.5132,0.2534,0.4001,0.0086,3.3827,31662379.0
DY,sp400,2016,249,1.7904,0.2179,0.4412,0.0435,3.5717,60381300.0
DY,sp400,2017,248,1.7504,0.0908,0.3726,0.0526,2.6109,59675692.0
DY,sp400,2018,248,1.3735,0.2138,0.4518,0.0234,3.3379,48660565.0
DY,sp400,2019,249,2.1933,0.1904,0.539,0.0188,3.6428,22223176.0
DY,sp400,2020,250,1.7302,0.3789,0.7494,0.0486,5.8367,22714997.0
DY,sp400,2021,249,1.8336,0.2168,0.4519,0.1217,4.0802,29134377.0
DY,sp400,2022,248,0.9656,0.2384,0.4199,0.0133,3.7988,28535672.0
DY,sp400,2023,247,0.9742,0.1117,0.3587,0.1105,3.1697,37367206.0
DY,sp400,2024,249,1.2138,0.1748,0.3324,0.1122,3.0733,53340410.0
EEFT,sp400,2012,246,1.2933,0.3029,0.2498,0.0726,2.741,4347966.0
EEFT,sp400,2013,249,1.1917,0.2413,0.2295,0.0253,2.3511,8382881.0
EEFT,sp400,2014,249,1.3146,0.2028,0.2938,0.051,2.7586,16252567.0
EEFT,sp400,2015,249,1.0812,0.2941,0.258,0.0249,2.5096,19624916.0
EEFT,sp400,2016,249,1.12,0.1965,0.2946,0.0443,2.317,30873287.0
EEFT,sp400,2017,248,0.8675,0.093,0.1822,0.0697,1.6749,28178355.0
EEFT,sp400,2018,248,0.9623,0.2608,0.2779,0.0367,2.614,51052580.0
EEFT,sp400,2019,249,0.9277,0.2268,0.2041,0.04,2.1449,63415622.0
EEFT,sp400,2020,250,1.3147,0.4923,0.4516,0.0181,4.3181,61697832.0
EEFT,sp400,2021,249,1.3301,0.2412,0.3058,0.027,3.1501,49124018.0
EEFT,sp400,2022,248,1.1944,0.4439,0.3252,0.0092,3.5236,50972529.0
EEFT,sp400,2023,247,1.1686,0.1765,0.3295,0.0086,2.4194,37501391.0
EEFT,sp400,2024,249,0.9895,0.2635,0.2085,0.0247,2.2808,30950220.0
EGP,sp400,2012,246,0.8748,0.4231,0.13,0.0089,1.6604,6219989.0
EGP,sp400,2013,249,1.0802,0.4326,0.1344,0.0112,1.7418,6849659.0
EGP,sp400,2014,249,0.672,0.2468,0.1323,0.0872,1.5507,7063309.0
EGP,sp400,2015,249,0.8238,0.4224,0.1484,0.0237,1.9223,7713951.0
EGP,sp400,2016,249,0.8157,0.307,0.1594,0.0145,1.8737,9404030.0
EGP,sp400,2017,248,0.8285,0.1293,0.1446,0.2225,1.5445,12503471.0
EGP,sp400,2018,248,0.5785,0.2535,0.1703,0.0056,1.7721,15232953.0
EGP,sp400,2019,249,0.4818,0.1506,0.1364,0.0199,1.5025,24063252.0
EGP,sp400,2020,250,1.3205,0.6601,0.3205,0.0135,3.1448,26135934.0
EGP,sp400,2021,249,0.8733,0.3201,0.165,0.0391,1.8791,25738485.0
EGP,sp400,2022,248,0.913,0.5178,0.2143,0.0143,2.5175,43110101.0
EGP,sp400,2023,247,1.0069,0.3402,0.1831,0.01,1.9072,42121637.0
EGP,sp400,2024,249,0.7166,0.2071,0.1767,0.0202,1.7662,49627431.0
EHC,sp400,2012,246,1.2667,0.2943,0.2497,0.0111,2.6374,10801707.0
EHC,sp400,2013,249,0.9913,0.2597,0.1818,0.0081,1.9657,12668425.0
EHC,sp400,2014,249,1.059,0.249,0.2073,0.0709,2.1306,14611967.0
EHC,sp400,2015,249,0.8606,0.1969,0.2677,0.0104,2.5682,26145748.0
EHC,sp400,2016,249,0.8058,0.1468,0.2526,0.0888,2.1163,29353413.0
EHC,sp400,2017,248,1.0259,0.1143,0.1921,0.0086,1.6552,35142630.0
EHC,sp400,2018,248,0.6959,0.2446,0.2097,0.0401,2.1307,41401078.0
EHC,sp400,2019,249,0.8806,0.1745,0.2283,0.0277,2.1546,41791694.0
EHC,sp400,2020,250,0.9621,0.5509,0.2938,0.04,3.2756,44828557.0
EHC,sp400,2021,249,0.5632,0.0959,0.2242,0.0444,2.2869,48345690.0
EHC,sp400,2022,248,0.7591,0.3467,0.2535,0.0154,2.6299,45170172.0
EHC,sp400,2023,247,0.5027,0.0835,0.2175,0.1193,1.8829,41551178.0
EHC,sp400,2024,249,0.5199,0.0991,0.1975,0.1344,1.8163,54673374.0
ELAN,sp400,2019,249,0.8749,0.1343,0.2648,0.0716,2.7498,153652077.0
ELAN,sp400,2020,250,1.0646,0.4017,0.4395,0.0312,4.0979,134484282.0
ELAN,sp400,2021,249,0.7171,0.0792,0.317,0.0598,2.686,116948868.0
ELAN,sp400,2022,248,1.0263,0.345,0.344,0.0166,3.6797,106804472.0
ELAN,sp400,2023,247,1.9675,0.3021,0.3904,0.0328,3.5905,70196884.0
ELAN,sp400,2024,249,1.0153,0.0724,0.458,0.1052,3.3277,68782381.0
ELF,sp400,2017,248,0.6287,0.0103,0.4147,0.5927,3.5015,15110996.0
ELF,sp400,2018,248,1.0508,0.0825,0.601,0.0476,4.0805,8492043.0
ELF,sp400,2019,249,1.1791,0.0641,0.5371,0.0542,4.2918,9612366.0
ELF,sp400,2020,250,1.0721,0.3025,0.5507,0.0859,4.8797,14384022.0
ELF,sp400,2021,249,1.2479,0.2671,0.268,0.0726,2.9833,15055771.0
ELF,sp400,2022,248,1.0822,0.3525,0.3568,0.0198,3.4981,20553011.0
ELF,sp400,2023,247,1.3401,0.1159,0.4832,0.0916,3.8387,119370961.0
ELF,sp400,2024,249,1.4985,0.0935,0.588,0.0743,4.9878,291904622.0
ELS,sp400,2012,246,0.5339,0.2116,0.1312,0.0349,1.5385,13684654.0
ELS,sp400,2013,249,0.6719,0.1745,0.1587,0.0571,1.6623,10798064.0
ELS,sp400,2014,249,0.3945,0.1012,0.1325,0.0325,1.4501,10855008.0
ELS,sp400,2015,249,0.6624,0.3016,0.1552,0.0152,1.7852,16253006.0
ELS,sp400,2016,249,0.4001,0.0665,0.1949,0.247,1.7896,24123434.0
ELS,sp400,2017,248,0.3996,0.0393,0.1328,0.239,1.369,24846584.0
ELS,sp400,2018,248,0.3781,0.163,0.1469,0.0443,1.5536,27532006.0
ELS,sp400,2019,249,0.1912,0.02,0.1595,0.133,1.6095,47170366.0
ELS,sp400,2020,250,1.0276,0.4894,0.3551,0.0598,3.2785,54772419.0
ELS,sp400,2021,249,0.619,0.1808,0.1708,0.0284,1.8125,50035258.0
ELS,sp400,2022,248,0.7164,0.3815,0.2219,0.0102,2.4793,59251953.0
ELS,sp400,2023,247,0.8395,0.2223,0.205,0.0026,1.9934,73410943.0
ELS,sp400,2024,249,0.1779,0.0146,0.184,0.2741,1.812,76080681.0
ENS,sp400,2012,246,1.4385,0.3743,0.2368,0.027,2.5166,11445455.0
ENS,sp400,2013,249,1.408,0.4927,0.1552,0.0094,1.9271,13923884.0
ENS,sp400,2014,249,1.5338,0.4429,0.1939,0.0222,1.9715,20730636.0
ENS,sp400,2015,249,1.0784,0.3776,0.2132,0.0372,2.124,16556765.0
ENS,sp400,2016,249,1.4395,0.3532,0.2534,0.0113,2.4531,15902959.0
ENS,sp400,2017,248,1.909,0.2561,0.2189,0.0528,1.9659,17620018.0
ENS,sp400,2018,248,1.1213,0.3656,0.2533,0.0383,2.565,15558340.0
ENS,sp400,2019,249,1.3906,0.2375,0.297,0.0587,2.5296,19713312.0
ENS,sp400,2020,250,1.4884,0.6728,0.3511,0.0058,3.9592,15900584.0
ENS,sp400,2021,249,1.3901,0.3496,0.2458,0.0066,2.5593,20818796.0
ENS,sp400,2022,248,1.2238,0.6137,0.2362,0.0018,3.0483,16031745.0
ENS,sp400,2023,247,1.3831,0.2882,0.2838,0.023,2.37,23703424.0
ENS,sp400,2024,249,0.7437,0.1249,0.2481,0.0671,2.05,24125904.0
ENSG,sp400,2012,246,0.8525,0.1985,0.2181,0.1023,2.5659,2217379.0
ENSG,sp400,2013,249,0.9394,0.2158,0.1945,0.1146,2.3181,2568793.0
ENSG,sp400,2014,249,0.8883,0.1299,0.2591,0.0525,2.596,3676240.0
ENSG,sp400,2015,249,0.8836,0.1787,0.2918,0.0611,2.8392,6443226.0
ENSG,sp400,2016,249,1.2123,0.2247,0.2929,0.0711,3.0611,5482724.0
ENSG,sp400,2017,248,1.0583,0.058,0.2871,0.1355,2.6389,4414152.0
ENSG,sp400,2018,248,0.8289,0.1696,0.3145,0.1032,3.1088,9759705.0
ENSG,sp400,2019,249,0.9203,0.106,0.3186,0.0787,3.0314,13752424.0
ENSG,sp400,2020,250,1.494,0.487,0.5187,0.0015,4.6106,14793562.0
ENSG,sp400,2021,249,0.978,0.1667,0.2835,0.1152,3.1622,20829365.0
ENSG,sp400,2022,248,0.6618,0.2696,0.265,0.0346,2.9889,19869292.0
ENSG,sp400,2023,247,0.6,0.1313,0.2015,0.0397,2.0931,26242971.0
ENSG,sp400,2024,249,0.506,0.0876,0.2058,0.0884,2.0836,50075232.0
ENTG,sp400,2012,246,1.6465,0.4639,0.2254,0.0255,2.9133,6017005.0
ENTG,sp400,2013,249,1.3011,0.3662,0.1859,0.007,2.2754,6800678.0
ENTG,sp400,2014,249,1.2965,0.2638,0.2442,0.048,2.5119,8730752.0
ENTG,sp400,2015,249,0.89,0.2798,0.2199,0.0305,2.5516,8073756.0
ENTG,sp400,2016,249,1.4202,0.3979,0.2272,0.027,2.6912,7474982.0
ENTG,sp400,2017,248,2.3809,0.2873,0.2523,0.0443,2.798,21186088.0
ENTG,sp400,2018,248,1.4977,0.4462,0.2861,0.0191,3.3102,32523279.0
ENTG,sp400,2019,249,1.3035,0.2954,0.24,0.0351,2.5339,50344881.0
ENTG,sp400,2020,250,1.2567,0.6545,0.3088,0.0081,3.4841,58743224.0
ENTG,sp400,2021,249,1.858,0.3855,0.3041,0.1065,3.3057,107174498.0
ENTG,sp400,2022,248,1.9335,0.5932,0.3894,0.0032,4.3397,147998816.0
ENTG,sp400,2023,247,2.0011,0.3454,0.3596,0.0309,3.2083,132396406.0
ENTG,sp400,2024,249,2.1877,0.449,0.3055,0.0192,3.3945,202324340.0
EPR,sp400,2012,246,0.7985,0.2819,0.1623,0.0091,1.7318,4833392.0
EPR,sp400,2013,249,0.9889,0.3105,0.1601,0.0262,1.9135,7495314.0
EPR,sp400,2014,249,0.5382,0.1089,0.1735,0.0512,1.4982,8959791.0
EPR,sp400,2015,249,0.6848,0.3277,0.1511,0.0403,1.7339,9171228.0
EPR,sp400,2016,249,0.7538,0.2,0.196,0.0204,1.779,18044023.0
EPR,sp400,2017,248,0.5228,0.0486,0.1557,0.1521,1.4152,18010778.0
EPR,sp400,2018,248,0.5014,0.1617,0.1958,0.102,1.8262,20439867.0
EPR,sp400,2019,249,0.3595,0.0775,0.1478,0.1233,1.5043,21446463.0
EPR,sp400,2020,250,2.022,0.3601,0.9118,0.044,6.3773,31229369.0
EPR,sp400,2021,249,1.2536,0.1808,0.3459,0.0415,3.287,21957085.0
EPR,sp400,2022,248,0.8313,0.3864,0.2548,0.018,2.6959,19043484.0
EPR,sp400,2023,247,1.0598,0.3181,0.2026,0.0128,2.0996,19391433.0
EPR,sp400,2024,249,0.532,0.1377,0.1677,0.0299,1.6083,21591467.0
EQH,sp400,2018,158,1.0285,0.4135,0.199,0.0503,2.5687,43659049.0
EQH,sp400,2019,249,1.5362,0.4903,0.1867,0.0051,2.1735,61846454.0
EQH,sp400,2020,250,1.6594,0.6251,0.4347,0.0139,4.2369,60272870.0
EQH,sp400,2021,249,1.2222,0.3043,0.2396,0.0028,2.4985,81742786.0
EQH,sp400,2022,248,1.2099,0.6409,0.2203,0.0041,2.9696,78378782.0
EQH,sp400,2023,247,1.5275,0.3622,0.2646,0.0096,2.5489,80273430.0
EQH,sp400,2024,249,1.1833,0.3153,0.2198,0.0173,1.9809,94346130.0
ESAB,sp400,2022,188,1.1056,0.3801,0.356,0.0175,4.2089,18267392.0
ESAB,sp400,2023,247,1.1228,0.246,0.2567,0.0055,2.5185,16115834.0
ESAB,sp400,2024,249,1.2351,0.2863,0.2458,0.0176,2.4073,26753312.0
ESNT,sp400,2014,249,0.7668,0.0969,0.2639,0.1166,2.8091,6278979.0
ESNT,sp400,2015,249,0.6575,0.1906,0.2087,0.0641,2.1875,11130534.0
ESNT,sp400,2016,249,1.1315,0.2266,0.2718,0.021,2.5854,12110315.0
ESNT,sp400,2017,248,1.3041,0.1256,0.2315,0.0873,2.2747,23626376.0
ESNT,sp400,2018,248,0.913,0.2053,0.308,0.0496,2.7882,26139164.0
ESNT,sp400,2019,249,1.1043,0.3016,0.2003,0.0348,2.2345,23397305.0
ESNT,sp400,2020,250,1.5236,0.2781,0.8305,0.2464,5.183,36087382.0
ESNT,sp400,2021,249,1.2818,0.3241,0.24,0.0074,2.6715,29041338.0
ESNT,sp400,2022,248,0.991,0.5817,0.2044,0.0067,2.6373,21527923.0
ESNT,sp400,2023,247,1.0113,0.3468,0.1812,0.001,1.9027,19917547.0
ESNT,sp400,2024,249,0.7374,0.1541,0.2178,0.0547,1.8493,29921835.0
EVR,sp400,2012,246,1.4026,0.3449,0.2461,0.0739,2.6551,4657459.0
EVR,sp400,2013,249,1.7695,0.3679,0.2519,0.0022,2.6241,14714520.0
EVR,sp400,2014,249,1.7764,0.4291,0.231,0.0198,2.7272,18024114.0
EVR,sp400,2015,249,1.0827,0.4305,0.1918,0.0187,2.331,16070412.0
EVR,sp400,2016,249,1.8525,0.4753,0.2532,0.0238,2.651,17076880.0
EVR,sp400,2017,248,1.6294,0.244,0.193,0.032,2.0665,25877654.0
EVR,sp400,2018,248,1.2456,0.5262,0.2027,0.0015,2.5861,40105809.0
EVR,sp400,2019,249,1.552,0.4044,0.2245,0.0074,2.2626,31897164.0
EVR,sp400,2020,250,1.3767,0.5637,0.4097,0.0175,3.9284,30776439.0
EVR,sp400,2021,249,1.2486,0.2717,0.265,0.0664,2.8338,52818981.0
EVR,sp400,2022,248,1.2596,0.6264,0.2366,0.0088,3.2421,44389469.0
EVR,sp400,2023,247,1.3607,0.3855,0.2243,0.0156,2.4353,44612868.0
EVR,sp400,2024,249,1.4613,0.3412,0.2559,0.0424,2.3541,74402444.0
EWBC,sp400,2012,246,1.269,0.4027,0.1967,0.0322,2.137,16930870.0
EWBC,sp400,2013,249,0.9725,0.3079,0.1584,0.0342,1.7368,18307450.0
EWBC,sp400,2014,249,1.2578,0.4209,0.1663,0.0339,1.9338,17377620.0
EWBC,sp400,2015,249,1.1377,0.4894,0.179,0.0182,2.0042,29527126.0
EWBC,sp400,2016,249,1.7094,0.4599,0.2409,0.0298,2.5418,30683730.0
EWBC,sp400,2017,248,2.0897,0.3191,0.2054,0.0264,2.1111,41653499.0
EWBC,sp400,2018,248,0.9999,0.4255,0.1992,0.0207,2.4731,44642622.0
EWBC,sp400,2019,249,1.5977,0.3599,0.254,0.0117,2.5058,37290561.0
EWBC,sp400,2020,250,1.2934,0.4372,0.4964,0.0207,4.317,41136513.0
EWBC,sp400,2021,249,1.363,0.297,0.2719,0.0274,2.8522,49324188.0
EWBC,sp400,2022,248,1.2659,0.5697,0.2676,0.0087,3.1674,61029544.0
EWBC,sp400,2023,247,1.9055,0.2887,0.3905,0.0054,3.3443,63047416.0
EWBC,sp400,2024,249,0.9703,0.1742,0.2663,0.0141,2.3765,71219961.0
EXEL,sp400,2012,246,1.431,0.1263,0.4791,0.0962,4.6205,12535992.0
EXEL,sp400,2013,249,1.4035,0.1901,0.3146,0.0031,3.3813,8020521.0
EXEL,sp400,2014,249,1.8677,0.0372,1.0713,0.0296,5.3594,15182066.0
EXEL,sp400,2015,249,1.6996,0.1229,0.6993,0.0893,6.0506,21913204.0
EXEL,sp400,2016,249,1.7539,0.1255,0.6023,0.1036,5.4245,54084783.0
EXEL,sp400,2017,248,2.1721,0.0864,0.4751,0.1366,4.068,94052812.0
EXEL,sp400,2018,248,1.4489,0.2116,0.4796,0.0036,4.307,79255056.0
EXEL,sp400,2019,249,1.3632,0.1758,0.3518,0.0652,3.4942,61846882.0
EXEL,sp400,2020,250,0.8503,0.2744,0.4677,0.0082,4.3345,61077403.0
EXEL,sp400,2021,249,0.7636,0.0495,0.4339,0.1556,3.324,41625879.0
EXEL,sp400,2022,248,0.754,0.2378,0.3284,0.0123,3.2872,44204879.0
EXEL,sp400,2023,247,0.3673,0.032,0.2639,0.318,2.2579,50698806.0
EXEL,sp400,2024,249,0.2148,0.0078,0.3056,0.8086,2.2612,53007667.0
EXLS,sp400,2012,246,0.5435,0.0711,0.2501,0.1065,2.3109,5080018.0
EXLS,sp400,2013,249,0.922,0.1052,0.292,0.071,2.1358,4954919.0
EXLS,sp400,2014,249,1.002,0.2547,0.1933,0.022,2.3631,4443745.0
EXLS,sp400,2015,249,0.9421,0.3156,0.2137,0.0351,2.6051,6260747.0
EXLS,sp400,2016,249,0.8309,0.2024,0.2146,0.0411,2.3944,10737755.0
EXLS,sp400,2017,248,1.1123,0.2085,0.1458,0.0293,1.804,8327557.0
EXLS,sp400,2018,248,0.8355,0.3835,0.1817,0.0293,2.4047,8319070.0
EXLS,sp400,2019,249,1.0427,0.3711,0.1618,0.0035,2.1374,7948718.0
EXLS,sp400,2020,250,1.2203,0.5278,0.3904,0.0489,3.6275,12720513.0
EXLS,sp400,2021,249,0.9236,0.2478,0.2086,0.091,2.3742,16832382.0
EXLS,sp400,2022,248,0.9621,0.4073,0.2823,0.0201,2.9708,40247533.0
EXLS,sp400,2023,247,1.0657,0.252,0.2397,0.0151,2.3552,33587064.0
EXLS,sp400,2024,249,0.7919,0.1586,0.2299,0.0824,2.0731,32041687.0
EXP,sp400,2012,246,1.6256,0.2694,0.3408,0.004,3.3301,24480032.0
EXP,sp400,2013,249,1.9852,0.4345,0.246,0.0108,2.8166,50401405.0
EXP,sp400,2014,249,1.6853,0.3327,0.2691,0.0478,2.6629,62071435.0
EXP,sp400,2015,249,1.1029,0.2944,0.263,0.0077,2.9379,54053876.0
EXP,sp400,2016,249,1.6124,0.3838,0.2657,0.0781,2.7666,49983705.0
EXP,sp400,2017,248,1.8086,0.2213,0.2282,0.0182,2.2842,54530585.0
EXP,sp400,2018,248,0.9863,0.3364,0.2376,0.047,2.5479,50147100.0
EXP,sp400,2019,249,0.8231,0.099,0.296,0.0837,2.4811,43204878.0
EXP,sp400,2020,250,1.5274,0.6373,0.3898,0.0115,4.1064,28621410.0
EXP,sp400,2021,249,1.3757,0.3333,0.2523,0.0383,2.6621,49404455.0
EXP,sp400,2022,248,1.1337,0.574,0.2376,0.0013,3.0419,41968088.0
EXP,sp400,2023,247,1.3136,0.4087,0.2063,0.0082,2.1864,48094989.0
EXP,sp400,2024,249,1.4884,0.3544,0.2532,0.0091,2.4859,76837701.0
EXPO,sp400,2012,246,0.9973,0.2766,0.2053,0.0351,2.4144,1510799.0
EXPO,sp400,2013,249,0.9843,0.1966,0.2161,0.0314,2.0724,2137616.0
EXPO,sp400,2014,249,1.0695,0.2959,0.186,0.0718,2.3299,2699862.0
EXPO,sp400,2015,249,0.7899,0.2818,0.1942,0.0989,2.123,4409403.0
EXPO,sp400,2016,249,0.8625,0.1992,0.2249,0.0417,2.1907,5781998.0
EXPO,sp400,2017,248,1.3356,0.1832,0.1897,0.0153,1.7661,5771819.0
EXPO,sp400,2018,248,0.8128,0.322,0.2023,0.0263,2.511,8780467.0
EXPO,sp400,2019,249,0.7288,0.1619,0.1977,0.1139,2.0707,12854741.0
EXPO,sp400,2020,250,0.8223,0.4871,0.2855,0.0221,3.0765,19851641.0
EXPO,sp400,2021,249,1.1012,0.2943,0.2211,0.0619,2.3787,18136304.0
EXPO,sp400,2022,248,0.813,0.4316,0.2269,0.0068,2.709,20672611.0
EXPO,sp400,2023,247,0.9737,0.189,0.2634,0.0296,2.2649,24561451.0
EXPO,sp400,2024,249,0.9751,0.1323,0.3147,0.0887,2.261,21710153.0
FAF,sp400,2012,246,0.9512,0.2343,0.2189,0.0591,2.4197,7854354.0
FAF,sp400,2013,249,1.019,0.2319,0.2014,0.0357,2.0396,13858582.0
FAF,sp400,2014,249,0.7961,0.2374,0.1609,0.0173,1.8045,13517699.0
FAF,sp400,2015,249,0.7692,0.3072,0.1779,0.0198,1.7728,20268744.0
FAF,sp400,2016,249,0.9491,0.2843,0.1959,0.0099,1.8758,20549529.0
FAF,sp400,2017,248,0.6514,0.086,0.1428,0.0295,1.4473,19432291.0
FAF,sp400,2018,248,0.8126,0.3243,0.2012,0.0662,1.9946,29278862.0
FAF,sp400,2019,249,0.5733,0.1469,0.1647,0.098,1.6063,27549973.0
FAF,sp400,2020,250,1.0255,0.3911,0.4328,0.1205,3.72,38753046.0
FAF,sp400,2021,249,0.9598,0.3128,0.1844,0.0028,1.9873,34736135.0
FAF,sp400,2022,248,0.9886,0.542,0.221,0.0085,2.6958,36677310.0
FAF,sp400,2023,247,0.9974,0.2546,0.2228,0.0042,2.1392,32574876.0
FAF,sp400,2024,249,0.6147,0.1089,0.2217,0.0295,2.0101,37087521.0
FBIN,sp400,2012,246,1.6327,0.3554,0.28,0.078,3.0442,28785890.0
FBIN,sp400,2013,249,1.7194,0.4061,0.2258,0.0061,2.5738,41135380.0
FBIN,sp400,2014,249,1.2538,0.3031,0.2143,0.0746,2.2731,50298283.0
FBIN,sp400,2015,249,1.0142,0.368,0.2047,0.0247,2.1353,57284213.0
FBIN,sp400,2016,249,1.1702,0.4248,0.1771,0.0155,1.9967,70881458.0
FBIN,sp400,2017,248,1.0266,0.2348,0.1247,0.1006,1.2969,56508753.0
FBIN,sp400,2018,248,1.0561,0.3883,0.2273,0.035,2.3581,88099753.0
FBIN,sp400,2019,249,1.3113,0.4032,0.1902,0.0066,2.0736,62935819.0
FBIN,sp400,2020,250,1.2897,0.5668,0.3814,0.0186,3.58,76002478.0
FBIN,sp400,2021,249,1.2713,0.3901,0.2061,0.008,2.2899,73925714.0
FBIN,sp400,2022,248,1.2672,0.5443,0.2821,0.0194,3.3256,93745411.0
FBIN,sp400,2023,247,1.4793,0.4142,0.2297,0.0031,2.4183,66464798.0
FBIN,sp400,2024,249,1.1447,0.2239,0.2686,0.0246,2.3142,85860976.0
FCFS,sp400,2012,246,1.1838,0.3087,0.2255,0.0126,2.5204,8039725.0
FCFS,sp400,2013,249,1.0741,0.194,0.2378,0.0599,2.3317,7887201.0
FCFS,sp400,2014,249,0.6784,0.099,0.2307,0.1948,2.3521,8030154.0
FCFS,sp400,2015,249,0.7786,0.1626,0.2722,0.0319,2.7049,7578571.0
FCFS,sp400,2016,249,1.0143,0.1086,0.378,0.2691,2.9443,9156234.0
FCFS,sp400,2017,248,0.8395,0.1058,0.1642,0.1457,1.7657,11490899.0
FCFS,sp400,2018,248,0.7796,0.2674,0.2213,0.0143,2.3705,20849951.0
FCFS,sp400,2019,249,0.9814,0.2248,0.2173,0.0307,2.3464,20250639.0
FCFS,sp400,2020,250,1.0134,0.4535,0.3763,0.0711,3.7468,19507373.0
FCFS,sp400,2021,249,0.7009,0.0963,0.2783,0.0346,2.8621,15346111.0
FCFS,sp400,2022,248,0.884,0.3078,0.3225,0.0111,3.4566,18088007.0
FCFS,sp400,2023,247,0.6371,0.1231,0.222,0.2327,2.1758,19010495.0
FCFS,sp400,2024,249,0.6911,0.1012,0.2596,0.0841,2.2161,27128557.0
FCN,sp400,2012,246,0.9546,0.1948,0.2471,0.0867,2.1546,16820912.0
FCN,sp400,2013,249,1.0359,0.1704,0.2483,0.0322,2.2317,10695239.0
FCN,sp400,2014,249,1.1675,0.1319,0.3376,0.1048,2.6229,12540476.0
FCN,sp400,2015,249,0.7618,0.1038,0.3447,0.0733,2.283,9743625.0
FCN,sp400,2016,249,0.9079,0.1534,0.2774,0.0684,2.1955,9426034.0
FCN,sp400,2017,248,1.1436,0.0745,0.2712,0.4141,1.8968,13063578.0
FCN,sp400,2018,248,0.9599,0.2705,0.2703,0.0372,2.3898,21021811.0
FCN,sp400,2019,249,0.6619,0.0879,0.2541,0.0528,1.9823,27096645.0
FCN,sp400,2020,250,0.4279,0.1047,0.4233,0.5014,3.3134,50480018.0
FCN,sp400,2021,249,0.3527,0.0559,0.188,0.0323,1.8703,37166723.0
FCN,sp400,2022,248,0.3125,0.0483,0.3373,0.0312,2.5848,42414828.0
FCN,sp400,2023,247,0.0769,0.001,0.3246,0.9686,2.3302,46303084.0
FCN,sp400,2024,249,0.5945,0.076,0.2613,0.0335,1.9487,38704773.0
FFIN,sp400,2012,246,1.1221,0.4047,0.1732,0.019,2.0591,2313205.0
FFIN,sp400,2013,249,1.2345,0.3657,0.1766,0.0363,2.2085,3853558.0
FFIN,sp400,2014,249,1.169,0.3517,0.1789,0.0495,2.3687,5058117.0
FFIN,sp400,2015,249,0.9838,0.3211,0.2204,0.0683,2.6351,5347045.0
FFIN,sp400,2016,249,1.3936,0.3764,0.2333,0.0077,2.6235,6109756.0
FFIN,sp400,2017,248,2.0868,0.2995,0.2147,0.0111,2.4201,7811210.0
FFIN,sp400,2018,248,0.7808,0.3158,0.1971,0.0234,2.2854,11569799.0
FFIN,sp400,2019,249,1.0385,0.2767,0.2001,0.036,2.1305,15595578.0
FFIN,sp400,2020,250,1.1366,0.5065,0.3795,0.0436,3.9388,13734135.0
FFIN,sp400,2021,249,1.0516,0.2135,0.2616,0.0198,2.6778,19562768.0
FFIN,sp400,2022,248,0.6788,0.3321,0.2341,0.0067,2.6285,16861144.0
FFIN,sp400,2023,247,1.5561,0.2957,0.3136,0.0227,3.0999,15255322.0
FFIN,sp400,2024,249,1.1438,0.189,0.2987,0.0346,2.5984,17096973.0
FHI,sp400,2012,246,1.4339,0.3463,0.2508,0.0035,2.7465,12996658.0
FHI,sp400,2013,249,1.3953,0.4387,0.1714,0.0235,2.0447,13132137.0
FHI,sp400,2014,249,1.3309,0.4264,0.174,0.0245,1.9433,10262239.0
FHI,sp400,2015,249,1.0636,0.5015,0.1634,0.0144,1.9681,11610442.0
FHI,sp400,2016,249,1.5223,0.52,0.1902,0.0072,2.0597,15357244.0
FHI,sp400,2017,248,1.3476,0.2236,0.1689,0.0252,1.7021,14003648.0
FHI,sp400,2018,248,0.6814,0.1441,0.2848,0.1025,2.6095,21252572.0
FHI,sp400,2019,249,0.7416,0.154,0.2072,0.0195,2.0536,15105579.0
FHI,sp400,2020,250,1.5315,0.562,0.4574,0.0275,4.3721,13962157.0
FHI,sp400,2021,249,1.2584,0.2708,0.2677,0.0401,2.6667,17266184.0
FHI,sp400,2022,248,0.8249,0.4334,0.2295,0.0659,2.7175,19686141.0
FHI,sp400,2023,247,0.6898,0.1536,0.2114,0.0072,2.1932,29659837.0
FHI,sp400,2024,249,0.4946,0.0995,0.1875,0.0738,1.8515,22969005.0
FHN,sp400,2012,246,1.6932,0.481,0.2239,0.0005,2.7472,29866890.0
FHN,sp400,2013,249,1.0707,0.3047,0.1757,0.0162,2.0677,22881234.0
FHN,sp400,2014,249,1.1567,0.4107,0.1562,0.0093,1.8653,19376070.0
FHN,sp400,2015,249,1.095,0.5224,0.1613,0.005,1.9829,22305895.0
FHN,sp400,2016,249,1.5005,0.4972,0.1963,0.0167,2.085,23379974.0
FHN,sp400,2017,248,1.639,0.2392,0.1967,0.0519,2.0471,42587029.0
FHN,sp400,2018,248,0.7874,0.3474,0.1851,0.0152,2.2588,46966876.0
FHN,sp400,2019,249,0.9327,0.235,0.2006,0.0034,2.0057,38373298.0
FHN,sp400,2020,250,1.6456,0.521,0.5337,0.0364,4.9402,53362101.0
FHN,sp400,2021,249,1.3201,0.2931,0.2658,0.0064,2.6804,70717141.0
FHN,sp400,2022,248,0.3039,0.0589,0.2954,0.1429,1.4942,115909878.0
FHN,sp400,2023,247,1.4979,0.1084,0.561,0.1636,3.2556,111022535.0
FHN,sp400,2024,249,1.0899,0.1791,0.2941,0.0286,2.3928,97164449.0
FIVE,sp400,2013,249,1.1859,0.121,0.3472,0.0872,3.1618,29283430.0
FIVE,sp400,2014,249,0.9381,0.0777,0.3642,0.3504,3.4709,39716823.0
FIVE,sp400,2015,249,0.8275,0.0993,0.3839,0.0825,3.1321,40891063.0
FIVE,sp400,2016,249,1.007,0.1526,0.3087,0.0583,3.2112,44098032.0
FIVE,sp400,2017,248,0.9738,0.0504,0.2845,0.3291,2.6918,53038950.0
FIVE,sp400,2018,248,1.0655,0.1833,0.3857,0.0266,3.2875,107499755.0
FIVE,sp400,2019,249,1.3507,0.2085,0.3137,0.0411,2.9593,126210117.0
FIVE,sp400,2020,250,1.4713,0.5179,0.4802,0.0045,4.3804,123386563.0
FIVE,sp400,2021,249,1.5186,0.2655,0.3275,0.0511,3.2775,127986929.0
FIVE,sp400,2022,248,1.4726,0.4516,0.3947,0.007,4.4537,141289169.0
FIVE,sp400,2023,247,0.9801,0.18,0.2732,0.0174,2.6576,143714863.0
FIVE,sp400,2024,249,0.7273,0.0289,0.5311,0.3289,3.5518,169723138.0
FLG,sp400,2012,246,0.8388,0.2916,0.1664,0.0604,1.7846,23753384.0
FLG,sp400,2013,249,0.8081,0.3191,0.1282,0.0528,1.4744,21565154.0
FLG,sp400,2014,249,0.7977,0.3985,0.1105,0.0253,1.3974,22524341.0
FLG,sp400,2015,249,0.8866,0.3603,0.182,0.0205,1.6682,36892330.0
FLG,sp400,2016,249,0.9791,0.3481,0.1743,0.0156,1.7875,41931550.0
FLG,sp400,2017,248,0.8556,0.0887,0.1846,0.0546,1.6916,35473958.0
FLG,sp400,2018,248,0.6473,0.1938,0.2264,0.0742,2.2938,43557839.0
FLG,sp400,2019,249,0.6398,0.0893,0.2435,0.0128,2.0436,42684993.0
FLG,sp400,2020,250,0.8602,0.3398,0.4056,0.0248,3.651,33778333.0
FLG,sp400,2021,249,0.772,0.1248,0.265,0.0009,2.3979,56133271.0
FLG,sp400,2022,248,0.9156,0.4712,0.2359,0.0032,2.8238,73676863.0
FLG,sp400,2023,247,1.7779,0.2071,0.4542,0.0554,3.2163,109831239.0
FLG,sp400,2024,249,1.4841,0.0379,0.9423,0.2114,6.1662,93195084.0
FLR,sp400,2012,246,1.642,0.5198,0.2009,0.007,2.2987,83306336.0
FLR,sp400,2013,249,1.6513,0.5287,0.1693,0.0316,2.0644,89920089.0
FLR,sp400,2014,249,1.474,0.4891,0.1698,0.0019,1.9657,95420292.0
FLR,sp400,2015,249,1.1636,0.3778,0.23,0.0028,2.3052,73168647.0
FLR,sp400,2016,249,1.4534,0.3327,0.2677,0.0895,2.2628,67999080.0
FLR,sp400,2017,248,1.3906,0.1766,0.202,0.0239,1.8616,61253318.0
FLR,sp400,2018,248,1.2045,0.2279,0.3802,0.0433,2.5541,76209386.0
FLR,sp400,2019,249,2.1127,0.1726,0.5514,0.0837,3.5203,60787580.0
FLR,sp400,2020,250,1.5584,0.211,1.0195,0.1141,7.1093,31358928.0
FLR,sp400,2021,249,1.4921,0.1116,0.5458,0.1224,4.5974,46141920.0
FLR,sp400,2022,248,0.8477,0.1989,0.4138,0.0018,3.9668,44079646.0
FLR,sp400,2023,247,1.1663,0.1713,0.335,0.0488,2.9008,60155913.0
FLR,sp400,2024,249,1.316,0.2027,0.329,0.1032,2.8444,79227447.0
FLS,sp400,2012,246,1.2884,0.5284,0.155,0.024,2.102,48661263.0
FLS,sp400,2013,249,1.3855,0.4467,0.1675,0.0128,1.7091,52269350.0
FLS,sp400,2014,249,1.4486,0.3664,0.2147,0.0213,1.9366,63819008.0
FLS,sp400,2015,249,1.0281,0.3291,0.2261,0.0457,2.2515,59911538.0
FLS,sp400,2016,249,1.5034,0.386,0.2466,0.0375,2.3868,47336359.0
FLS,sp400,2017,248,1.6755,0.1696,0.2495,0.014,2.0247,52238539.0
FLS,sp400,2018,248,1.2186,0.4003,0.2558,0.0515,2.759,51522269.0
FLS,sp400,2019,249,1.6916,0.4637,0.2168,0.0072,2.1976,38002193.0
FLS,sp400,2020,250,1.3087,0.475,0.4654,0.0411,4.2781,32847161.0
FLS,sp400,2021,249,1.1507,0.2328,0.2708,0.0098,2.6216,31402264.0
FLS,sp400,2022,248,0.9732,0.4379,0.2682,0.0317,2.9862,34962107.0
FLS,sp400,2023,247,0.9857,0.2142,0.2465,0.0578,2.3415,31566925.0
FLS,sp400,2024,249,1.1621,0.3537,0.198,0.0592,1.9834,53280501.0
FN,sp400,2012,246,2.2843,0.2617,0.4885,0.0142,3.9772,2002373.0
FN,sp400,2013,249,1.0104,0.098,0.333,0.1912,2.8465,2749235.0
FN,sp400,2014,249,1.2673,0.119,0.3888,0.0283,2.972,4326773.0
FN,sp400,2015,249,0.8865,0.2034,0.2702,0.012,2.6726,3745672.0
FN,sp400,2016,249,1.1666,0.1295,0.3935,0.0247,3.166,16498339.0
FN,sp400,2017,248,2.0003,0.0983,0.4075,0.0073,3.4253,25146746.0
FN,sp400,2018,248,1.0812,0.1822,0.3928,0.0472,3.1652,18138995.0
FN,sp400,2019,249,1.8336,0.2805,0.3501,0.0466,2.9714,19991796.0
FN,sp400,2020,250,0.9153,0.4713,0.3279,0.015,3.5156,16780584.0
FN,sp400,2021,249,1.2081,0.2354,0.2823,0.0463,2.5576,14939064.0
FN,sp400,2022,248,1.141,0.4614,0.2999,0.0154,3.028,20066007.0
FN,sp400,2023,247,1.1353,0.1038,0.4356,0.1197,2.9318,44483371.0
FN,sp400,2024,249,2.1604,0.252,0.4691,0.0901,3.7928,110278174.0
FNB,sp400,2012,246,1.2,0.4844,0.1576,0.0248,2.0663,4326590.0
FNB,sp400,2013,249,0.991,0.3321,0.1527,0.0336,1.7667,5125359.0
FNB,sp400,2014,249,1.0009,0.3446,0.1556,0.0416,1.8066,7275324.0
FNB,sp400,2015,249,0.973,0.4332,0.1714,0.0324,1.9083,9127474.0
FNB,sp400,2016,249,1.3795,0.4659,0.1921,0.0071,1.9649,16871601.0
FNB,sp400,2017,248,1.8375,0.2864,0.1951,0.0174,2.0998,27878486.0
FNB,sp400,2018,248,0.7751,0.3424,0.1842,0.0186,2.1848,24533196.0
FNB,sp400,2019,249,1.1577,0.3274,0.1978,0.0093,2.0236,17702337.0
FNB,sp400,2020,250,1.516,0.4604,0.5552,0.0208,4.7502,16051519.0
FNB,sp400,2021,249,1.2158,0.2473,0.275,0.0304,2.5744,22566104.0
FNB,sp400,2022,248,0.7879,0.4736,0.2021,0.0078,2.419,27865953.0
FNB,sp400,2023,247,1.3103,0.3274,0.2452,0.0033,2.57,24421929.0
FNB,sp400,2024,249,1.0946,0.2204,0.2595,0.0061,2.2363,29725326.0
FND,sp400,2017,168,1.224,0.0326,0.4464,0.4857,3.8017,23008783.0
FND,sp400,2018,248,1.0867,0.1332,0.4754,0.008,4.0962,47013039.0
FND,sp400,2019,249,1.4851,0.1662,0.3965,0.0654,3.4902,50378342.0
FND,sp400,2020,250,1.4864,0.5666,0.4398,0.0157,4.5894,72283065.0
FND,sp400,2021,249,1.5593,0.2912,0.3154,0.0015,3.3322,78872981.0
FND,sp400,2022,248,1.8331,0.5426,0.4094,0.0044,4.9091,113331125.0
FND,sp400,2023,247,1.54,0.2754,0.3261,0.0688,3.2331,145083300.0
FND,sp400,2024,249,1.0568,0.1206,0.3596,0.0097,3.2056,159758484.0
FNF,sp400,2012,246,0.655,0.2532,0.1432,0.0614,1.7734,25603163.0
FNF,sp400,2013,249,0.9497,0.2452,0.181,0.0015,1.8908,46128142.0
FNF,sp400,2014,249,0.6601,0.1363,0.1873,0.0377,1.9513,47265093.0
FNF,sp400,2015,249,0.6814,0.3175,0.1539,0.008,1.8043,32859995.0
FNF,sp400,2016,249,0.8426,0.2753,0.1778,0.0326,1.7854,33256688.0
FNF,sp400,2017,248,0.7176,0.1048,0.1411,0.1336,1.4059,36307160.0
FNF,sp400,2018,248,0.7343,0.3039,0.1906,0.0216,2.0776,35938028.0
FNF,sp400,2019,249,0.4449,0.0947,0.164,0.2033,1.5749,38274307.0
FNF,sp400,2020,250,1.0406,0.4059,0.4258,0.1401,3.6198,64789031.0
FNF,sp400,2021,249,1.2047,0.4004,0.1911,0.0041,2.0622,59788034.0
FNF,sp400,2022,248,0.9389,0.5335,0.2136,0.0275,2.6219,66289601.0
FNF,sp400,2023,247,0.8975,0.2379,0.2097,0.0467,2.046,61134854.0
FNF,sp400,2024,249,0.6601,0.1302,0.215,0.0497,1.9607,58779846.0
FOUR,sp400,2021,249,1.7649,0.1536,0.5371,0.0322,5.2066,88402970.0
FOUR,sp400,2022,248,1.9077,0.4169,0.5488,0.018,6.3674,51289683.0
FOUR,sp400,2023,247,1.8951,0.273,0.4038,0.0117,4.2156,81237686.0
FOUR,sp400,2024,249,1.6245,0.2024,0.4064,0.0176,3.8456,119399880.0
FR,sp400,2012,246,1.2558,0.4708,0.1695,0.0038,2.2056,5593130.0
FR,sp400,2013,249,1.4212,0.4311,0.1773,0.0464,2.0929,8951560.0
FR,sp400,2014,249,0.956,0.3182,0.1578,0.0671,1.8187,7599692.0
FR,sp400,2015,249,0.8405,0.3861,0.1632,0.0175,1.8428,12061569.0
FR,sp400,2016,249,0.847,0.2876,0.1734,0.0083,1.8351,20399111.0
FR,sp400,2017,248,0.7462,0.1148,0.1394,0.1288,1.466,17880010.0
FR,sp400,2018,248,0.6233,0.2867,0.1686,0.0121,1.7673,20270878.0
FR,sp400,2019,249,0.6488,0.2718,0.1266,0.0323,1.5073,22403297.0
FR,sp400,2020,250,1.1752,0.7223,0.2465,0.0055,3.0218,35554737.0
FR,sp400,2021,249,0.6397,0.2291,0.1521,0.0884,1.7331,45133907.0
FR,sp400,2022,248,0.7974,0.5166,0.1876,0.0208,2.2579,47397842.0
FR,sp400,2023,247,1.0255,0.3594,0.1787,0.0007,1.8579,41244947.0
FR,sp400,2024,249,0.6418,0.1541,0.1895,0.0042,1.8151,52521424.0
FTI,sp400,2012,246,1.4898,0.4281,0.2192,0.0205,2.3591,93272041.0
FTI,sp400,2013,249,1.3797,0.3546,0.2021,0.0853,2.0359,83350475.0
FTI,sp400,2014,249,1.1387,0.2329,0.233,0.106,2.2785,94499395.0
FTI,sp400,2015,249,1.205,0.2403,0.3301,0.0521,3.252,113144446.0
FTI,sp400,2016,249,1.5726,0.3271,0.2933,0.0274,2.8227,96859052.0
FTI,sp400,2017,248,1.2217,0.0929,0.2568,0.1183,2.0036,111228999.0
FTI,sp400,2018,248,1.0441,0.2482,0.3116,0.0018,2.6729,98849031.0
FTI,sp400,2019,249,1.5448,0.2761,0.2982,0.0082,2.5181,83261803.0
FTI,sp400,2020,250,1.7528,0.4096,0.7119,0.0291,5.6157,53862061.0
FTI,sp400,2021,249,1.0203,0.058,0.533,0.1628,4.2862,60605314.0
FTI,sp400,2022,248,0.9028,0.1689,0.4872,0.1216,4.638,72835421.0
FTI,sp400,2023,247,0.9149,0.0889,0.3824,0.14,3.3687,96416659.0
FTI,sp400,2024,249,0.9481,0.1427,0.2928,0.1136,2.6354,99066144.0
AAMI,sp600,2015,249,1.0306,0.2952,0.2453,0.0435,2.9025,3261127.0
AAMI,sp600,2016,249,1.5316,0.3459,0.2739,0.0429,3.0334,3276919.0
AAMI,sp600,2017,248,1.5461,0.2402,0.185,0.0764,2.0056,7522390.0
AAMI,sp600,2018,248,0.9674,0.3235,0.2399,0.0219,2.5681,8106775.0
AAMI,sp600,2019,249,1.3601,0.2433,0.2859,0.0972,2.7571,6267813.0
AAMI,sp600,2020,250,1.4691,0.3888,0.623,0.018,5.0831,8160220.0
AAMI,sp600,2021,249,1.4184,0.306,0.2769,0.047,2.7195,19453276.0
AAMI,sp600,2022,248,1.0727,0.4259,0.303,0.0133,3.3594,9148063.0
AAMI,sp600,2023,247,1.2083,0.2828,0.2513,0.0128,2.6961,3799893.0
AAMI,sp600,2024,249,1.0525,0.2065,0.26,0.0991,2.5071,5905744.0
AAP,sp600,2012,246,0.9737,0.1375,0.3104,0.0686,2.0699,73538378.0
AAP,sp600,2013,249,0.855,0.1437,0.2267,0.0525,1.7427,58193187.0
AAP,sp600,2014,249,1.0516,0.2537,0.2033,0.077,1.8828,90008636.0
AAP,sp600,2015,249,0.9166,0.2009,0.2816,0.0658,2.1337,150247043.0
AAP,sp600,2016,249,0.8753,0.185,0.239,0.0227,2.1571,138195292.0
AAP,sp600,2017,248,0.6043,0.01,0.4042,0.7036,2.5171,166237605.0
AAP,sp600,2018,248,0.8235,0.2041,0.2789,0.0476,2.7174,136336848.0
AAP,sp600,2019,249,0.8551,0.1482,0.2443,0.0448,2.3799,154525889.0
AAP,sp600,2020,250,1.0044,0.512,0.3317,0.0362,3.4532,119424394.0
AAP,sp600,2021,249,0.8303,0.1795,0.2302,0.0217,2.2755,133368470.0
AAP,sp600,2022,248,0.8526,0.2927,0.3224,0.0173,2.8074,148321481.0
AAP,sp600,2023,247,1.2877,0.0849,0.5518,0.0798,3.0908,155487228.0
AAP,sp600,2024,249,0.9204,0.0612,0.4542,0.2107,3.7028,109301463.0
AAT,sp600,2012,246,0.8789,0.2816,0.1787,0.0163,1.979,2201430.0
AAT,sp600,2013,249,1.0023,0.2843,0.1727,0.0125,1.975,3730195.0
AAT,sp600,2014,249,0.6824,0.2361,0.1384,0.0254,1.6674,3446717.0
AAT,sp600,2015,249,0.7653,0.3541,0.1592,0.0005,1.8514,4950525.0
AAT,sp600,2016,249,0.7181,0.2384,0.167,0.0403,1.8257,5077209.0
AAT,sp600,2017,248,0.5146,0.0459,0.1579,0.32,1.6183,6567085.0
AAT,sp600,2018,248,0.4564,0.1432,0.1915,0.1974,1.8945,6438821.0
AAT,sp600,2019,249,0.5264,0.1485,0.1502,0.0845,1.6321,11165734.0
AAT,sp600,2020,250,1.3827,0.4931,0.4742,0.0493,4.1128,7771589.0
AAT,sp600,2021,249,0.8816,0.1774,0.2461,0.0414,2.4251,7534151.0
AAT,sp600,2022,248,0.7001,0.3838,0.2158,0.002,2.5388,6771232.0
AAT,sp600,2023,247,1.322,0.2603,0.291,0.0217,2.8286,7142961.0
AAT,sp600,2024,249,0.9479,0.2108,0.2312,0.0484,2.2598,5780535.0
ABCB,sp600,2012,246,1.2141,0.3104,0.2304,0.0563,2.7175,542244.0
ABCB,sp600,2013,249,1.2035,0.3117,0.1942,0.0256,2.5079,1024527.0
ABCB,sp600,2014,249,0.8028,0.1751,0.1964,0.2309,2.3957,1826976.0
ABCB,sp600,2015,249,0.8069,0.2702,0.2043,0.0728,2.2929,4407679.0
ABCB,sp600,2016,249,0.9592,0.2456,0.2186,0.0833,2.2662,5951522.0
ABCB,sp600,2017,248,1.8101,0.2187,0.2302,0.0475,2.5034,8121710.0
ABCB,sp600,2018,248,1.0184,0.3688,0.2285,0.034,2.5868,13443764.0
ABCB,sp600,2019,249,1.2619,0.3525,0.2039,0.007,2.2998,13627971.0
ABCB,sp600,2020,250,1.4565,0.4407,0.555,0.0337,5.2139,10808141.0
ABCB,sp600,2021,249,1.2251,0.2258,0.2941,0.0749,3.1866,19173915.0
ABCB,sp600,2022,248,0.894,0.4678,0.232,0.012,3.0551,17589437.0
ABCB,sp600,2023,247,1.706,0.3083,0.3336,0.0041,3.3543,16158968.0
ABCB,sp600,2024,249,1.2042,0.2332,0.2752,0.014,2.6558,19923358.0
ABG,sp600,2012,246,1.728,0.3905,0.2748,0.0225,3.1733,8914415.0
ABG,sp600,2013,249,1.6117,0.3349,0.2467,0.0447,2.8156,12527697.0
ABG,sp600,2014,249,1.4547,0.3154,0.2416,0.0559,2.48,20404121.0
ABG,sp600,2015,249,1.1853,0.3688,0.2389,0.0234,2.4692,26511189.0
ABG,sp600,2016,249,1.4557,0.2276,0.3488,0.0333,3.5002,19363865.0
ABG,sp600,2017,248,1.2953,0.0937,0.271,0.0242,2.7466,14457774.0
ABG,sp600,2018,248,0.8541,0.2369,0.2629,0.0192,2.8539,15767401.0
ABG,sp600,2019,249,1.1705,0.239,0.2489,0.044,2.5294,13954378.0
ABG,sp600,2020,250,1.3932,0.4145,0.5601,0.0492,5.0408,21881499.0
ABG,sp600,2021,249,1.178,0.1433,0.3734,0.0475,3.6446,39881987.0
ABG,sp600,2022,248,1.1148,0.286,0.4285,0.0057,4.3946,39560583.0
ABG,sp600,2023,247,1.4884,0.2379,0.3478,0.0344,3.2465,43480674.0
ABG,sp600,2024,249,1.4168,0.2845,0.2832,0.0134,2.6244,41976558.0
ABM,sp600,2012,246,0.8808,0.2325,0.2038,0.0404,2.1622,5091058.0
ABM,sp600,2013,249,0.8994,0.2769,0.1579,0.012,1.6985,4221774.0
ABM,sp600,2014,249,0.9935,0.3428,0.1551,0.0338,1.7591,4405734.0
ABM,sp600,2015,249,0.7547,0.3735,0.1506,0.0656,1.7657,6986687.0
ABM,sp600,2016,249,0.7309,0.1981,0.1912,0.0135,1.7823,9188504.0
ABM,sp600,2017,248,1.2838,0.1248,0.2288,0.0714,1.6303,11837447.0
ABM,sp600,2018,248,0.9046,0.203,0.3074,0.0888,2.5652,18670651.0
ABM,sp600,2019,249,1.2951,0.3692,0.2018,0.0182,2.2581,12435136.0
ABM,sp600,2020,250,1.1982,0.4683,0.4319,0.0135,4.0391,13246312.0
ABM,sp600,2021,249,0.8938,0.1429,0.2838,0.0563,2.6328,16859571.0
ABM,sp600,2022,248,0.8527,0.3398,0.2891,0.0122,2.8208,16866397.0
ABM,sp600,2023,247,1.0182,0.1582,0.3067,0.0031,2.1501,17520486.0
ABM,sp600,2024,249,0.8314,0.1667,0.2343,0.1264,2.031,24511158.0
ABR,sp600,2012,246,0.5673,0.0529,0.3055,0.0662,2.9823,150582.0
ABR,sp600,2013,249,0.9909,0.1195,0.2922,0.0717,2.7407,481661.0
ABR,sp600,2014,249,0.397,0.0603,0.1766,0.1803,1.7231,229012.0
ABR,sp600,2015,249,0.4282,0.1031,0.1945,0.0937,1.7008,326603.0
ABR,sp600,2016,249,0.6836,0.1672,0.1984,0.1354,2.0148,266608.0
ABR,sp600,2017,248,0.5727,0.061,0.1512,0.022,1.5492,1085581.0
ABR,sp600,2018,248,0.4326,0.1283,0.1934,0.0121,1.6617,5025493.0
ABR,sp600,2019,249,0.6074,0.1501,0.1722,0.1039,1.5435,7529110.0
ABR,sp600,2020,250,1.3409,0.2657,0.7541,0.2599,5.7944,9378313.0
ABR,sp600,2021,249,1.0177,0.2267,0.2437,0.0423,2.319,14267664.0
ABR,sp600,2022,248,0.9083,0.4163,0.2617,0.0049,2.7472,20045492.0
ABR,sp600,2023,247,1.5112,0.2398,0.3513,0.0434,3.2281,37059124.0
ABR,sp600,2024,249,0.7733,0.0704,0.3542,0.0549,2.834,36879733.0
ACA,sp600,2019,249,1.1626,0.1494,0.3307,0.0532,3.0443,12715627.0
ACA,sp600,2020,250,1.2367,0.5268,0.3965,0.0193,4.0766,12680590.0
ACA,sp600,2021,249,1.63,0.3134,0.3128,0.018,2.9828,14005742.0
ACA,sp600,2022,248,0.8008,0.2777,0.3141,0.0191,3.16,11630092.0
ACA,sp600,2023,247,0.9468,0.1567,0.2867,0.1214,2.4741,16627984.0
ACA,sp600,2024,249,1.6993,0.4358,0.2437,0.0168,2.4401,21120689.0
ACAD,sp600,2012,246,1.4669,0.0281,1.0993,0.2809,6.6167,4235477.0
ACAD,sp600,2013,249,1.7301,0.0529,0.7951,0.255,5.561,44784855.0
ACAD,sp600,2014,249,2.2639,0.2426,0.4509,0.0518,5.0384,36477071.0
ACAD,sp600,2015,249,1.5672,0.1645,0.544,0.0189,4.7149,53895266.0
ACAD,sp600,2016,249,2.3967,0.2125,0.6,0.0566,5.9777,76382115.0
ACAD,sp600,2017,248,1.6937,0.0729,0.4065,0.0127,3.7744,52653283.0
ACAD,sp600,2018,248,1.8587,0.1538,0.7478,0.0432,5.8414,53912289.0
ACAD,sp600,2019,249,1.1173,0.0355,0.6944,0.2746,4.2799,51425326.0
ACAD,sp600,2020,250,0.8321,0.2683,0.4648,0.0363,4.5982,61601936.0
ACAD,sp600,2021,249,0.065,0.0001,0.8497,0.9973,4.6463,44009538.0
ACAD,sp600,2022,248,1.0607,0.1284,0.6723,0.0839,5.1312,31905838.0
ACAD,sp600,2023,247,1.1818,0.0754,0.5402,0.1643,3.6304,38563051.0
ACAD,sp600,2024,249,0.7905,0.0429,0.4707,0.4997,3.5256,31368677.0
ACHC,sp600,2012,246,0.9452,0.0877,0.3882,0.0341,4.4449,4077460.0
ACHC,sp600,2013,249,0.67,0.0722,0.2608,0.1322,2.9054,10365256.0
ACHC,sp600,2014,249,1.2012,0.1634,0.3064,0.0217,3.131,19858914.0
ACHC,sp600,2015,249,1.0495,0.2135,0.3103,0.017,3.0769,44556966.0
ACHC,sp600,2016,249,1.414,0.2044,0.3629,0.088,3.5935,51057058.0
ACHC,sp600,2017,248,1.917,0.0876,0.4163,0.0858,2.9724,54650996.0
ACHC,sp600,2018,248,0.7725,0.0923,0.4156,0.2447,3.7101,56843013.0
ACHC,sp600,2019,249,1.2603,0.2065,0.2944,0.0492,2.9993,25000939.0
ACHC,sp600,2020,250,1.4784,0.368,0.6554,0.1437,5.0734,20542982.0
ACHC,sp600,2021,249,1.2243,0.2444,0.2791,0.0819,3.0191,27085684.0
ACHC,sp600,2022,248,0.8802,0.3698,0.2795,0.0211,3.1727,43721778.0
ACHC,sp600,2023,247,0.852,0.1462,0.2688,0.0725,2.5214,42518668.0
ACHC,sp600,2024,249,0.6249,0.0307,0.4429,0.2648,3.1662,66400332.0
ACIW,sp600,2012,246,1.3329,0.2771,0.2741,0.0236,2.7399,12171760.0
ACIW,sp600,2013,249,0.8391,0.1761,0.1971,0.04,2.0982,13572814.0
ACIW,sp600,2014,249,1.2195,0.3139,0.2032,0.0523,2.4827,13962030.0
ACIW,sp600,2015,249,0.9419,0.3586,0.1941,0.0461,2.5308,12232388.0
ACIW,sp600,2016,249,1.5943,0.4518,0.2284,0.0556,3.0921,9805332.0
ACIW,sp600,2017,248,1.3823,0.116,0.2568,0.2108,2.3168,10470833.0
ACIW,sp600,2018,248,1.186,0.4432,0.228,0.0088,2.6763,15382548.0
ACIW,sp600,2019,249,1.4981,0.4223,0.2089,0.0112,2.2591,22055284.0
ACIW,sp600,2020,250,1.1099,0.4431,0.4209,0.0853,4.2332,25882014.0
ACIW,sp600,2021,249,1.362,0.3513,0.24,0.029,2.7516,23127783.0
ACIW,sp600,2022,248,1.0155,0.3879,0.3103,0.0048,3.4377,19674149.0
ACIW,sp600,2023,247,1.3579,0.2432,0.3127,0.0171,2.8895,18896564.0
ACIW,sp600,2024,249,1.0754,0.2139,0.2598,0.018,2.46,28080820.0
ACLS,sp600,2012,246,1.8558,0.1921,0.4845,0.0204,5.7422,886659.0
ACLS,sp600,2013,249,1.7322,0.1641,0.4247,0.1209,4.8848,1126414.0
ACLS,sp600,2014,249,1.3932,0.1443,0.3824,0.0228,4.192,1094066.0
ACLS,sp600,2015,249,1.2813,0.1449,0.4795,0.0468,4.3256,1853427.0
ACLS,sp600,2016,249,1.4881,0.1942,0.3942,0.1971,4.0665,1443570.0
ACLS,sp600,2017,248,2.67,0.1708,0.3959,0.0818,3.8902,11351667.0
ACLS,sp600,2018,248,1.5422,0.3278,0.3787,0.0094,4.1185,7832023.0
ACLS,sp600,2019,249,1.6785,0.2581,0.3392,0.0303,3.0929,4078969.0
ACLS,sp600,2020,250,1.4259,0.4513,0.5319,0.0717,4.6352,8338389.0
ACLS,sp600,2021,249,2.657,0.3747,0.445,0.0527,4.2718,15544362.0
ACLS,sp600,2022,248,1.9732,0.5083,0.4721,0.0035,5.4452,29262955.0
ACLS,sp600,2023,247,2.0594,0.3522,0.3646,0.0057,4.1245,82629481.0
ACLS,sp600,2024,249,2.4308,0.3918,0.3817,0.0265,3.908,68693859.0
ACMR,sp600,2018,248,0.8609,0.0371,0.7521,0.0215,6.0983,686132.0
ACMR,sp600,2019,249,1.8375,0.1153,0.6066,0.1542,5.1907,1804572.0
ACMR,sp600,2020,250,1.3193,0.1576,1.0319,0.1773,8.3823,27888885.0
ACMR,sp600,2021,249,2.2359,0.1405,0.717,0.0165,6.2412,30552152.0
ACMR,sp600,2022,248,2.0759,0.2774,0.8151,0.0027,6.988,14201357.0
ACMR,sp600,2023,247,2.4333,0.2046,0.6264,0.0451,5.6831,12191082.0
ACMR,sp600,2024,249,2.4258,0.1555,0.7125,0.0564,5.6676,31987649.0
ACT,sp600,2022,248,0.741,0.3269,0.2587,0.017,3.2823,4255034.0
ACT,sp600,2023,247,0.6785,0.1336,0.2256,0.1212,2.1067,5425798.0
ACT,sp600,2024,249,0.5586,0.137,0.1767,0.049,1.6907,8449369.0
ADAM,sp600,2012,246,0.4018,0.0524,0.2175,0.2328,1.9702,850489.0
ADAM,sp600,2013,249,0.8766,0.145,0.2312,0.0544,2.0207,1407245.0
ADAM,sp600,2014,249,0.3648,0.0626,0.1591,0.0309,1.4501,2347662.0
ADAM,sp600,2015,249,0.5524,0.1243,0.2259,0.2359,1.8638,2073335.0
ADAM,sp600,2016,249,1.051,0.1287,0.3557,0.2151,2.6462,1463791.0
ADAM,sp600,2017,248,0.9614,0.1238,0.1721,0.0318,1.6355,1892866.0
ADAM,sp600,2018,248,0.4153,0.1836,0.1502,0.1333,1.489,3719894.0
ADAM,sp600,2019,249,0.3414,0.1205,0.11,0.0171,1.0087,7804314.0
ADAM,sp600,2020,250,1.1653,0.0907,1.2482,0.5688,6.5568,11610835.0
ADAM,sp600,2021,249,1.0142,0.2759,0.213,0.0903,2.43,6803244.0
ADAM,sp600,2022,248,1.0445,0.3659,0.3345,0.0243,3.519,6200254.0
ADAM,sp600,2023,247,1.4845,0.3268,0.2782,0.0169,2.5047,4345117.0
ADAM,sp600,2024,249,0.8751,0.1083,0.3165,0.0608,2.6609,3206016.0
ADEA,sp600,2012,246,1.2535,0.221,0.2996,0.037,2.9572,2699896.0
ADEA,sp600,2013,249,0.8886,0.1432,0.2361,0.0256,2.3407,3584897.0
ADEA,sp600,2014,249,0.8741,0.1012,0.2936,0.0988,2.5542,7005302.0
ADEA,sp600,2015,249,0.9179,0.1939,0.2883,0.0639,2.6715,10606978.0
ADEA,sp600,2016,249,1.2105,0.3461,0.2164,0.0176,2.4732,8321811.0
ADEA,sp600,2017,248,1.3583,0.0351,0.479,0.0321,3.294,9673496.0
ADEA,sp600,2018,248,1.1347,0.1184,0.531,0.2483,4.0485,5755501.0
ADEA,sp600,2019,249,1.3123,0.2399,0.2784,0.0471,2.8552,7129719.0
ADEA,sp600,2020,250,1.027,0.2804,0.5565,0.0787,4.8441,11536284.0
ADEA,sp600,2021,249,1.0896,0.2044,0.2787,0.0662,3.0386,9153524.0
ADEA,sp600,2022,248,0.866,0.2233,0.3929,0.0281,3.8617,7243494.0
ADEA,sp600,2023,247,1.3853,0.1702,0.3993,0.09,3.574,5215946.0
ADEA,sp600,2024,249,1.3608,0.1556,0.3995,0.0709,3.0679,5624065.0
ADMA,sp600,2014,249,0.0489,0.0002,0.4117,0.8702,3.3086,63518.0
ADMA,sp600,2015,249,0.2742,0.012,0.3829,0.7363,4.2478,140490.0
ADMA,sp600,2016,249,0.9944,0.0388,0.6438,0.6096,5.636,244591.0
ADMA,sp600,2017,248,0.2527,0.0007,0.6533,0.7481,6.8988,227781.0
ADMA,sp600,2018,248,0.8992,0.0339,0.8235,0.5531,6.6779,1035478.0
ADMA,sp600,2019,249,1.1268,0.0413,0.6473,0.2175,6.5614,3720416.0
ADMA,sp600,2020,250,0.7222,0.0556,1.0066,0.539,8.074,10124673.0
ADMA,sp600,2021,249,1.077,0.0524,0.5936,0.1842,6.0757,7399211.0
ADMA,sp600,2022,248,1.1739,0.1712,0.6283,0.1411,6.0403,6598355.0
ADMA,sp600,2023,247,1.0824,0.1049,0.4128,0.0755,4.0709,8017255.0
ADMA,sp600,2024,249,1.6928,0.1169,0.5865,0.0675,4.0908,47872233.0
ADNT,sp600,2017,248,1.3871,0.1152,0.2586,0.0258,2.364,57640924.0
ADNT,sp600,2018,248,0.9315,0.0864,0.5193,0.1821,3.7588,65260767.0
ADNT,sp600,2019,249,3.028,0.2213,0.677,0.0036,5.6245,37877554.0
ADNT,sp600,2020,250,1.8862,0.3712,0.8304,0.012,6.5572,25496226.0
ADNT,sp600,2021,249,1.978,0.234,0.464,0.0434,4.2502,36382579.0
ADNT,sp600,2022,248,1.9433,0.5256,0.4491,0.0085,4.7486,32649289.0
ADNT,sp600,2023,247,1.415,0.2789,0.2971,0.0317,2.9427,33280728.0
ADNT,sp600,2024,249,0.8335,0.0783,0.3604,0.2451,3.306,31293092.0
ADT,sp600,2018,235,0.8399,0.0897,0.4683,0.1221,4.3368,20835717.0
ADT,sp600,2019,249,1.3624,0.139,0.4041,0.0295,3.5704,10641147.0
ADT,sp600,2020,250,0.9905,0.2015,0.6671,0.0489,5.0663,28989017.0
ADT,sp600,2021,249,1.4871,0.151,0.4572,0.1207,3.7326,23307574.0
ADT,sp600,2022,248,1.1423,0.4347,0.3169,0.01,3.4382,21773039.0
ADT,sp600,2023,247,1.4809,0.209,0.3761,0.0107,3.2038,16148900.0
ADT,sp600,2024,249,1.0168,0.1202,0.3467,0.0941,2.6114,35948435.0
ADUS,sp600,2012,246,0.6561,0.031,0.4669,0.2018,4.5782,114477.0
ADUS,sp600,2013,249,1.7612,0.1112,0.5407,0.1658,5.5641,2680767.0
ADUS,sp600,2014,249,1.381,0.1189,0.4237,0.1592,3.9207,1690837.0
ADUS,sp600,2015,249,0.3845,0.0158,0.4679,0.6889,4.0388,1956599.0
ADUS,sp600,2016,249,1.4503,0.1338,0.4801,0.059,4.5988,1521992.0
ADUS,sp600,2017,248,1.4224,0.0867,0.3106,0.0408,3.1336,1356392.0
ADUS,sp600,2018,248,0.5506,0.0702,0.3437,0.0649,3.6345,7613826.0
ADUS,sp600,2019,249,0.7968,0.0938,0.2952,0.1004,3.0946,10379175.0
ADUS,sp600,2020,250,0.841,0.1945,0.579,0.2866,4.2819,11459817.0
ADUS,sp600,2021,249,1.4474,0.2303,0.3431,0.0686,3.3234,9734415.0
ADUS,sp600,2022,248,0.7461,0.2283,0.3337,0.107,3.4597,7943721.0
ADUS,sp600,2023,247,0.6484,0.0385,0.4231,0.3809,2.6554,9950829.0
ADUS,sp600,2024,249,0.7863,0.1294,0.2571,0.0904,2.4685,15333461.0
AEO,sp600,2012,246,1.1966,0.2065,0.2986,0.0169,2.7205,53700277.0
AEO,sp600,2013,249,1.1368,0.1294,0.3202,0.0536,2.3878,44761394.0
AEO,sp600,2014,249,0.9841,0.0734,0.3941,0.1051,2.9652,49506161.0
AEO,sp600,2015,249,0.7046,0.1162,0.2993,0.0704,2.8155,59578345.0
AEO,sp600,2016,249,0.9998,0.1014,0.3871,0.0808,2.7457,66386759.0
AEO,sp600,2017,248,1.4227,0.0562,0.3924,0.1941,3.2188,48638488.0
AEO,sp600,2018,248,0.9088,0.1607,0.3562,0.1743,3.5434,78259756.0
AEO,sp600,2019,249,1.3847,0.1538,0.3871,0.0195,3.3887,64855817.0
AEO,sp600,2020,250,1.2295,0.2975,0.6391,0.0714,5.6333,66623787.0
AEO,sp600,2021,249,1.336,0.1441,0.4222,0.0926,4.0899,116224419.0
AEO,sp600,2022,248,1.3205,0.3022,0.4881,0.0099,4.8576,80572541.0
AEO,sp600,2023,247,1.2859,0.1454,0.407,0.0258,3.4018,62814388.0
AEO,sp600,2024,249,1.2384,0.155,0.3644,0.0385,3.3344,91691431.0
AESI,sp600,2023,201,0.6469,0.0443,0.361,0.0517,3.6069,8669948.0
AESI,sp600,2024,249,0.9564,0.0971,0.3675,0.1059,3.4044,18930866.0
AGNT,sp600,2018,222,1.0861,0.0668,0.6656,0.1958,5.9745,1612059.0
AGNT,sp600,2019,249,1.1794,0.0812,0.4728,0.102,4.8844,1648449.0
AGNT,sp600,2020,250,1.0961,0.1979,0.7463,0.0831,6.9759,20992005.0
AGNT,sp600,2021,249,2.94,0.177,0.822,0.0511,7.52,58210849.0
AGNT,sp600,2022,248,2.0301,0.414,0.5875,0.0278,6.6192,17773516.0
AGNT,sp600,2023,247,2.177,0.2081,0.5545,0.0258,5.0513,16792813.0
AGNT,sp600,2024,249,1.4363,0.1168,0.4977,0.0978,4.8085,11816829.0
AGO,sp600,2012,246,1.8331,0.3461,0.3208,0.0142,3.1663,19796875.0
AGO,sp600,2013,249,1.5587,0.2785,0.2725,0.0258,2.6884,34907667.0
AGO,sp600,2014,249,1.1367,0.2736,0.2088,0.0477,2.2399,39989118.0
AGO,sp600,2015,249,0.9983,0.267,0.2548,0.031,2.34,36463301.0
AGO,sp600,2016,249,1.0791,0.339,0.196,0.0333,1.9785,22174918.0
AGO,sp600,2017,248,1.1092,0.1245,0.1979,0.0404,1.7958,30769116.0
AGO,sp600,2018,248,0.702,0.2693,0.1983,0.0061,2.1333,26988278.0
AGO,sp600,2019,249,0.792,0.2998,0.1443,0.0304,1.4336,22669562.0
AGO,sp600,2020,250,1.4689,0.4202,0.5837,0.0402,4.6173,23834952.0
AGO,sp600,2021,249,1.002,0.2146,0.2485,0.0873,2.5417,21550105.0
AGO,sp600,2022,248,0.8732,0.3368,0.2981,0.0109,2.5468,20344145.0
AGO,sp600,2023,247,0.8859,0.2137,0.2219,0.0377,2.0475,14501216.0
AGO,sp600,2024,249,0.6307,0.0977,0.2416,0.0544,1.9179,29593956.0
AGX,sp600,2012,246,1.217,0.1491,0.3701,0.2551,4.2208,843960.0
AGX,sp600,2013,249,0.9735,0.0674,0.3934,0.2023,3.344,969242.0
AGX,sp600,2014,249,1.6678,0.2757,0.3048,0.02,3.0675,2678476.0
AGX,sp600,2015,249,0.9319,0.1595,0.3295,0.0508,3.142,3082703.0
AGX,sp600,2016,249,1.2053,0.22,0.2952,0.075,2.6325,6405042.0
AGX,sp600,2017,248,1.621,0.0622,0.4233,0.0782,2.8998,8977154.0
AGX,sp600,2018,248,0.6668,0.0697,0.4176,0.1036,3.1325,6555075.0
AGX,sp600,2019,249,0.8493,0.1228,0.2706,0.028,2.4561,4465871.0
AGX,sp600,2020,250,0.8348,0.3169,0.4146,0.1132,3.7182,4426064.0
AGX,sp600,2021,249,0.7895,0.1568,0.2373,0.0023,2.5724,3206109.0
AGX,sp600,2022,248,0.5427,0.209,0.2569,0.0329,2.5682,2968842.0
AGX,sp600,2023,247,0.4828,0.0379,0.3174,0.2518,2.3704,3057007.0
AGX,sp600,2024,249,0.9823,0.0651,0.4693,0.1283,3.383,18260066.0
AGYS,sp600,2012,246,1.3621,0.1816,0.3681,0.0689,3.7659,516222.0
AGYS,sp600,2013,249,0.9434,0.1109,0.2902,0.0717,2.9345,522963.0
AGYS,sp600,2014,249,1.1829,0.2341,0.2412,0.0108,2.4928,713597.0
AGYS,sp600,2015,249,0.7888,0.0969,0.371,0.1266,3.2259,399543.0
AGYS,sp600,2016,249,1.513,0.2966,0.3031,0.0221,4.6574,337384.0
AGYS,sp600,2017,248,1.0454,0.0726,0.2513,0.0366,2.8762,643774.0
AGYS,sp600,2018,248,0.4845,0.086,0.2708,0.125,2.9511,970245.0
AGYS,sp600,2019,249,0.6962,0.0637,0.3182,0.2117,2.894,2816687.0
AGYS,sp600,2020,250,1.1336,0.2972,0.5896,0.099,5.2712,5356982.0
AGYS,sp600,2021,249,2.2091,0.2447,0.5032,0.0095,4.8956,6349673.0
AGYS,sp600,2022,248,0.743,0.1423,0.4437,0.0359,4.3842,5722731.0
AGYS,sp600,2023,247,1.0436,0.1081,0.3914,0.0911,3.3228,11554820.0
AGYS,sp600,2024,249,1.4396,0.194,0.3698,0.0804,3.3415,21922008.0
AHCO,sp600,2019,249,-0.0384,0.0004,0.2394,0.7825,1.2206,1207411.0
AHCO,sp600,2020,250,0.4978,0.0595,0.6694,0.1112,6.7063,7429549.0
AHCO,sp600,2021,249,0.9446,0.0581,0.4932,0.1597,4.769,29726538.0
AHCO,sp600,2022,248,1.101,0.2083,0.5222,0.084,4.8997,23931400.0
AHCO,sp600,2023,247,1.5303,0.0781,0.6864,0.025,4.9447,15221520.0
AHCO,sp600,2024,249,1.2413,0.0681,0.5785,0.3169,4.8173,11012176.0
AIN,sp600,2012,246,1.4115,0.3153,0.2648,0.0363,2.7379,2813059.0
AIN,sp600,2013,249,1.4713,0.4505,0.1765,0.0477,2.0365,3021684.0
AIN,sp600,2014,249,1.2316,0.4319,0.1592,0.0179,2.0688,2923532.0
AIN,sp600,2015,249,1.0752,0.2656,0.2754,0.1234,2.4148,3067105.0
AIN,sp600,2016,249,1.2621,0.3583,0.2197,0.0122,2.6042,3997368.0
AIN,sp600,2017,248,1.5974,0.2346,0.1941,0.0008,1.9711,5720849.0
AIN,sp600,2018,248,1.0443,0.3635,0.237,0.0078,2.3108,8029557.0
AIN,sp600,2019,249,1.1002,0.2217,0.2457,0.0348,2.2013,12707899.0
AIN,sp600,2020,250,1.1443,0.3394,0.5401,0.069,4.2555,12845393.0
AIN,sp600,2021,249,1.2561,0.2705,0.2674,0.0653,2.7923,9659019.0
AIN,sp600,2022,248,0.8846,0.5209,0.2064,0.0348,2.5575,11142169.0
AIN,sp600,2023,247,1.0629,0.2786,0.2233,0.0177,2.166,13110025.0
AIN,sp600,2024,249,1.2781,0.2535,0.2765,0.0407,2.3477,14163448.0
AIR,sp600,2012,246,1.4998,0.2084,0.3721,0.0967,3.0649,4945203.0
AIR,sp600,2013,249,1.6362,0.3466,0.244,0.005,2.4605,5989065.0
AIR,sp600,2014,249,1.0816,0.1332,0.3111,0.0177,2.556,7132729.0
AIR,sp600,2015,249,0.7578,0.1431,0.2857,0.1589,2.5123,7291680.0
AIR,sp600,2016,249,1.317,0.2307,0.3128,0.0446,2.7821,5837633.0
AIR,sp600,2017,248,1.7914,0.26,0.2033,0.0037,2.018,6625377.0
AIR,sp600,2018,248,1.0278,0.2501,0.3052,0.0097,2.7084,10917799.0
AIR,sp600,2019,249,1.3345,0.2251,0.2951,0.0238,2.5519,9810354.0
AIR,sp600,2020,250,1.7677,0.3463,0.8216,0.1838,6.1408,8479579.0
AIR,sp600,2021,249,1.5806,0.3349,0.2888,0.0724,3.3674,10419149.0
AIR,sp600,2022,248,0.9171,0.4052,0.2703,0.02,3.1244,13539212.0
AIR,sp600,2023,247,0.9315,0.1865,0.254,0.0231,2.3713,11742445.0
AIR,sp600,2024,249,1.2544,0.2263,0.2923,0.0437,2.6391,19107598.0
AKR,sp600,2012,246,0.6973,0.3944,0.11,0.0132,1.5213,4648189.0
AKR,sp600,2013,249,0.9894,0.4046,0.1304,0.0286,1.5863,5098233.0
AKR,sp600,2014,249,0.6396,0.2625,0.1208,0.0187,1.4902,5887985.0
AKR,sp600,2015,249,0.8014,0.4088,0.1484,0.0149,1.7406,6915318.0
AKR,sp600,2016,249,0.7982,0.292,0.1617,0.0079,1.7494,11054894.0
AKR,sp600,2017,248,0.2839,0.0088,0.2029,0.7342,1.9079,10934711.0
AKR,sp600,2018,248,0.6351,0.2138,0.2088,0.0195,2.1556,11373933.0
AKR,sp600,2019,249,0.5578,0.149,0.1589,0.0838,1.6772,10109974.0
AKR,sp600,2020,250,1.1795,0.2842,0.6332,0.0274,5.1986,9275807.0
AKR,sp600,2021,249,1.0851,0.1785,0.3018,0.0531,3.0854,10317893.0
AKR,sp600,2022,248,0.9659,0.4863,0.2415,0.0174,2.9232,10072948.0
AKR,sp600,2023,247,1.2953,0.3162,0.2487,0.0235,2.501,9438134.0
AKR,sp600,2024,249,0.6419,0.1544,0.1893,0.0825,1.9811,20163280.0
ALG,sp600,2012,246,1.1201,0.2551,0.2437,0.0119,2.5785,795722.0
ALG,sp600,2013,249,1.2253,0.2087,0.2591,0.0743,2.1924,1022722.0
ALG,sp600,2014,249,1.376,0.1607,0.3545,0.0202,2.8584,1881260.0
ALG,sp600,2015,249,0.7441,0.1049,0.3348,0.1408,2.8633,2544303.0
ALG,sp600,2016,249,1.0039,0.2416,0.2313,0.0193,2.4004,3685627.0
ALG,sp600,2017,248,1.4384,0.2368,0.1737,0.0103,2.1649,4651742.0
ALG,sp600,2018,248,0.7201,0.2091,0.2402,0.0247,2.7719,5580362.0
ALG,sp600,2019,249,0.8649,0.1023,0.3054,0.1501,2.4783,7988318.0
ALG,sp600,2020,250,1.122,0.5428,0.3484,0.0505,3.7545,5450466.0
ALG,sp600,2021,249,1.1763,0.3531,0.2064,0.0098,2.4147,5040661.0
ALG,sp600,2022,248,0.6946,0.3766,0.2174,0.0005,2.5843,5554711.0
ALG,sp600,2023,247,1.061,0.2004,0.2767,0.028,2.2671,9296473.0
ALG,sp600,2024,249,0.9828,0.1858,0.2593,0.1302,2.2616,14803754.0
ALGT,sp600,2012,246,0.5358,0.061,0.2675,0.0757,2.6578,7207432.0
ALGT,sp600,2013,249,0.9529,0.1408,0.2557,0.1101,2.6108,8126586.0
ALGT,sp600,2014,249,0.9426,0.1294,0.2756,0.0587,2.8033,13184865.0
ALGT,sp600,2015,249,0.7854,0.1178,0.3311,0.0404,3.301,28504774.0
ALGT,sp600,2016,249,1.0651,0.1514,0.328,0.0836,3.3331,21844031.0
ALGT,sp600,2017,248,1.3892,0.1006,0.2795,0.0549,2.6403,18261014.0
ALGT,sp600,2018,248,0.7115,0.0988,0.3685,0.1036,3.1694,25653019.0
ALGT,sp600,2019,249,0.6986,0.1262,0.2191,0.0603,2.4919,22436946.0
ALGT,sp600,2020,250,1.6698,0.456,0.617,0.0151,5.8303,29036548.0
ALGT,sp600,2021,249,1.4287,0.2116,0.3576,0.0587,3.6436,34259355.0
ALGT,sp600,2022,248,1.272,0.387,0.3894,0.0161,4.1668,27770325.0
ALGT,sp600,2023,247,1.4911,0.1667,0.4352,0.0216,3.7002,19922444.0
ALGT,sp600,2024,249,1.412,0.1106,0.5046,0.1186,4.6753,21998442.0
ALHC,sp600,2021,191,1.1638,0.0549,0.5822,0.0687,6.336,10337738.0
ALHC,sp600,2022,248,1.2965,0.2083,0.6148,0.0317,6.0719,8245749.0
ALHC,sp600,2023,247,1.0435,0.0419,0.6518,0.0606,5.5049,5722178.0
ALHC,sp600,2024,249,0.6298,0.013,0.692,0.0578,5.6304,11037019.0
ALKS,sp600,2012,246,1.1234,0.2145,0.2737,0.0604,2.9789,19267065.0
ALKS,sp600,2013,249,1.5484,0.1825,0.3559,0.0951,3.342,35083429.0
ALKS,sp600,2014,249,1.8317,0.299,0.3161,0.038,3.5296,45446868.0
ALKS,sp600,2015,249,1.3132,0.2286,0.3716,0.0166,4.0876,74692525.0
ALKS,sp600,2016,249,1.5426,0.0651,0.76,0.3574,4.4766,55129528.0
ALKS,sp600,2017,248,1.1776,0.0648,0.3009,0.0526,2.8184,46442520.0
ALKS,sp600,2018,248,1.378,0.2108,0.4572,0.0223,3.9058,42440013.0
ALKS,sp600,2019,249,1.6505,0.2146,0.3763,0.0266,3.9002,30742290.0
ALKS,sp600,2020,250,0.7971,0.2717,0.4414,0.0063,4.7134,26962118.0
ALKS,sp600,2021,249,0.7231,0.0571,0.3809,0.141,3.2091,36227379.0
ALKS,sp600,2022,248,0.5963,0.1357,0.366,0.1197,3.7147,39452580.0
ALKS,sp600,2023,247,0.4371,0.0296,0.3267,0.2834,2.6668,49176355.0
ALKS,sp600,2024,249,0.6065,0.0475,0.3422,0.2333,2.8828,48762913.0
ALRM,sp600,2016,249,1.2222,0.1352,0.402,0.0756,3.7236,6223279.0
ALRM,sp600,2017,248,1.2239,0.0634,0.3164,0.1581,2.7698,15696150.0
ALRM,sp600,2018,248,1.0779,0.207,0.3618,0.0194,3.5847,21966086.0
ALRM,sp600,2019,249,1.069,0.1507,0.3025,0.0403,3.0019,22951145.0
ALRM,sp600,2020,250,0.8209,0.261,0.4673,0.1097,4.0635,29034496.0
ALRM,sp600,2021,249,1.6098,0.3396,0.291,0.0082,3.2555,23153101.0
ALRM,sp600,2022,248,1.0713,0.3817,0.3316,0.0481,3.3331,16287109.0
ALRM,sp600,2023,247,1.2304,0.2001,0.3212,0.0356,2.6143,12553625.0
ALRM,sp600,2024,249,1.1322,0.2376,0.2556,0.042,2.4077,24047285.0
AMN,sp600,2012,246,1.5701,0.1763,0.432,0.0366,4.0121,1555622.0
AMN,sp600,2013,249,1.2224,0.1127,0.3726,0.1433,3.1778,4579485.0
AMN,sp600,2014,249,0.979,0.1328,0.2821,0.0813,2.5458,4243444.0
AMN,sp600,2015,249,0.7687,0.0557,0.4873,0.0361,3.3938,19594646.0
AMN,sp600,2016,249,1.5626,0.208,0.3966,0.0624,3.5912,29266470.0
AMN,sp600,2017,248,1.0469,0.057,0.2865,0.1819,2.7271,22068040.0
AMN,sp600,2018,248,0.7889,0.1097,0.3853,0.1568,3.0316,27642164.0
AMN,sp600,2019,249,0.9789,0.1654,0.2621,0.084,2.4243,20759353.0
AMN,sp600,2020,250,0.6585,0.1366,0.5599,0.2291,4.5103,30032596.0
AMN,sp600,2021,249,0.6819,0.0565,0.3613,0.2182,3.1527,34850662.0
AMN,sp600,2022,248,0.8132,0.1715,0.4348,0.0418,4.1138,69550313.0
AMN,sp600,2023,247,0.697,0.0585,0.365,0.1344,3.0171,61699399.0
AMN,sp600,2024,249,0.7598,0.0231,0.6232,0.5427,4.3507,42003313.0
AMPH,sp600,2015,249,0.9445,0.1192,0.3954,0.1297,4.0065,3674681.0
AMPH,sp600,2016,249,1.1182,0.0997,0.437,0.1819,3.9704,6466321.0
AMPH,sp600,2017,248,1.3024,0.0358,0.4549,0.0571,3.3308,4678808.0
AMPH,sp600,2018,248,0.7596,0.0961,0.3996,0.0679,3.0103,3815283.0
AMPH,sp600,2019,249,1.0244,0.1442,0.2974,0.037,2.7983,4197784.0
AMPH,sp600,2020,250,0.8179,0.4006,0.3384,0.0765,3.5168,4728557.0
AMPH,sp600,2021,249,0.5248,0.0685,0.251,0.0099,2.7196,3772658.0
AMPH,sp600,2022,248,0.4693,0.0466,0.5165,0.04,4.172,12614887.0
AMPH,sp600,2023,247,0.8216,0.0562,0.4397,0.0944,3.3339,19144638.0
AMPH,sp600,2024,249,0.6301,0.0406,0.3863,0.314,3.0892,18856197.0
AMR,sp600,2021,224,1.5232,0.0674,0.7176,0.1708,7.3588,8651265.0
AMR,sp600,2022,248,0.7788,0.0677,0.7028,0.1119,6.6917,66057702.0
AMR,sp600,2023,247,1.0028,0.0889,0.4192,0.0542,3.7483,54450147.0
AMR,sp600,2024,249,0.98,0.0512,0.5317,0.043,4.0785,61216057.0
AMRX,sp600,2018,161,1.1468,0.1589,0.4253,0.0091,4.5019,22327489.0
AMRX,sp600,2019,249,2.1869,0.0734,0.9262,0.0938,6.7118,10743442.0
AMRX,sp600,2020,250,1.2175,0.2138,0.7897,0.0857,6.868,6281882.0
AMRX,sp600,2021,249,1.1021,0.0712,0.5159,0.2025,4.6128,6556258.0
AMRX,sp600,2022,248,0.9732,0.1598,0.5428,0.047,5.3066,2748795.0
AMRX,sp600,2023,247,1.7052,0.1,0.6678,0.1376,6.1162,3751686.0
AMRX,sp600,2024,249,1.1978,0.1542,0.3536,0.0758,3.7553,9519590.0
AMSF,sp600,2012,246,0.7569,0.191,0.1983,0.115,2.3806,572980.0
AMSF,sp600,2013,249,1.2073,0.2314,0.2389,0.0248,2.5836,846144.0
AMSF,sp600,2014,249,0.7976,0.131,0.2316,0.1156,2.498,1095128.0
AMSF,sp600,2015,249,0.7955,0.288,0.1927,0.1021,2.361,1564385.0
AMSF,sp600,2016,249,0.6415,0.1251,0.2206,0.1326,2.1337,2646064.0
AMSF,sp600,2017,248,1.245,0.1094,0.239,0.0854,2.1043,2593639.0
AMSF,sp600,2018,248,0.577,0.198,0.1992,0.0159,2.2747,2579477.0
AMSF,sp600,2019,249,0.6129,0.1461,0.1766,0.1305,1.9138,2934096.0
AMSF,sp600,2020,250,0.8858,0.4361,0.3407,0.0788,3.5041,3752409.0
AMSF,sp600,2021,249,0.4717,0.075,0.2148,0.0514,2.4151,3088806.0
AMSF,sp600,2022,248,0.4898,0.158,0.275,0.1173,2.5778,3190509.0
AMSF,sp600,2023,247,0.5251,0.1231,0.183,0.1243,2.1752,3512448.0
AMSF,sp600,2024,249,0.4117,0.045,0.2389,0.0978,1.9632,5206544.0
ANDE,sp600,2012,246,0.9837,0.2129,0.2408,0.0136,2.6095,4537518.0
ANDE,sp600,2013,249,1.0411,0.246,0.198,0.0348,2.359,6260910.0
ANDE,sp600,2014,249,1.1698,0.1002,0.3952,0.1834,2.9455,13259711.0
ANDE,sp600,2015,249,1.0076,0.1842,0.3266,0.0581,3.2155,7156746.0
ANDE,sp600,2016,249,1.5707,0.1943,0.4161,0.0214,3.5259,4515193.0
ANDE,sp600,2017,248,1.3381,0.1093,0.2571,0.0266,2.5713,3632719.0
ANDE,sp600,2018,248,0.8315,0.1863,0.2981,0.0378,2.6688,3420573.0
ANDE,sp600,2019,249,1.2772,0.1781,0.3271,0.0124,2.9638,4007456.0
ANDE,sp600,2020,250,0.9638,0.2027,0.6466,0.1668,5.6071,3550301.0
ANDE,sp600,2021,249,1.3259,0.2079,0.3355,0.034,3.4794,4424239.0
ANDE,sp600,2022,248,0.5247,0.0575,0.5168,0.0952,3.8014,12202707.0
ANDE,sp600,2023,247,0.9613,0.124,0.3335,0.0534,2.8064,9673014.0
ANDE,sp600,2024,249,0.8527,0.1087,0.3078,0.1688,2.7334,9484879.0
ANIP,sp600,2012,246,1.7608,0.0379,1.1289,0.0665,8.9831,2499989.0
ANIP,sp600,2013,249,0.711,0.0159,0.6067,0.6207,5.8919,574301.0
ANIP,sp600,2014,249,2.1088,0.1101,0.6757,0.0378,6.4262,7729091.0
ANIP,sp600,2015,249,1.5451,0.1494,0.5678,0.0777,5.5795,18005305.0
ANIP,sp600,2016,249,1.7207,0.1682,0.4977,0.0769,4.638,10717897.0
ANIP,sp600,2017,248,1.0176,0.0302,0.3883,0.1428,3.3601,7350361.0
ANIP,sp600,2018,248,0.8133,0.1513,0.3303,0.031,3.8546,5801564.0
ANIP,sp600,2019,249,0.7737,0.0529,0.3902,0.0725,3.271,9427045.0
ANIP,sp600,2020,250,1.2516,0.3173,0.6211,0.0865,5.5351,3535795.0
ANIP,sp600,2021,249,1.167,0.0606,0.5954,0.046,4.688,4245178.0
ANIP,sp600,2022,248,0.8105,0.1503,0.4687,0.0151,5.0642,3215834.0
ANIP,sp600,2023,247,0.8572,0.0861,0.3645,0.2161,3.5063,7036204.0
ANIP,sp600,2024,249,0.7943,0.0787,0.3426,0.1915,3.0787,13606988.0
AORT,sp600,2012,246,1.6618,0.2371,0.3795,0.0743,3.8898,406035.0
AORT,sp600,2013,249,1.3451,0.1809,0.3109,0.0676,3.0862,708009.0
AORT,sp600,2014,249,1.2104,0.1416,0.336,0.0351,3.3144,1284455.0
AORT,sp600,2015,249,0.8302,0.1799,0.273,0.1467,2.9237,910312.0
AORT,sp600,2016,249,1.1993,0.2254,0.2892,0.0421,2.9291,2788738.0
AORT,sp600,2017,248,1.5863,0.0729,0.3805,0.0375,3.0505,2975150.0
AORT,sp600,2018,248,1.0101,0.2275,0.3192,0.0131,3.1366,3832778.0
AORT,sp600,2019,249,1.1689,0.1652,0.3132,0.0193,2.9757,5470166.0
AORT,sp600,2020,250,1.0816,0.2923,0.5693,0.01,4.6769,5914814.0
AORT,sp600,2021,249,0.8496,0.0829,0.3663,0.0415,3.2801,4320764.0
AORT,sp600,2022,248,1.1481,0.2274,0.5147,0.0606,4.6075,3990654.0
AORT,sp600,2023,247,1.5204,0.1918,0.4075,0.1877,3.6399,2775287.0
AORT,sp600,2024,249,1.0535,0.1748,0.2885,0.023,3.1313,5483605.0
AOSL,sp600,2012,246,1.3591,0.1727,0.3787,0.035,3.3176,567627.0
AOSL,sp600,2013,249,1.1689,0.107,0.3667,0.0028,2.8902,580520.0
AOSL,sp600,2014,249,1.1154,0.1434,0.3073,0.0244,2.858,611490.0
AOSL,sp600,2015,249,0.6571,0.1245,0.2684,0.2033,2.7661,556724.0
AOSL,sp600,2016,249,1.1969,0.0976,0.4734,0.0531,3.5648,2753006.0
AOSL,sp600,2017,248,2.3657,0.1592,0.3658,0.0193,3.352,1885802.0
AOSL,sp600,2018,248,0.6246,0.0681,0.3962,0.0494,3.633,1511106.0
AOSL,sp600,2019,249,1.957,0.2011,0.4649,0.0703,4.0446,1114187.0
AOSL,sp600,2020,250,1.1977,0.3003,0.6185,0.1074,5.5361,2394908.0
AOSL,sp600,2021,249,2.6325,0.2942,0.5286,0.0786,5.5001,11995900.0
AOSL,sp600,2022,248,2.127,0.4901,0.5277,0.0006,5.9215,20911823.0
AOSL,sp600,2023,247,1.7314,0.2428,0.3992,0.0478,3.5679,5554571.0
AOSL,sp600,2024,249,2.0424,0.124,0.6841,0.1215,5.3782,12426014.0
APAM,sp600,2013,204,0.7669,0.0894,0.2727,0.32,2.7045,2299646.0
APAM,sp600,2014,249,1.3371,0.2756,0.2443,0.0492,2.463,6707477.0
APAM,sp600,2015,249,0.9991,0.3343,0.2172,0.0231,2.5205,4538923.0
APAM,sp600,2016,249,1.6375,0.4101,0.2554,0.0605,2.8662,4889409.0
APAM,sp600,2017,248,1.4181,0.1823,0.2021,0.0475,2.1464,5906447.0
APAM,sp600,2018,248,1.1583,0.454,0.2179,0.0383,2.7073,5388564.0
APAM,sp600,2019,249,1.4807,0.4815,0.1832,0.0017,2.304,6037043.0
APAM,sp600,2020,250,1.3339,0.6405,0.3381,0.0156,3.7977,10388341.0
APAM,sp600,2021,249,1.9876,0.49,0.2629,0.0136,2.9516,17774067.0
APAM,sp600,2022,248,1.1459,0.5574,0.2484,0.0176,3.1538,13899851.0
APAM,sp600,2023,247,1.3753,0.3952,0.2221,0.0294,2.3858,18258694.0
APAM,sp600,2024,249,1.3323,0.3453,0.2312,0.0201,2.2655,15516351.0
APLE,sp600,2015,155,0.8129,0.3385,0.1946,0.0408,2.1381,14567371.0
APLE,sp600,2016,249,0.6239,0.1753,0.176,0.1043,1.8987,9825940.0
APLE,sp600,2017,248,0.8718,0.2081,0.1144,0.0093,1.2354,12161176.0
APLE,sp600,2018,248,0.5094,0.3029,0.1325,0.0193,1.4961,15745324.0
APLE,sp600,2019,249,0.6531,0.2804,0.1247,0.0401,1.3558,13688604.0
APLE,sp600,2020,250,1.582,0.3961,0.6608,0.0475,5.2098,21064816.0
APLE,sp600,2021,249,1.0133,0.1942,0.2676,0.0946,2.8816,22377013.0
APLE,sp600,2022,248,0.9414,0.5058,0.2263,0.0021,2.9045,22185148.0
APLE,sp600,2023,247,1.0959,0.3143,0.2113,0.0151,2.2355,26740931.0
APLE,sp600,2024,249,0.9244,0.2954,0.1799,0.0286,1.868,25908053.0
APOG,sp600,2012,246,1.0984,0.1358,0.3528,0.0644,3.2816,2014277.0
APOG,sp600,2013,249,1.4715,0.2505,0.2765,0.0431,2.749,5256725.0
APOG,sp600,2014,249,1.3206,0.2606,0.2508,0.0515,2.754,5195259.0
APOG,sp600,2015,249,1.3237,0.2762,0.33,0.026,3.3131,11098019.0
APOG,sp600,2016,249,1.4389,0.3522,0.2538,0.0036,2.9105,9798406.0
APOG,sp600,2017,248,1.788,0.1148,0.3341,0.082,2.4647,11330424.0
APOG,sp600,2018,248,0.8615,0.1756,0.3201,0.0222,2.6586,9281486.0
APOG,sp600,2019,249,1.2581,0.1575,0.3468,0.0051,2.4219,6325712.0
APOG,sp600,2020,250,1.7273,0.5089,0.574,0.0081,5.0975,5782120.0
APOG,sp600,2021,249,1.4814,0.2413,0.3406,0.0209,3.2705,5536587.0
APOG,sp600,2022,248,1.014,0.4809,0.2562,0.0044,3.2416,6290151.0
APOG,sp600,2023,247,1.0918,0.2719,0.2332,0.0194,2.3593,6464223.0
APOG,sp600,2024,249,1.3741,0.2289,0.3179,0.0033,2.4814,9409792.0
ARCB,sp600,2012,246,1.5972,0.1449,0.494,0.0928,3.9724,4050131.0
ARCB,sp600,2013,249,1.8565,0.1026,0.5962,0.2476,4.4625,8924657.0
ARCB,sp600,2014,249,2.2321,0.3088,0.3764,0.0276,3.6277,11941647.0
ARCB,sp600,2015,249,1.3533,0.3101,0.3109,0.0071,3.6583,8981974.0
ARCB,sp600,2016,249,1.7992,0.2394,0.4171,0.0814,4.2979,4910432.0
ARCB,sp600,2017,248,2.3007,0.0907,0.4902,0.0987,3.7648,6171426.0
ARCB,sp600,2018,248,1.3661,0.2207,0.4402,0.0338,4.1655,11834780.0
ARCB,sp600,2019,249,1.5915,0.2767,0.3067,0.0054,3.2796,7048180.0
ARCB,sp600,2020,250,0.9617,0.2751,0.5281,0.0035,4.966,5673413.0
ARCB,sp600,2021,249,1.5977,0.1808,0.441,0.0318,4.2657,25314743.0
ARCB,sp600,2022,248,1.4933,0.4996,0.3635,0.0006,4.3688,23282181.0
ARCB,sp600,2023,247,1.4664,0.1804,0.4081,0.059,3.618,34119493.0
ARCB,sp600,2024,249,1.6372,0.1969,0.4167,0.0642,3.5845,33175640.0
ARLO,sp600,2019,249,1.613,0.0436,0.9,0.0366,5.6219,5426845.0
ARLO,sp600,2020,250,1.4702,0.2084,0.9694,0.1012,8.8052,6656306.0
ARLO,sp600,2021,249,1.6341,0.1328,0.5415,0.0685,5.0832,7625124.0
ARLO,sp600,2022,248,1.6329,0.3419,0.551,0.0031,5.038,5410261.0
ARLO,sp600,2023,247,1.6217,0.0945,0.6553,0.0424,4.4411,8145025.0
ARLO,sp600,2024,249,1.7056,0.1484,0.5149,0.019,4.2854,11254005.0
AROC,sp600,2012,246,2.3782,0.3423,0.4197,0.0058,4.1462,7005848.0
AROC,sp600,2013,249,1.2959,0.3196,0.2054,0.0319,2.3927,9189933.0
AROC,sp600,2014,249,0.8211,0.1068,0.2677,0.0473,2.4516,23054260.0
AROC,sp600,2015,249,1.6647,0.1046,0.7501,0.0554,4.4818,11901896.0
AROC,sp600,2016,249,3.4609,0.2349,0.8125,0.0227,6.5784,3644129.0
AROC,sp600,2017,248,1.8262,0.078,0.4223,0.1749,4.3363,4034926.0
AROC,sp600,2018,248,1.2953,0.2687,0.3664,0.0026,3.9861,9392909.0
AROC,sp600,2019,249,1.5699,0.2484,0.3255,0.0309,3.1925,5573281.0
AROC,sp600,2020,250,1.5067,0.228,0.9379,0.2425,6.149,5426065.0
AROC,sp600,2021,249,1.2113,0.1847,0.3299,0.0329,3.3957,5854138.0
AROC,sp600,2022,248,0.6994,0.1803,0.3628,0.0329,3.466,6625288.0
AROC,sp600,2023,247,1.0292,0.1613,0.3064,0.0207,2.7445,10821992.0
AROC,sp600,2024,249,1.1501,0.1704,0.3199,0.1158,2.8409,27031375.0
ARR,sp600,2012,246,0.317,0.0505,0.1751,0.1169,1.2699,6502375.0
ARR,sp600,2013,249,0.8374,0.0939,0.2826,0.1224,2.1657,5506655.0
ARR,sp600,2014,249,0.2549,0.0514,0.1235,0.1332,1.311,2681684.0
ARR,sp600,2015,249,0.5594,0.1783,0.185,0.2069,1.7362,2276878.0
ARR,sp600,2016,249,0.7895,0.2093,0.1996,0.0843,1.8628,2610930.0
ARR,sp600,2017,248,0.6195,0.0673,0.1551,0.1488,1.384,4029187.0
ARR,sp600,2018,248,0.3636,0.1699,0.1379,0.1329,1.4858,3383868.0
ARR,sp600,2019,249,0.4315,0.1197,0.1395,0.0171,1.2931,5066397.0
ARR,sp600,2020,250,1.4483,0.3428,0.6784,0.0839,4.8379,4864366.0
ARR,sp600,2021,249,0.6542,0.1945,0.1726,0.0363,1.853,7663698.0
ARR,sp600,2022,248,0.8258,0.256,0.3424,0.0402,3.1933,11353058.0
ARR,sp600,2023,247,1.2627,0.2726,0.2693,0.0916,2.7403,19325165.0
ARR,sp600,2024,249,0.8294,0.1947,0.2126,0.0479,1.9243,17025315.0
ASO,sp600,2021,249,1.1661,0.0946,0.4678,0.0856,5.1489,85375506.0
ASO,sp600,2022,248,1.4884,0.4071,0.4369,0.0245,4.5872,87927150.0
ASO,sp600,2023,247,1.1059,0.135,0.3655,0.0978,3.2961,85172228.0
ASO,sp600,2024,249,0.8444,0.0896,0.3393,0.0954,3.1298,82443696.0
ASTE,sp600,2012,246,1.5981,0.4136,0.2422,0.0209,2.9038,3138004.0
ASTE,sp600,2013,249,1.3309,0.4057,0.175,0.0134,2.3331,1986088.0
ASTE,sp600,2014,249,1.2126,0.2597,0.2308,0.0617,2.5703,3539960.0
ASTE,sp600,2015,249,1.0146,0.2686,0.2579,0.0485,2.9221,3847451.0
ASTE,sp600,2016,249,1.1141,0.1673,0.3232,0.0487,2.8809,7202414.0
ASTE,sp600,2017,248,1.5435,0.1362,0.2615,0.0511,2.6859,7787856.0
ASTE,sp600,2018,248,1.148,0.1634,0.4454,0.0192,3.3565,8069284.0
ASTE,sp600,2019,249,1.3104,0.1308,0.4027,0.0164,3.0831,5347316.0
ASTE,sp600,2020,250,0.9212,0.3578,0.4175,0.0253,4.4249,6114718.0
ASTE,sp600,2021,249,1.3796,0.198,0.36,0.0058,3.3108,7366552.0
ASTE,sp600,2022,248,1.1418,0.3855,0.3507,0.0232,3.9192,5048804.0
ASTE,sp600,2023,247,1.0019,0.0794,0.4455,0.1128,3.1491,4453492.0
ASTE,sp600,2024,249,1.3473,0.1764,0.3669,0.0442,2.9865,4927347.0
ASTH,sp600,2012,246,-1.4813,0.0061,2.4118,0.6053,5.4335,1778.0
ASTH,sp600,2013,249,-5.2905,0.0163,4.4611,0.5129,4.5309,1871.0
ASTH,sp600,2014,249,-0.5247,0.0013,1.6492,0.9337,3.7853,2140.0
ASTH,sp600,2015,249,0.0727,0.0,3.5596,0.9989,2.91,2630.0
ASTH,sp600,2016,249,0.275,0.0003,1.9498,0.9028,3.4023,2831.0
ASTH,sp600,2017,248,2.5991,0.0296,1.0012,0.2225,2.6567,34210.0
ASTH,sp600,2018,248,0.5892,0.0085,1.093,0.6917,8.3791,1663324.0
ASTH,sp600,2019,249,0.6942,0.0303,0.4685,0.32,4.7743,1980122.0
ASTH,sp600,2020,250,1.0395,0.3941,0.436,0.061,4.8606,1375697.0
ASTH,sp600,2021,249,1.7772,0.093,0.7195,0.0166,6.0199,30560502.0
ASTH,sp600,2022,248,1.4672,0.2709,0.5855,0.0219,6.3292,12356608.0
ASTH,sp600,2023,247,1.3873,0.139,0.4507,0.0585,4.3529,6108435.0
ASTH,sp600,2024,249,1.1604,0.0983,0.4429,0.1096,3.8754,9858442.0
ATEN,sp600,2014,194,0.4178,0.0035,0.7757,0.8582,4.8048,3112781.0
ATEN,sp600,2015,249,1.2231,0.0945,0.5833,0.0678,4.8046,2489413.0
ATEN,sp600,2016,249,1.8126,0.2842,0.3741,0.0074,3.4289,3113713.0
ATEN,sp600,2017,248,1.4358,0.0568,0.3937,0.0169,2.7495,3538115.0
ATEN,sp600,2018,248,0.8352,0.1588,0.3296,0.1459,2.9643,2233759.0
ATEN,sp600,2019,249,0.9935,0.1285,0.3085,0.15,2.6833,2471783.0
ATEN,sp600,2020,250,0.916,0.2597,0.5232,0.1044,4.4709,4409198.0
ATEN,sp600,2021,249,1.5822,0.1233,0.547,0.0435,3.9595,9321834.0
ATEN,sp600,2022,248,1.0766,0.3443,0.3614,0.0165,3.7324,12121874.0
ATEN,sp600,2023,247,0.7383,0.0528,0.4083,0.0495,2.6905,9260452.0
ATEN,sp600,2024,249,0.7708,0.0884,0.312,0.2203,2.3623,10120729.0
ATMU,sp600,2024,249,0.9342,0.1459,0.2849,0.1325,2.825,50577569.0
AUB,sp600,2012,246,1.0802,0.2629,0.2303,0.1214,2.6858,368870.0
AUB,sp600,2013,249,0.9457,0.2774,0.1658,0.0565,2.1267,1306448.0
AUB,sp600,2014,249,0.9386,0.2584,0.1793,0.0861,2.1573,2168785.0
AUB,sp600,2015,249,0.9144,0.3512,0.1914,0.0358,2.2931,2052394.0
AUB,sp600,2016,249,1.1239,0.3724,0.1898,0.0483,2.3266,2500300.0
AUB,sp600,2017,248,1.7326,0.223,0.2176,0.0206,2.3869,4272748.0
AUB,sp600,2018,248,0.7672,0.2969,0.2024,0.0506,2.4829,11560226.0
AUB,sp600,2019,249,1.2208,0.3269,0.2088,0.0103,2.3263,7931295.0
AUB,sp600,2020,250,1.2189,0.3628,0.5464,0.0189,4.7955,6719728.0
AUB,sp600,2021,249,1.0858,0.2022,0.2796,0.0796,2.9169,8360136.0
AUB,sp600,2022,248,0.7585,0.4193,0.2171,0.0285,2.6303,8386035.0
AUB,sp600,2023,247,1.6063,0.2572,0.3564,0.0138,3.2187,14737881.0
AUB,sp600,2024,249,1.0964,0.1849,0.2902,0.0163,2.6338,19261077.0
AVA,sp600,2012,246,0.4898,0.2132,0.1198,0.0644,1.2626,4061764.0
AVA,sp600,2013,249,0.8677,0.3916,0.1175,0.0167,1.4448,4622997.0
AVA,sp600,2014,249,0.5769,0.1423,0.1597,0.1126,1.552,7165292.0
AVA,sp600,2015,249,0.6608,0.2584,0.1725,0.0039,1.7879,6685834.0
AVA,sp600,2016,249,0.4891,0.1059,0.1849,0.1524,1.7781,9029246.0
AVA,sp600,2017,248,0.2107,0.0044,0.2128,0.5504,1.01,14302276.0
AVA,sp600,2018,248,0.1077,0.0099,0.1845,0.8096,0.9451,20062855.0
AVA,sp600,2019,249,0.2924,0.0688,0.1282,0.0259,1.4094,15194408.0
AVA,sp600,2020,250,0.9917,0.409,0.4033,0.0042,3.2569,13958638.0
AVA,sp600,2021,249,0.3435,0.0432,0.2096,0.1656,2.0465,13861837.0
AVA,sp600,2022,248,0.4023,0.148,0.2348,0.0576,2.3083,16282974.0
AVA,sp600,2023,247,0.6134,0.1232,0.2137,0.0252,2.0199,23848636.0
AVA,sp600,2024,249,0.3218,0.04,0.1988,0.0811,1.7442,16748783.0
AWI,sp600,2012,246,1.288,0.2782,0.2641,0.0048,2.5756,14892437.0
AWI,sp600,2013,249,1.4012,0.3813,0.1938,0.0278,2.3258,21503940.0
AWI,sp600,2014,249,1.1567,0.1873,0.2716,0.0033,2.2811,46316037.0
AWI,sp600,2015,249,0.9065,0.2872,0.22,0.0455,2.322,31514341.0
AWI,sp600,2016,249,1.2634,0.2705,0.2698,0.0637,2.4409,23373343.0
AWI,sp600,2017,248,1.0362,0.074,0.2467,0.1391,1.9478,22132105.0
AWI,sp600,2018,248,0.8245,0.3375,0.1981,0.0158,2.2631,26496694.0
AWI,sp600,2019,249,0.8168,0.2113,0.1881,0.0202,1.9198,34102138.0
AWI,sp600,2020,250,1.1796,0.5377,0.37,0.0068,3.5977,33341556.0
AWI,sp600,2021,249,1.0256,0.2489,0.231,0.0113,2.3436,24873370.0
AWI,sp600,2022,248,0.8858,0.5476,0.1958,0.0067,2.5769,29631515.0
AWI,sp600,2023,247,1.1545,0.3428,0.2087,0.0123,2.1027,31308723.0
AWI,sp600,2024,249,0.9665,0.2582,0.2065,0.021,1.961,34998779.0
AWR,sp600,2012,246,0.6289,0.1962,0.162,0.0611,1.8014,3241251.0
AWR,sp600,2013,249,1.0876,0.2739,0.1923,0.0586,1.935,4945564.0
AWR,sp600,2014,249,0.8293,0.1775,0.2012,0.2022,2.0231,3890637.0
AWR,sp600,2015,249,0.7193,0.2371,0.1987,0.055,2.1472,5592359.0
AWR,sp600,2016,249,0.5068,0.0584,0.2648,0.1112,2.2761,6097169.0
AWR,sp600,2017,248,0.6376,0.0447,0.1984,0.076,2.0149,5799197.0
AWR,sp600,2018,248,0.5913,0.1975,0.2044,0.0083,2.0582,11888581.0
AWR,sp600,2019,249,0.2784,0.0403,0.1619,0.5034,1.6742,13940373.0
AWR,sp600,2020,250,0.9158,0.3729,0.4017,0.0726,3.1669,17082185.0
AWR,sp600,2021,249,0.4583,0.1083,0.1705,0.3226,1.8618,13274806.0
AWR,sp600,2022,248,0.5088,0.1936,0.2526,0.1001,2.4368,14483532.0
AWR,sp600,2023,247,0.6263,0.1342,0.2077,0.0552,1.9613,15139258.0
AWR,sp600,2024,249,0.2848,0.0305,0.2025,0.0307,1.7755,16015991.0
AX,sp600,2012,246,0.6648,0.148,0.2031,0.0828,2.2034,1381395.0
AX,sp600,2013,249,1.1164,0.1063,0.3515,0.1463,2.9905,9439855.0
AX,sp600,2014,249,1.1927,0.1292,0.349,0.1105,3.1751,18156851.0
AX,sp600,2015,249,1.0238,0.0717,0.5676,0.0866,3.3972,32048569.0
AX,sp600,2016,249,1.7148,0.1689,0.4947,0.0416,4.485,23311776.0
AX,sp600,2017,248,1.7465,0.1359,0.2963,0.0428,3.1897,19989348.0
AX,sp600,2018,248,0.9639,0.2434,0.2914,0.0073,2.9572,22051376.0
AX,sp600,2019,249,1.4572,0.3062,0.2614,0.0051,2.5358,9656154.0
AX,sp600,2020,250,1.4901,0.5243,0.4801,0.0036,4.5795,9082121.0
AX,sp600,2021,249,1.205,0.2461,0.2734,0.0239,2.8074,12372588.0
AX,sp600,2022,248,1.2332,0.5144,0.2914,0.0108,3.4172,14063906.0
AX,sp600,2023,247,2.2007,0.3032,0.4356,0.0288,3.7696,24568892.0
AX,sp600,2024,249,1.175,0.1356,0.3739,0.0458,3.1821,34546045.0
AZTA,sp600,2012,246,1.3995,0.2873,0.2806,0.0087,2.9004,2755531.0
AZTA,sp600,2013,249,1.627,0.4559,0.193,0.0104,2.3996,2217869.0
AZTA,sp600,2014,249,1.3127,0.2783,0.2383,0.0673,2.73,3410644.0
AZTA,sp600,2015,249,1.0576,0.2698,0.268,0.0323,2.9976,2332868.0
AZTA,sp600,2016,249,1.272,0.3044,0.2501,0.0872,2.8855,3590379.0
AZTA,sp600,2017,248,2.9337,0.1872,0.4113,0.0388,3.483,17573151.0
AZTA,sp600,2018,248,1.6248,0.2984,0.4273,0.0157,3.9813,22155223.0
AZTA,sp600,2019,249,2.0931,0.3095,0.3727,0.0282,3.4324,18639059.0
AZTA,sp600,2020,250,1.3041,0.5224,0.4218,0.0264,4.2266,23519187.0
AZTA,sp600,2021,249,2.1379,0.2846,0.4395,0.0832,4.1568,65563004.0
AZTA,sp600,2022,248,1.5846,0.4568,0.4203,0.0022,4.3642,42912519.0
AZTA,sp600,2023,247,1.3707,0.1206,0.4833,0.1429,3.1463,44508681.0
AZTA,sp600,2024,249,0.9321,0.0967,0.359,0.1095,3.2857,29725937.0
AZZ,sp600,2012,246,1.4504,0.2592,0.3122,0.0253,2.4343,3382703.0
AZZ,sp600,2013,249,1.3576,0.2732,0.2405,0.0686,2.2756,6308691.0
AZZ,sp600,2014,249,1.1455,0.1854,0.2707,0.029,2.3247,4983297.0
AZZ,sp600,2015,249,1.026,0.2961,0.2436,0.1258,2.5594,6047480.0
AZZ,sp600,2016,249,1.2756,0.2871,0.2615,0.0343,2.4329,7050549.0
AZZ,sp600,2017,248,1.7367,0.1622,0.2655,0.0795,2.2933,5515009.0
AZZ,sp600,2018,248,0.8644,0.2072,0.29,0.0401,2.5919,6445116.0
AZZ,sp600,2019,249,1.4389,0.271,0.2813,0.0203,2.5593,5766166.0
AZZ,sp600,2020,250,1.1177,0.4239,0.4408,0.0325,3.8725,5759509.0
AZZ,sp600,2021,249,0.8673,0.1803,0.2398,0.0863,2.3605,5848913.0
AZZ,sp600,2022,248,0.8791,0.2686,0.3528,0.0433,2.7513,5760273.0
AZZ,sp600,2023,247,1.0758,0.242,0.2485,0.0114,2.3567,4946365.0
AZZ,sp600,2024,249,1.5492,0.2852,0.3091,0.0592,2.9671,17175460.0
BANC,sp600,2012,246,0.8495,0.125,0.2862,0.1572,3.2074,188649.0
BANC,sp600,2013,249,0.8701,0.1309,0.2435,0.0678,2.4912,806082.0
BANC,sp600,2014,249,0.8231,0.1339,0.236,0.0501,2.1902,1701526.0
BANC,sp600,2015,249,0.6582,0.1819,0.215,0.077,2.1336,1980014.0
BANC,sp600,2016,249,0.8028,0.0411,0.5045,0.2404,3.1414,12474753.0
BANC,sp600,2017,248,2.1386,0.1481,0.345,0.0772,3.045,17139932.0
BANC,sp600,2018,248,0.6996,0.1839,0.2527,0.1278,2.5803,8395099.0
BANC,sp600,2019,249,1.1548,0.2144,0.2635,0.0035,2.5665,4652297.0
BANC,sp600,2020,250,1.4237,0.3464,0.6615,0.0667,5.3841,3078787.0
BANC,sp600,2021,249,1.1277,0.2116,0.2822,0.0173,3.0332,4607538.0
BANC,sp600,2022,248,0.8204,0.4029,0.2429,0.0201,2.5929,4866338.0
BANC,sp600,2023,247,1.679,0.2445,0.3854,0.0571,3.6495,15045476.0
BANC,sp600,2024,249,1.4712,0.2163,0.353,0.0282,3.1582,31119368.0
BANF,sp600,2012,246,1.0394,0.3687,0.1732,0.1069,2.1711,628368.0
BANF,sp600,2013,249,0.8252,0.2697,0.1475,0.1104,1.8661,710556.0
BANF,sp600,2014,249,0.9122,0.2968,0.1583,0.0762,2.1223,1102697.0
BANF,sp600,2015,249,0.926,0.3771,0.1833,0.0692,2.4035,1022067.0
BANF,sp600,2016,249,1.0991,0.3405,0.199,0.0091,2.4157,1666403.0
BANF,sp600,2017,248,1.7131,0.2079,0.225,0.0317,2.4714,2038108.0
BANF,sp600,2018,248,0.7459,0.3002,0.1953,0.0333,2.4827,2145997.0
BANF,sp600,2019,249,1.0465,0.3596,0.1665,0.0112,1.868,2389299.0
BANF,sp600,2020,250,1.3704,0.3762,0.5969,0.055,4.4139,4929106.0
BANF,sp600,2021,249,0.836,0.1454,0.2628,0.1018,2.6679,5673961.0
BANF,sp600,2022,248,0.4798,0.1496,0.2782,0.0525,2.5086,11395363.0
BANF,sp600,2023,247,1.1418,0.1948,0.3031,0.0084,2.8838,7554683.0
BANF,sp600,2024,249,1.0985,0.1807,0.2948,0.0281,2.5446,8514729.0
BANR,sp600,2012,246,1.3077,0.3567,0.2236,0.0124,2.4342,2688641.0
BANR,sp600,2013,249,1.0215,0.2969,0.1707,0.0236,2.0809,2790361.0
BANR,sp600,2014,249,1.1395,0.3112,0.1911,0.0508,2.2558,2680207.0
BANR,sp600,2015,249,0.9514,0.3369,0.2056,0.0922,2.4901,3209066.0
BANR,sp600,2016,249,1.3275,0.4902,0.1761,0.0079,2.3553,6866691.0
BANR,sp600,2017,248,1.6501,0.2403,0.1974,0.0241,2.1985,6220996.0
BANR,sp600,2018,248,0.7251,0.2709,0.204,0.0662,2.2914,8193401.0
BANR,sp600,2019,249,1.1092,0.2728,0.2159,0.0316,2.2669,7743515.0
BANR,sp600,2020,250,1.4688,0.4956,0.5012,0.0186,4.6164,6698925.0
BANR,sp600,2021,249,1.1979,0.2337,0.2813,0.0339,2.9707,7448375.0
BANR,sp600,2022,248,0.7018,0.3776,0.2192,0.0188,2.6974,9208160.0
BANR,sp600,2023,247,1.4478,0.2646,0.3152,0.017,3.1913,8897557.0
BANR,sp600,2024,249,1.1601,0.2019,0.2907,0.0271,2.8396,10423973.0
BBT,sp600,2012,246,1.0565,0.3325,0.1906,0.0567,2.2958,947593.0
BBT,sp600,2013,249,0.9072,0.2971,0.1515,0.077,1.7967,1398171.0
BBT,sp600,2014,249,0.8262,0.2425,0.1646,0.0661,1.8555,1539532.0
BBT,sp600,2015,249,0.7422,0.3575,0.1533,0.1039,1.8266,2253517.0
BBT,sp600,2016,249,1.0192,0.3991,0.1627,0.0105,1.8956,2570234.0
BBT,sp600,2017,248,1.3492,0.2109,0.1756,0.0289,1.9113,5789212.0
BBT,sp600,2018,248,0.7187,0.2736,0.2008,0.0299,2.0928,8035503.0
BBT,sp600,2019,249,1.169,0.292,0.217,0.018,2.1556,5823504.0
BBT,sp600,2020,250,1.4566,0.3585,0.6591,0.042,5.3671,4987585.0
BBT,sp600,2021,249,0.9768,0.1274,0.3314,0.0312,3.2151,6970142.0
BBT,sp600,2022,248,0.7914,0.4426,0.2161,0.031,2.504,7391829.0
BBT,sp600,2023,247,1.4282,0.2389,0.3328,0.0085,2.8392,5396935.0
BBT,sp600,2024,249,0.8998,0.1396,0.2815,0.049,2.4151,6604256.0
BCC,sp600,2013,224,1.1585,0.1356,0.327,0.1073,2.8784,6178730.0
BCC,sp600,2014,249,1.4352,0.339,0.2259,0.011,2.5237,7542629.0
BCC,sp600,2015,249,1.0445,0.1947,0.3272,0.0083,3.085,9469792.0
BCC,sp600,2016,249,2.1251,0.2331,0.5013,0.0248,4.0496,6552150.0
BCC,sp600,2017,248,1.7007,0.1548,0.2674,0.0342,2.8999,8192651.0
BCC,sp600,2018,248,0.8338,0.1976,0.2881,0.0335,3.1527,11836603.0
BCC,sp600,2019,249,1.1275,0.1794,0.2875,0.1586,2.8368,6084678.0
BCC,sp600,2020,250,1.409,0.5608,0.4218,0.0184,4.3287,8713706.0
BCC,sp600,2021,249,1.644,0.244,0.3752,0.0106,3.5185,16568555.0
BCC,sp600,2022,248,1.27,0.3045,0.4669,0.0218,4.1746,20614837.0
BCC,sp600,2023,247,1.3422,0.3051,0.2645,0.015,2.7041,24136000.0
BCC,sp600,2024,249,1.5051,0.2473,0.331,0.0426,3.0631,39156937.0
BCPC,sp600,2012,246,1.0411,0.1283,0.3455,0.1832,2.8567,4073198.0
BCPC,sp600,2013,249,1.3139,0.2933,0.2215,0.0443,2.6298,3498957.0
BCPC,sp600,2014,249,1.241,0.1666,0.3129,0.0978,2.8614,7284123.0
BCPC,sp600,2015,249,0.8122,0.1675,0.2789,0.1285,2.9771,8443951.0
BCPC,sp600,2016,249,0.8798,0.1312,0.2944,0.2059,2.8554,7571040.0
BCPC,sp600,2017,248,1.2175,0.1771,0.1766,0.0065,2.0931,7420590.0
BCPC,sp600,2018,248,0.7183,0.286,0.1946,0.0473,2.4058,9837075.0
BCPC,sp600,2019,249,1.4819,0.3513,0.24,0.0094,2.5342,10409954.0
BCPC,sp600,2020,250,0.8271,0.458,0.3044,0.0603,3.1888,12982738.0
BCPC,sp600,2021,249,0.5992,0.1155,0.215,0.0727,2.1898,15266510.0
BCPC,sp600,2022,248,0.8055,0.4733,0.2067,0.0097,2.5634,13902300.0
BCPC,sp600,2023,247,1.0627,0.3018,0.211,0.0263,2.212,12231396.0
BCPC,sp600,2024,249,1.0065,0.3032,0.1923,0.018,1.9931,17828890.0
BFAM,sp600,2013,232,1.0446,0.1571,0.27,0.0914,2.8764,4554972.0
BFAM,sp600,2014,249,0.7089,0.1711,0.1759,0.0043,2.0789,7120631.0
BFAM,sp600,2015,249,0.7528,0.2865,0.183,0.0533,2.0609,10421532.0
BFAM,sp600,2016,249,0.814,0.2441,0.1863,0.0402,1.8565,15852769.0
BFAM,sp600,2017,248,0.7269,0.1121,0.1376,0.0628,1.3423,21577784.0
BFAM,sp600,2018,248,0.7367,0.4228,0.1476,0.0067,1.7662,26044133.0
BFAM,sp600,2019,249,0.6451,0.1848,0.1615,0.0523,1.7032,33970568.0
BFAM,sp600,2020,250,1.167,0.3669,0.5185,0.058,3.81,68397622.0
BFAM,sp600,2021,249,0.5432,0.0397,0.3463,0.2959,2.6805,55260890.0
BFAM,sp600,2022,248,0.9963,0.318,0.3549,0.0007,3.5386,42684582.0
BFAM,sp600,2023,247,1.1268,0.1908,0.303,0.0295,2.6798,35102230.0
BFAM,sp600,2024,249,0.6842,0.0675,0.3206,0.1544,2.3422,47588945.0
BFH,sp600,2012,246,0.709,0.3611,0.1201,0.0528,1.6252,63884325.0
BFH,sp600,2013,249,0.8548,0.3079,0.1392,0.0186,1.7339,94444307.0
BFH,sp600,2014,249,1.4866,0.3676,0.2198,0.077,2.1725,159698850.0
BFH,sp600,2015,249,1.0746,0.5334,0.1548,0.0172,1.9112,104516413.0
BFH,sp600,2016,249,1.2264,0.1843,0.3355,0.1272,2.6089,142992221.0
BFH,sp600,2017,248,1.5249,0.1807,0.2185,0.0176,1.9343,121052140.0
BFH,sp600,2018,248,1.031,0.358,0.2368,0.04,2.3829,112951285.0
BFH,sp600,2019,249,1.2464,0.1845,0.3123,0.0802,2.4477,101467613.0
BFH,sp600,2020,250,1.763,0.3377,0.8351,0.0024,6.322,67175166.0
BFH,sp600,2021,249,1.5268,0.1908,0.4077,0.0767,4.0601,73213378.0
BFH,sp600,2022,248,1.5103,0.4769,0.3848,0.0106,4.4438,40293758.0
BFH,sp600,2023,247,1.9116,0.2702,0.4101,0.0167,3.9137,25474499.0
BFH,sp600,2024,249,1.3377,0.1313,0.4336,0.0671,3.5988,37142332.0
BFS,sp600,2012,246,0.5949,0.1967,0.1531,0.0359,1.8517,957727.0
BFS,sp600,2013,249,0.9759,0.2679,0.1752,0.0067,2.0258,654997.0
BFS,sp600,2014,249,0.7574,0.2189,0.1613,0.063,1.8987,821746.0
BFS,sp600,2015,249,0.8221,0.3395,0.1766,0.0443,2.1766,1039768.0
BFS,sp600,2016,249,0.8462,0.219,0.2078,0.0113,2.2529,1206742.0
BFS,sp600,2017,248,0.8081,0.0851,0.1782,0.3695,2.0949,1247282.0
BFS,sp600,2018,248,0.6079,0.126,0.2746,0.0321,2.924,1240419.0
BFS,sp600,2019,249,0.9105,0.1963,0.2196,0.0836,2.4528,1702199.0
BFS,sp600,2020,250,1.4613,0.4802,0.5143,0.0134,4.744,1533609.0
BFS,sp600,2021,249,1.0293,0.213,0.2565,0.0575,2.5274,1247531.0
BFS,sp600,2022,248,0.8584,0.472,0.2208,0.0009,2.5444,1344874.0
BFS,sp600,2023,247,1.0166,0.2467,0.232,0.0172,2.3503,1147461.0
BFS,sp600,2024,249,0.5803,0.1272,0.1915,0.0393,1.8455,1704629.0
BGC,sp600,2012,246,1.4017,0.2162,0.3398,0.0402,3.1249,3100006.0
BGC,sp600,2013,249,1.074,0.0542,0.4875,0.0215,3.0167,4449378.0
BGC,sp600,2014,249,1.2938,0.2723,0.2385,0.0193,2.6104,4987551.0
BGC,sp600,2015,249,1.2385,0.3304,0.2716,0.048,2.8006,7423325.0
BGC,sp600,2016,249,1.1538,0.4962,0.1512,0.0144,2.0304,7808256.0
BGC,sp600,2017,248,1.3,0.1802,0.1866,0.0286,1.817,15642603.0
BGC,sp600,2018,248,0.9337,0.3169,0.2351,0.0109,2.7628,21667816.0
BGC,sp600,2019,249,1.1188,0.1998,0.2668,0.062,2.7873,9155886.0
BGC,sp600,2020,250,1.3628,0.355,0.6213,0.0462,5.6692,10355923.0
BGC,sp600,2021,249,1.2799,0.1859,0.3472,0.066,3.7325,15583823.0
BGC,sp600,2022,248,1.1808,0.4489,0.3182,0.01,3.9252,7173228.0
BGC,sp600,2023,247,1.1047,0.1122,0.4056,0.033,3.5673,11142463.0
BGC,sp600,2024,249,1.0458,0.1448,0.3204,0.0056,2.9994,30454277.0
BHE,sp600,2012,246,1.7717,0.5021,0.2246,0.0073,2.7817,3681349.0
BHE,sp600,2013,249,1.2583,0.4097,0.1641,0.0149,1.888,4510993.0
BHE,sp600,2014,249,1.0839,0.2946,0.189,0.0472,2.0031,5664837.0
BHE,sp600,2015,249,0.7294,0.2152,0.2145,0.0617,2.0169,5857967.0
BHE,sp600,2016,249,1.1852,0.3286,0.2203,0.009,2.1035,5915829.0
BHE,sp600,2017,248,1.6794,0.2066,0.2214,0.0099,1.9973,7968666.0
BHE,sp600,2018,248,0.5906,0.0955,0.3117,0.0758,2.4187,9262626.0
BHE,sp600,2019,249,1.198,0.3012,0.2175,0.0322,2.075,7238751.0
BHE,sp600,2020,250,1.1022,0.3139,0.5512,0.0458,4.0744,5152529.0
BHE,sp600,2021,249,1.1952,0.3011,0.2361,0.0413,2.4559,4994043.0
BHE,sp600,2022,248,0.7938,0.3986,0.2372,0.0544,2.6735,3901379.0
BHE,sp600,2023,247,0.6373,0.0898,0.2649,0.1293,2.2153,4128007.0
BHE,sp600,2024,249,1.8278,0.3114,0.3425,0.0498,2.7908,11302340.0
BJRI,sp600,2012,246,0.9714,0.1346,0.3136,0.0615,2.675,15668762.0
BJRI,sp600,2013,249,0.8284,0.078,0.3093,0.0171,2.6162,10829707.0
BJRI,sp600,2014,249,1.0245,0.0642,0.4408,0.0886,3.126,14259928.0
BJRI,sp600,2015,249,0.6761,0.1105,0.2955,0.1577,2.688,15831517.0
BJRI,sp600,2016,249,0.8221,0.1452,0.2595,0.0358,2.5042,13000757.0
BJRI,sp600,2017,248,0.7852,0.0384,0.2644,0.1823,2.7143,15425718.0
BJRI,sp600,2018,248,0.7083,0.1117,0.3426,0.0531,3.3387,23193301.0
BJRI,sp600,2019,249,1.2071,0.1302,0.3719,0.0087,3.3113,20607701.0
BJRI,sp600,2020,250,2.0974,0.3625,0.9409,0.0361,7.4969,14502147.0
BJRI,sp600,2021,249,1.1021,0.0818,0.4788,0.1372,4.6107,14460785.0
BJRI,sp600,2022,248,1.3501,0.3347,0.463,0.0878,5.0642,9728888.0
BJRI,sp600,2023,247,1.1369,0.1306,0.383,0.0176,3.6031,10039729.0
BJRI,sp600,2024,249,1.2356,0.1332,0.3973,0.0662,3.5195,12572709.0
BKE,sp600,2012,246,0.9851,0.1652,0.2819,0.0449,2.6394,4821095.0
BKE,sp600,2013,249,0.8946,0.1742,0.2115,0.0637,2.0984,3746121.0
BKE,sp600,2014,249,0.8428,0.1725,0.2081,0.0366,2.2673,4234801.0
BKE,sp600,2015,249,0.7089,0.135,0.2764,0.0711,2.6216,4774827.0
BKE,sp600,2016,249,1.0234,0.1248,0.3524,0.0783,3.3303,4341001.0
BKE,sp600,2017,248,1.0164,0.0229,0.447,0.2975,4.163,4058497.0
BKE,sp600,2018,248,0.6947,0.0723,0.4269,0.3115,4.2359,5300055.0
BKE,sp600,2019,249,0.9011,0.0554,0.4437,0.3803,3.4366,5635188.0
BKE,sp600,2020,250,1.107,0.3059,0.564,0.0778,5.1625,6251717.0
BKE,sp600,2021,249,1.4175,0.1637,0.4153,0.0532,4.1901,13299597.0
BKE,sp600,2022,248,1.0626,0.3419,0.3586,0.0093,3.8923,13274215.0
BKE,sp600,2023,247,0.8242,0.1296,0.2789,0.0418,2.5301,11152196.0
BKE,sp600,2024,249,1.058,0.1767,0.2879,0.014,2.6178,14302847.0
BKU,sp600,2012,246,0.6698,0.1427,0.209,0.0997,1.7777,3881426.0
BKU,sp600,2013,249,0.6973,0.158,0.1748,0.1272,1.6969,11088629.0
BKU,sp600,2014,249,0.89,0.3046,0.1516,0.0778,1.7288,15249227.0
BKU,sp600,2015,249,0.9995,0.4715,0.163,0.0151,1.921,19146714.0
BKU,sp600,2016,249,1.5042,0.4384,0.2214,0.0331,2.2584,23137894.0
BKU,sp600,2017,248,1.4211,0.1704,0.211,0.0676,1.9658,22748210.0
BKU,sp600,2018,248,0.7925,0.294,0.2106,0.0229,2.336,27852015.0
BKU,sp600,2019,249,1.0643,0.2799,0.2035,0.0011,1.9592,18488970.0
BKU,sp600,2020,250,1.4536,0.3732,0.6373,0.0453,4.9995,19606529.0
BKU,sp600,2021,249,1.3622,0.2523,0.304,0.0169,3.003,21532504.0
BKU,sp600,2022,248,0.9784,0.4765,0.2494,0.0032,2.826,25784540.0
BKU,sp600,2023,247,2.1248,0.2845,0.4399,0.0232,4.0943,21712507.0
BKU,sp600,2024,249,1.194,0.1619,0.3423,0.0345,3.0056,24077648.0
BL,sp600,2017,248,1.3886,0.0718,0.3359,0.0538,3.161,8349146.0
BL,sp600,2018,248,1.1702,0.2208,0.377,0.0135,3.6977,19964086.0
BL,sp600,2019,249,1.1789,0.0984,0.4253,0.1101,3.2538,24625852.0
BL,sp600,2020,250,0.8202,0.2559,0.4731,0.023,4.5955,43060429.0
BL,sp600,2021,249,1.2469,0.2256,0.2995,0.0191,3.4724,56238601.0
BL,sp600,2022,248,1.5789,0.4017,0.4688,0.0085,4.6917,42055264.0
BL,sp600,2023,247,1.928,0.3975,0.3099,0.0131,3.281,33785390.0
BL,sp600,2024,249,1.1893,0.1762,0.3241,0.0537,2.8673,47547998.0
BLFS,sp600,2012,246,0.8292,0.0017,2.5909,0.837,9.8905,2879.0
BLFS,sp600,2013,249,-0.0327,0.0,1.2748,0.9983,8.2003,22749.0
BLFS,sp600,2014,249,0.2071,0.0011,0.7041,0.7696,6.3405,139365.0
BLFS,sp600,2015,249,0.6884,0.0177,0.7896,0.5249,7.0415,494783.0
BLFS,sp600,2016,249,0.7764,0.0224,0.6669,0.4275,5.4051,275965.0
BLFS,sp600,2017,248,0.2523,0.0009,0.5578,0.7919,5.3888,464586.0
BLFS,sp600,2018,248,0.9833,0.0462,0.7664,0.3062,7.0036,3048871.0
BLFS,sp600,2019,249,1.2516,0.0659,0.5619,0.033,5.6093,2948980.0
BLFS,sp600,2020,250,1.2109,0.2747,0.6655,0.0414,6.4125,6245453.0
BLFS,sp600,2021,249,1.4277,0.0955,0.5697,0.0962,5.5521,15954056.0
BLFS,sp600,2022,248,2.2229,0.3402,0.753,0.0077,7.2334,7859694.0
BLFS,sp600,2023,247,1.8407,0.1156,0.6647,0.1308,5.8569,6802816.0
BLFS,sp600,2024,249,1.7323,0.1689,0.4842,0.0736,5.2666,8132452.0
BLKB,sp600,2012,246,1.0275,0.2385,0.2337,0.0517,2.7222,5544171.0
BLKB,sp600,2013,249,0.9135,0.1359,0.2502,0.0652,2.2867,5395383.0
BLKB,sp600,2014,249,0.903,0.1933,0.208,0.0303,2.3237,6797321.0
BLKB,sp600,2015,249,0.8876,0.2689,0.2255,0.0378,2.4838,10748580.0
BLKB,sp600,2016,249,1.4715,0.4054,0.2318,0.0255,2.6623,15289240.0
BLKB,sp600,2017,248,1.5378,0.1778,0.2225,0.0754,2.1576,24995669.0
BLKB,sp600,2018,248,1.2111,0.3153,0.306,0.0112,3.2357,30788489.0
BLKB,sp600,2019,249,1.4774,0.3412,0.2447,0.0731,2.7466,20574445.0
BLKB,sp600,2020,250,1.0228,0.3494,0.4721,0.0487,4.3233,24606426.0
BLKB,sp600,2021,249,1.1009,0.1857,0.2989,0.0187,3.0348,19669933.0
BLKB,sp600,2022,248,0.9935,0.3335,0.3416,0.0331,3.7728,20775895.0
BLKB,sp600,2023,247,1.0064,0.2597,0.2219,0.0725,2.1904,13813635.0
BLKB,sp600,2024,249,1.0564,0.1613,0.3036,0.0181,2.1602,17840777.0
BMI,sp600,2012,246,1.2903,0.2401,0.2922,0.0039,2.5025,2977337.0
BMI,sp600,2013,249,1.7484,0.357,0.2548,0.0604,2.4122,2713186.0
BMI,sp600,2014,249,1.2724,0.3299,0.2044,0.0461,2.4096,2129430.0
BMI,sp600,2015,249,0.7589,0.2346,0.2112,0.0157,2.2295,3925861.0
BMI,sp600,2016,249,0.917,0.2016,0.2374,0.0352,2.3162,5310439.0
BMI,sp600,2017,248,1.5909,0.1637,0.242,0.0103,1.9263,4790350.0
BMI,sp600,2018,248,0.8868,0.2984,0.2332,0.0185,2.2728,5946031.0
BMI,sp600,2019,249,0.907,0.1683,0.2403,0.0119,2.1906,8840657.0
BMI,sp600,2020,250,1.1428,0.5696,0.3361,0.0177,3.2526,10628406.0
BMI,sp600,2021,249,1.3544,0.3459,0.2415,0.0211,2.5278,13995979.0
BMI,sp600,2022,248,0.9744,0.5022,0.236,0.0293,2.7036,12216631.0
BMI,sp600,2023,247,0.7756,0.1314,0.2604,0.1053,2.4362,21388301.0
BMI,sp600,2024,249,1.2289,0.2604,0.261,0.0206,2.2028,33707749.0
BNL,sp600,2021,249,0.6049,0.1271,0.2056,0.032,2.4093,19702178.0
BNL,sp600,2022,248,0.7504,0.4184,0.2152,0.0049,2.5587,11780948.0
BNL,sp600,2023,247,0.9693,0.2807,0.2026,0.0188,2.124,13255653.0
BNL,sp600,2024,249,0.4933,0.0897,0.198,0.0757,1.8036,16441740.0
BOH,sp600,2012,246,0.8638,0.4261,0.1276,0.0441,1.5668,10830971.0
BOH,sp600,2013,249,0.8139,0.331,0.1257,0.0206,1.41,8108326.0
BOH,sp600,2014,249,0.9717,0.4072,0.1322,0.001,1.5841,8550349.0
BOH,sp600,2015,249,0.8766,0.4606,0.1461,0.0237,1.7655,10210462.0
BOH,sp600,2016,249,1.1902,0.4905,0.1578,0.0185,1.8107,11606243.0
BOH,sp600,2017,248,1.6186,0.2998,0.1664,0.0046,1.7359,11311140.0
BOH,sp600,2018,248,0.6419,0.3562,0.148,0.0161,1.8904,14577962.0
BOH,sp600,2019,249,0.8736,0.318,0.1525,0.0031,1.5941,12396766.0
BOH,sp600,2020,250,1.1645,0.4596,0.4271,0.0079,3.5708,13874063.0
BOH,sp600,2021,249,1.0106,0.2244,0.2436,0.0605,2.2264,14563311.0
BOH,sp600,2022,248,0.7014,0.4272,0.1976,0.0107,2.1875,12377567.0
BOH,sp600,2023,247,1.8308,0.2047,0.4711,0.0546,4.1538,29550185.0
BOH,sp600,2024,249,0.7895,0.1066,0.2881,0.0457,2.6332,19190024.0
BOOT,sp600,2015,249,0.8751,0.0485,0.5969,0.2943,4.5597,7615385.0
BOOT,sp600,2016,249,1.837,0.0898,0.7605,0.1696,6.2752,3674295.0
BOOT,sp600,2017,248,1.168,0.0161,0.6137,0.3292,5.1671,3673068.0
BOOT,sp600,2018,248,1.3421,0.1912,0.4734,0.0135,4.5579,17391367.0
BOOT,sp600,2019,249,1.7798,0.2095,0.4121,0.0237,4.3147,25713574.0
BOOT,sp600,2020,250,1.5523,0.3118,0.7801,0.1498,6.5593,24484012.0
BOOT,sp600,2021,249,1.8992,0.2555,0.4203,0.0379,4.3807,37414123.0
BOOT,sp600,2022,248,1.5829,0.4221,0.4505,0.0097,4.9968,48269087.0
BOOT,sp600,2023,247,1.3942,0.162,0.414,0.0272,3.6065,60921897.0
BOOT,sp600,2024,249,1.3719,0.1395,0.4293,0.0655,3.3561,88059942.0
BOX,sp600,2015,234,0.7365,0.053,0.4784,0.0925,4.2768,16414160.0
BOX,sp600,2016,249,1.7924,0.2846,0.3696,0.0677,3.872,12794386.0
BOX,sp600,2017,248,1.9937,0.1806,0.2857,0.1162,2.7252,32038961.0
BOX,sp600,2018,248,1.5894,0.2694,0.4489,0.0523,3.9855,76558676.0
BOX,sp600,2019,249,1.4444,0.1775,0.3707,0.0391,2.9575,37679121.0
BOX,sp600,2020,250,0.8012,0.2541,0.4644,0.0081,4.281,39095949.0
BOX,sp600,2021,249,0.9571,0.1018,0.3687,0.4159,3.3141,63832977.0
BOX,sp600,2022,248,1.0607,0.4676,0.2753,0.0259,3.2209,41803822.0
BOX,sp600,2023,247,0.7667,0.0992,0.3016,0.0474,2.1654,43159089.0
BOX,sp600,2024,249,0.5342,0.0599,0.2668,0.0393,2.0291,58537608.0
BRC,sp600,2012,246,1.1726,0.3938,0.1852,0.0175,2.0879,6440962.0
BRC,sp600,2013,249,0.9873,0.279,0.1724,0.0401,1.7435,5232474.0
BRC,sp600,2014,249,1.0733,0.1658,0.2714,0.0435,2.2489,5264673.0
BRC,sp600,2015,249,0.9433,0.2157,0.2771,0.1445,2.2323,4621822.0
BRC,sp600,2016,249,0.8993,0.1737,0.2551,0.0803,2.098,5919673.0
BRC,sp600,2017,248,1.3887,0.1965,0.189,0.1188,1.8541,6330710.0
BRC,sp600,2018,248,0.7483,0.2906,0.2005,0.0273,2.1138,8926151.0
BRC,sp600,2019,249,0.9832,0.3142,0.1731,0.0145,1.8679,12678915.0
BRC,sp600,2020,250,1.1188,0.5886,0.3164,0.0034,3.2591,10507879.0
BRC,sp600,2021,249,0.8439,0.2163,0.2083,0.0108,2.2155,9592123.0
BRC,sp600,2022,248,0.6998,0.428,0.1968,0.0247,2.3605,10245286.0
BRC,sp600,2023,247,0.6502,0.1418,0.2089,0.026,1.8311,19002552.0
BRC,sp600,2024,249,0.5006,0.0792,0.2151,0.0906,1.7761,17582055.0
BTU,sp600,2017,185,1.0218,0.0489,0.3055,0.3927,2.9596,28793914.0
BTU,sp600,2018,248,0.8371,0.1753,0.3113,0.0833,3.0024,37492538.0
BTU,sp600,2019,249,1.5169,0.1147,0.5024,0.1514,4.1238,18955483.0
BTU,sp600,2020,250,1.4374,0.1215,1.3074,0.1485,11.302,8593327.0
BTU,sp600,2021,249,1.0382,0.0142,1.1218,0.4064,10.1576,58526541.0
BTU,sp600,2022,248,0.8617,0.0566,0.8555,0.1888,7.7336,149455873.0
BTU,sp600,2023,247,0.9701,0.1053,0.3691,0.0553,3.5881,76660725.0
BTU,sp600,2024,249,0.6118,0.0446,0.3569,0.1828,3.0733,68912454.0
BXMT,sp600,2012,246,0.7619,0.0325,0.5294,0.089,5.2243,33498.0
BXMT,sp600,2013,249,0.5816,0.0332,0.3407,0.087,3.1032,1743457.0
BXMT,sp600,2014,249,0.4151,0.1882,0.0972,0.0327,1.3625,4278720.0
BXMT,sp600,2015,249,0.5644,0.2676,0.1438,0.0472,1.5712,7088231.0
BXMT,sp600,2016,249,0.8767,0.3653,0.1503,0.0467,1.691,6460709.0
BXMT,sp600,2017,248,0.3932,0.0772,0.0915,0.2658,0.9927,9147982.0
BXMT,sp600,2018,248,0.3969,0.2536,0.1168,0.0133,1.1499,15790545.0
BXMT,sp600,2019,249,0.3677,0.2444,0.0771,0.0225,0.8743,14741201.0
BXMT,sp600,2020,250,1.3594,0.3547,0.6202,0.2051,4.5287,21576839.0
BXMT,sp600,2021,249,1.0451,0.3571,0.1818,0.041,2.0095,21720197.0
BXMT,sp600,2022,248,0.8221,0.4797,0.2083,0.0038,2.3484,29539884.0
BXMT,sp600,2023,247,1.4889,0.3439,0.2685,0.0331,2.8277,41204866.0
BXMT,sp600,2024,249,1.0944,0.2187,0.2607,0.0946,2.2114,28304664.0
CACC,sp600,2012,246,1.03,0.1886,0.272,0.0508,2.6703,2923118.0
CACC,sp600,2013,249,0.8803,0.1549,0.2233,0.0904,2.2319,4933757.0
CACC,sp600,2014,249,1.1268,0.2587,0.215,0.0206,2.2584,5402686.0
CACC,sp600,2015,249,0.7424,0.0643,0.4363,0.1307,3.9111,23601744.0
CACC,sp600,2016,249,1.1904,0.1344,0.3928,0.1534,4.1132,41287396.0
CACC,sp600,2017,248,1.1945,0.099,0.2424,0.1225,2.4631,53034548.0
CACC,sp600,2018,248,0.9766,0.2956,0.2585,0.0175,2.5494,41966247.0
CACC,sp600,2019,249,1.0405,0.2597,0.2094,0.0557,2.242,43828601.0
CACC,sp600,2020,250,1.178,0.3651,0.5255,0.103,5.1282,74118610.0
CACC,sp600,2021,249,0.3155,0.0092,0.4239,0.4922,3.5289,62396331.0
CACC,sp600,2022,248,1.3908,0.4574,0.3685,0.0426,4.1893,44322630.0
CACC,sp600,2023,247,1.8748,0.3259,0.3521,0.0823,3.2497,35091697.0
CACC,sp600,2024,249,1.184,0.1997,0.2988,0.0706,2.4979,29969494.0
CAG,sp600,2012,246,0.4497,0.1613,0.1305,0.1151,1.1292,62396487.0
CAG,sp600,2013,249,0.716,0.202,0.1545,0.0062,1.3566,73313602.0
CAG,sp600,2014,249,0.5351,0.1132,0.1688,0.0771,1.309,70871978.0
CAG,sp600,2015,249,0.8035,0.2586,0.2096,0.01,1.7252,83612040.0
CAG,sp600,2016,249,0.7312,0.2012,0.1895,0.0867,1.6162,88473693.0
CAG,sp600,2017,248,0.5651,0.0547,0.1581,0.1331,1.4472,87961309.0
CAG,sp600,2018,248,0.5653,0.0947,0.2997,0.1894,2.0239,123214213.0
CAG,sp600,2019,249,0.8547,0.0803,0.3449,0.0719,2.4831,109934066.0
CAG,sp600,2020,250,0.4274,0.1814,0.3071,0.0692,2.9001,90391044.0
CAG,sp600,2021,249,0.1243,0.0062,0.2032,0.6758,1.807,95255236.0
CAG,sp600,2022,248,0.3588,0.122,0.2341,0.2196,2.1348,111675078.0
CAG,sp600,2023,247,0.3177,0.0507,0.1794,0.1795,1.68,115927402.0
CAG,sp600,2024,249,0.0239,0.0002,0.218,0.9674,1.8424,121448492.0
CAKE,sp600,2012,246,1.0362,0.3435,0.1824,0.0617,1.9875,20974222.0
CAKE,sp600,2013,249,0.8333,0.2545,0.1549,0.0199,1.6475,21774088.0
CAKE,sp600,2014,249,0.8033,0.2256,0.1678,0.133,1.8089,25412608.0
CAKE,sp600,2015,249,0.644,0.2003,0.1983,0.0346,1.9318,28365601.0
CAKE,sp600,2016,249,0.8672,0.2311,0.2057,0.0279,2.0341,32979739.0
CAKE,sp600,2017,248,0.7017,0.0329,0.2561,0.1733,2.0744,45911944.0
CAKE,sp600,2018,248,0.5631,0.1119,0.272,0.0273,2.5572,39236945.0
CAKE,sp600,2019,249,0.7207,0.0951,0.2649,0.0995,2.5203,29098664.0
CAKE,sp600,2020,250,1.7561,0.4227,0.6942,0.0039,6.381,50301248.0
CAKE,sp600,2021,249,0.8237,0.0493,0.4689,0.2864,4.1813,44214067.0
CAKE,sp600,2022,248,1.2623,0.3545,0.4144,0.0334,4.4,30691355.0
CAKE,sp600,2023,247,0.8557,0.114,0.3115,0.1072,3.1213,29776603.0
CAKE,sp600,2024,249,1.1514,0.1722,0.3181,0.0439,2.8571,37149219.0
CALM,sp600,2012,246,0.4868,0.0624,0.2402,0.2021,2.1632,2911536.0
CALM,sp600,2013,249,0.6531,0.1325,0.1815,0.0943,2.0355,2259867.0
CALM,sp600,2014,249,1.3596,0.2223,0.2866,0.1109,2.7124,8854260.0
CALM,sp600,2015,249,1.0535,0.1424,0.3982,0.0275,3.5835,29339643.0
CALM,sp600,2016,249,0.4584,0.0357,0.3097,0.0586,2.9555,22132163.0
CALM,sp600,2017,248,0.6202,0.0229,0.2724,0.3305,2.5993,10700305.0
CALM,sp600,2018,248,0.4441,0.07,0.2776,0.0013,2.5561,12442502.0
CALM,sp600,2019,249,0.5582,0.0685,0.2453,0.1145,2.1938,11002600.0
CALM,sp600,2020,250,0.42,0.1371,0.3564,0.0574,3.3879,13812558.0
CALM,sp600,2021,249,0.1413,0.0068,0.2215,0.2686,2.2773,9018826.0
CALM,sp600,2022,248,0.2583,0.0282,0.3689,0.3209,3.2851,33138164.0
CALM,sp600,2023,247,0.4408,0.0322,0.3157,0.1874,2.6018,36811575.0
CALM,sp600,2024,249,0.2387,0.0146,0.2468,0.579,2.4384,36015254.0
CALX,sp600,2012,246,2.0948,0.1226,0.7134,0.1473,5.8009,3996408.0
CALX,sp600,2013,249,1.45,0.1244,0.4177,0.0545,3.3188,3689212.0
CALX,sp600,2014,249,1.35,0.1172,0.4176,0.0276,3.4558,3436589.0
CALX,sp600,2015,249,1.0213,0.1076,0.4531,0.0394,3.2997,2421246.0
CALX,sp600,2016,249,1.457,0.1944,0.3858,0.0327,3.5289,1342685.0
CALX,sp600,2017,248,1.3479,0.039,0.4502,0.1147,3.6763,1395183.0
CALX,sp600,2018,248,0.7793,0.1061,0.3879,0.0468,3.3644,2013412.0
CALX,sp600,2019,249,1.1579,0.0803,0.4672,0.0076,3.1299,2319702.0
CALX,sp600,2020,250,1.1171,0.2615,0.635,0.114,5.2429,13706326.0
CALX,sp600,2021,249,2.2865,0.2532,0.5091,0.0351,4.9218,31871053.0
CALX,sp600,2022,248,1.631,0.4051,0.4808,0.0407,5.1406,31994513.0
CALX,sp600,2023,247,1.3307,0.145,0.4219,0.1184,3.5834,32963945.0
CALX,sp600,2024,249,1.1414,0.0915,0.4534,0.1611,3.1543,25864133.0
CALY,sp600,2012,246,1.1552,0.1568,0.341,0.1003,2.9578,3125056.0
CALY,sp600,2013,249,0.7063,0.0631,0.2956,0.3385,2.2859,4639474.0
CALY,sp600,2014,249,0.7664,0.0727,0.3085,0.1236,2.6821,6981989.0
CALY,sp600,2015,249,0.9514,0.2297,0.2684,0.0482,2.5592,5891164.0
CALY,sp600,2016,249,0.9321,0.197,0.2447,0.0844,2.2955,8887836.0
CALY,sp600,2017,248,0.8564,0.0475,0.258,0.3134,1.9735,12357704.0
CALY,sp600,2018,248,0.7819,0.171,0.2952,0.105,2.5276,20498570.0
CALY,sp600,2019,249,1.3572,0.2465,0.2829,0.0342,2.5886,20351746.0
CALY,sp600,2020,250,1.5229,0.3609,0.6855,0.1149,5.4712,31001744.0
CALY,sp600,2021,249,1.6101,0.2413,0.3701,0.0177,3.6978,61749386.0
CALY,sp600,2022,248,1.366,0.4549,0.3637,0.0024,4.0488,37599016.0
CALY,sp600,2023,247,1.4585,0.183,0.4023,0.0297,3.1746,43548065.0
CALY,sp600,2024,249,1.1871,0.1086,0.4286,0.1291,3.7926,31200739.0
CARG,sp600,2018,248,1.113,0.1472,0.4595,0.006,4.8042,30023289.0
CARG,sp600,2019,249,1.2914,0.2078,0.3006,0.099,3.437,32190097.0
CARG,sp600,2020,250,1.2129,0.3558,0.552,0.0132,4.947,41401987.0
CARG,sp600,2021,249,1.3219,0.1542,0.4014,0.0262,4.0596,34522839.0
CARG,sp600,2022,248,1.7529,0.2914,0.6648,0.0146,5.5665,33222836.0
CARG,sp600,2023,247,1.3694,0.2098,0.3469,0.0143,3.0883,23625451.0
CARG,sp600,2024,249,1.3081,0.2077,0.322,0.0827,2.701,21330732.0
CASH,sp600,2012,246,0.4637,0.032,0.3248,0.1477,1.9717,73176.0
CASH,sp600,2013,249,0.4094,0.0509,0.192,0.0685,1.8524,615952.0
CASH,sp600,2014,249,1.0624,0.2052,0.2357,0.159,2.7102,631981.0
CASH,sp600,2015,249,0.6304,0.1497,0.2315,0.1331,2.7205,1425447.0
CASH,sp600,2016,249,0.7822,0.1221,0.2728,0.1467,2.6398,3248329.0
CASH,sp600,2017,248,1.8557,0.0868,0.4049,0.1406,3.1165,6454414.0
CASH,sp600,2018,248,0.6741,0.1273,0.3027,0.0326,2.9894,6765947.0
CASH,sp600,2019,249,0.8194,0.0806,0.3298,0.2274,2.7497,7565655.0
CASH,sp600,2020,250,1.4573,0.3813,0.628,0.0747,5.1301,7317846.0
CASH,sp600,2021,249,1.0849,0.1785,0.3018,0.0668,3.2511,10837610.0
CASH,sp600,2022,248,1.0649,0.3488,0.3539,0.0181,3.3757,10616305.0
CASH,sp600,2023,247,1.3661,0.2636,0.2981,0.0036,2.9089,10218262.0
CASH,sp600,2024,249,0.9121,0.1651,0.2585,0.0581,2.3769,11347473.0
CATY,sp600,2012,246,1.6036,0.4515,0.225,0.0013,2.6563,4317293.0
CATY,sp600,2013,249,1.5665,0.4525,0.1872,0.0491,2.18,4059702.0
CATY,sp600,2014,249,1.4076,0.4532,0.1743,0.0232,2.2498,6787680.0
CATY,sp600,2015,249,1.1546,0.4858,0.183,0.0351,2.2208,11022190.0
CATY,sp600,2016,249,1.4127,0.4823,0.1904,0.014,2.1689,10000084.0
CATY,sp600,2017,248,2.0221,0.3362,0.1912,0.0228,2.0864,11285037.0
CATY,sp600,2018,248,0.8348,0.3847,0.1811,0.0362,2.2218,12385367.0
CATY,sp600,2019,249,1.1473,0.3699,0.1785,0.0266,1.9519,10873397.0
CATY,sp600,2020,250,1.4303,0.5613,0.4277,0.0021,4.2524,8532217.0
CATY,sp600,2021,249,1.2258,0.2675,0.263,0.0374,2.6963,11431775.0
CATY,sp600,2022,248,0.8851,0.5342,0.201,0.0005,2.5792,11427046.0
CATY,sp600,2023,247,1.4053,0.2823,0.2926,0.0127,2.9347,13171710.0
CATY,sp600,2024,249,0.9787,0.1548,0.2882,0.0076,2.4802,12876095.0
CBRL,sp600,2012,246,0.8342,0.2924,0.1652,0.011,1.8327,7087108.0
CBRL,sp600,2013,249,0.9571,0.2347,0.1877,0.0943,1.8134,9046732.0
CBRL,sp600,2014,249,0.8123,0.2559,0.1561,0.0589,1.7999,12658579.0
CBRL,sp600,2015,249,0.6759,0.169,0.2309,0.0485,2.2787,32499903.0
CBRL,sp600,2016,249,0.6082,0.1155,0.2189,0.0327,1.9873,33783000.0
CBRL,sp600,2017,248,0.6181,0.0552,0.172,0.2576,1.7135,31567568.0
CBRL,sp600,2018,248,0.4115,0.0968,0.2155,0.1004,2.1625,41502184.0
CBRL,sp600,2019,249,0.4497,0.0748,0.1886,0.1355,1.8272,47830514.0
CBRL,sp600,2020,250,1.3477,0.348,0.624,0.01,4.9221,46791384.0
CBRL,sp600,2021,249,1.016,0.187,0.2747,0.0447,2.8813,36203784.0
CBRL,sp600,2022,248,1.0323,0.3565,0.3373,0.0236,3.4871,38859146.0
CBRL,sp600,2023,247,0.9424,0.114,0.343,0.018,3.004,43720674.0
CBRL,sp600,2024,249,0.9623,0.0612,0.4749,0.0118,4.2785,37010338.0
CBU,sp600,2012,246,1.0295,0.4624,0.1413,0.033,1.7824,3134554.0
CBU,sp600,2013,249,1.0208,0.4127,0.1322,0.0954,1.6387,2965478.0
CBU,sp600,2014,249,1.0651,0.3605,0.1599,0.0499,1.9305,3603728.0
CBU,sp600,2015,249,0.8829,0.4083,0.1637,0.0798,2.0235,4456653.0
CBU,sp600,2016,249,1.18,0.4693,0.1632,0.0163,1.876,5274631.0
CBU,sp600,2017,248,1.9421,0.3153,0.1925,0.0186,2.0841,11102145.0
CBU,sp600,2018,248,0.7499,0.3328,0.1821,0.0244,2.0964,10285563.0
CBU,sp600,2019,249,1.0122,0.3494,0.1647,0.0083,1.781,10221666.0
CBU,sp600,2020,250,0.9922,0.4294,0.3869,0.0014,3.3402,12939262.0
CBU,sp600,2021,249,0.7603,0.1662,0.2208,0.044,2.2184,13185029.0
CBU,sp600,2022,248,0.5806,0.3655,0.186,0.0411,2.1194,12313828.0
CBU,sp600,2023,247,1.4162,0.2499,0.3203,0.0186,3.0796,16198361.0
CBU,sp600,2024,249,1.0364,0.1488,0.3125,0.0024,2.6743,13632910.0
CC,sp600,2016,249,2.2828,0.1382,0.7413,0.0657,6.4411,27014566.0
CC,sp600,2017,248,3.1518,0.294,0.3286,0.0271,3.4402,77081133.0
CC,sp600,2018,248,1.2816,0.3394,0.3066,0.0403,3.3649,54686703.0
CC,sp600,2019,249,2.3367,0.2384,0.4978,0.0781,4.4043,43293494.0
CC,sp600,2020,250,1.8652,0.5115,0.6165,0.0513,6.0701,26617831.0
CC,sp600,2021,249,1.405,0.1864,0.3805,0.073,3.691,34291322.0
CC,sp600,2022,248,1.3637,0.3961,0.4096,0.0484,3.9175,45991492.0
CC,sp600,2023,247,1.7304,0.2713,0.3703,0.0438,3.1798,35307481.0
CC,sp600,2024,249,1.4607,0.0846,0.6057,0.1118,3.6987,33704460.0
CCOI,sp600,2012,246,0.9949,0.1214,0.3407,0.0514,2.946,3880324.0
CCOI,sp600,2013,249,1.1792,0.2658,0.2128,0.061,2.2428,3806709.0
CCOI,sp600,2014,249,0.8831,0.1438,0.2429,0.016,2.6849,8578106.0
CCOI,sp600,2015,249,0.6028,0.1108,0.2631,0.1771,2.5584,9213942.0
CCOI,sp600,2016,249,1.2757,0.293,0.2578,0.0009,2.7471,10326620.0
CCOI,sp600,2017,248,0.8814,0.0386,0.2959,0.1368,2.5312,9504857.0
CCOI,sp600,2018,248,0.8369,0.296,0.2214,0.0305,2.9891,9172287.0
CCOI,sp600,2019,249,0.9029,0.1874,0.2241,0.0918,2.2681,10491768.0
CCOI,sp600,2020,250,0.7407,0.2866,0.3952,0.0088,3.7157,21469992.0
CCOI,sp600,2021,249,0.9241,0.2087,0.2333,0.0788,2.4509,14295492.0
CCOI,sp600,2022,248,0.6682,0.2778,0.2621,0.013,2.8587,13897593.0
CCOI,sp600,2023,247,0.6619,0.0807,0.2917,0.0859,2.3779,18517422.0
CCOI,sp600,2024,249,0.5702,0.0489,0.3169,0.1348,2.9012,27638770.0
CCS,sp600,2015,249,0.9028,0.1628,0.3153,0.0435,3.3393,2038207.0
CCS,sp600,2016,249,1.0357,0.1546,0.315,0.0223,3.1429,1456401.0
CCS,sp600,2017,248,1.4089,0.137,0.2379,0.179,2.6458,4833801.0
CCS,sp600,2018,248,1.0071,0.2288,0.3171,0.0213,3.5127,8617956.0
CCS,sp600,2019,249,0.9397,0.1102,0.3182,0.056,2.9978,10185896.0
CCS,sp600,2020,250,1.7646,0.4085,0.7183,0.0509,5.9481,12189461.0
CCS,sp600,2021,249,2.0263,0.2726,0.4291,0.0163,4.1055,26769026.0
CCS,sp600,2022,248,1.4985,0.4669,0.3895,0.0025,4.3428,17587982.0
CCS,sp600,2023,247,1.2958,0.2486,0.2941,0.0203,2.7703,15640027.0
CCS,sp600,2024,249,1.3309,0.2031,0.3323,0.0086,2.9224,26393853.0
CE,sp600,2012,246,1.7029,0.4116,0.2592,0.0009,2.7789,55539088.0
CE,sp600,2013,249,1.4443,0.3456,0.2159,0.0553,2.1409,41892232.0
CE,sp600,2014,249,1.3457,0.5016,0.1512,0.0131,1.9256,47331328.0
CE,sp600,2015,249,1.1205,0.3108,0.257,0.0072,2.1913,54444180.0
CE,sp600,2016,249,1.439,0.4823,0.1939,0.0053,2.073,54178037.0
CE,sp600,2017,248,1.4014,0.2942,0.146,0.002,1.6161,67922961.0
CE,sp600,2018,248,0.9756,0.391,0.2088,0.0035,2.2663,101003632.0
CE,sp600,2019,249,1.3399,0.4489,0.177,0.0133,1.9169,91776400.0
CE,sp600,2020,250,1.2913,0.6386,0.3286,0.0301,3.4979,83853769.0
CE,sp600,2021,249,1.0734,0.2881,0.2188,0.0029,2.2804,104245321.0
CE,sp600,2022,248,1.1711,0.4952,0.2876,0.0192,3.1178,121874413.0
CE,sp600,2023,247,1.4673,0.3795,0.245,0.0111,2.6146,128935870.0
CE,sp600,2024,249,0.7133,0.0453,0.4128,0.1825,2.385,129466973.0
CENT,sp600,2012,246,1.0339,0.1458,0.3187,0.0674,2.7157,608518.0
CENT,sp600,2013,249,0.6093,0.0405,0.322,0.1662,2.4843,610763.0
CENT,sp600,2014,249,0.8031,0.0766,0.3144,0.1798,2.8349,505236.0
CENT,sp600,2015,249,0.9231,0.1191,0.3867,0.0469,3.8159,1316973.0
CENT,sp600,2016,249,1.194,0.1295,0.4027,0.0569,3.4477,3611587.0
CENT,sp600,2017,248,1.6986,0.1083,0.328,0.0291,2.9084,3451449.0
CENT,sp600,2018,248,0.4516,0.071,0.2801,0.3507,2.7307,4798043.0
CENT,sp600,2019,249,0.7823,0.0362,0.4809,0.0828,2.8286,3848045.0
CENT,sp600,2020,250,0.739,0.3442,0.3451,0.1158,3.4807,3147054.0
CENT,sp600,2021,249,0.906,0.152,0.2774,0.027,2.8669,3778274.0
CENT,sp600,2022,248,0.6154,0.2423,0.2647,0.0131,2.8387,1960449.0
CENT,sp600,2023,247,0.7243,0.0906,0.2996,0.0422,2.3373,2485514.0
CENT,sp600,2024,249,0.8612,0.13,0.2807,0.0402,2.5905,4674454.0
CENTA,sp600,2012,246,1.183,0.1585,0.3471,0.0739,2.922,2069966.0
CENTA,sp600,2013,249,0.9853,0.0847,0.3519,0.0729,2.8978,1537430.0
CENTA,sp600,2014,249,0.8794,0.092,0.3114,0.137,3.2575,1540792.0
CENTA,sp600,2015,249,0.8567,0.1155,0.3651,0.0377,3.6938,2732391.0
CENTA,sp600,2016,249,1.2573,0.1554,0.3812,0.0216,3.646,5255259.0
CENTA,sp600,2017,248,1.6374,0.1033,0.3246,0.0283,3.0555,6701083.0
CENTA,sp600,2018,248,0.5129,0.0925,0.2756,0.2925,2.8262,9532223.0
CENTA,sp600,2019,249,0.8676,0.0449,0.4772,0.0403,2.8848,8152945.0
CENTA,sp600,2020,250,0.7402,0.3449,0.3451,0.1372,3.4939,8277327.0
CENTA,sp600,2021,249,0.9277,0.1775,0.2589,0.033,3.0326,9318865.0
CENTA,sp600,2022,248,0.6109,0.2433,0.2621,0.0098,3.0579,6928133.0
CENTA,sp600,2023,247,0.7386,0.1039,0.2832,0.0442,2.6618,6911771.0
CENTA,sp600,2024,249,0.8939,0.1449,0.2737,0.0499,2.7307,9640702.0
CENX,sp600,2012,246,2.4566,0.4239,0.3646,0.0331,4.464,9908424.0
CENX,sp600,2013,249,1.8839,0.1744,0.4451,0.0564,3.9473,7990662.0
CENX,sp600,2014,249,1.9853,0.2339,0.405,0.0633,4.1924,20508743.0
CENX,sp600,2015,249,2.0691,0.1177,0.8726,0.1029,6.6196,23934976.0
CENX,sp600,2016,249,2.983,0.242,0.6867,0.1767,6.8975,15990535.0
CENX,sp600,2017,248,2.6297,0.0778,0.6091,0.0933,4.9511,36712137.0
CENX,sp600,2018,248,1.5959,0.1723,0.6,0.1095,5.5361,31875970.0
CENX,sp600,2019,249,2.2778,0.2442,0.4776,0.0112,4.7718,9753720.0
CENX,sp600,2020,250,1.2366,0.2538,0.7172,0.0592,6.9313,9288803.0
CENX,sp600,2021,249,2.0168,0.1083,0.7503,0.0902,6.6299,21711328.0
CENX,sp600,2022,248,2.0004,0.2751,0.7899,0.0101,6.9787,27114254.0
CENX,sp600,2023,247,2.4788,0.2756,0.5247,0.0002,5.07,12955722.0
CENX,sp600,2024,249,1.7109,0.123,0.5757,0.0599,4.971,20269779.0
CERT,sp600,2021,249,1.4029,0.0989,0.5491,0.0917,5.5073,23775088.0
CERT,sp600,2022,248,1.3006,0.242,0.56,0.0018,5.2734,13026336.0
CERT,sp600,2023,247,1.6443,0.2055,0.4221,0.0034,3.8067,19090442.0
CERT,sp600,2024,249,1.0119,0.0799,0.4329,0.0554,4.0204,11318686.0
CFFN,sp600,2012,246,0.396,0.1972,0.1017,0.0993,1.261,3950346.0
CFFN,sp600,2013,249,0.514,0.2587,0.0945,0.0965,1.2616,4463774.0
CFFN,sp600,2014,249,0.5396,0.2349,0.1098,0.1244,1.4469,3726480.0
CFFN,sp600,2015,249,0.6439,0.4578,0.1079,0.0388,1.4258,3522448.0
CFFN,sp600,2016,249,0.7169,0.3703,0.1216,0.0219,1.4482,3845033.0
CFFN,sp600,2017,248,0.9958,0.1699,0.1481,0.028,1.5047,3887363.0
CFFN,sp600,2018,248,0.5202,0.3033,0.1352,0.031,1.6891,2904308.0
CFFN,sp600,2019,249,0.6054,0.1938,0.1472,0.0601,1.5642,2533761.0
CFFN,sp600,2020,250,0.8304,0.3874,0.3532,0.0443,3.3158,5842611.0
CFFN,sp600,2021,249,0.5599,0.115,0.2014,0.0409,2.1558,4303432.0
CFFN,sp600,2022,248,0.4758,0.2072,0.2264,0.1245,2.2584,4897035.0
CFFN,sp600,2023,247,1.1116,0.1513,0.3438,0.0225,3.21,4862552.0
CFFN,sp600,2024,249,1.035,0.1416,0.3212,0.0167,2.9942,4363689.0
CHCO,sp600,2012,246,1.1184,0.423,0.1663,0.0405,2.1034,985868.0
CHCO,sp600,2013,249,1.0101,0.2956,0.1693,0.0779,2.0938,1006872.0
CHCO,sp600,2014,249,0.9791,0.3023,0.1677,0.0618,2.1202,1333349.0
CHCO,sp600,2015,249,0.8045,0.3318,0.1759,0.0936,2.0064,1824683.0
CHCO,sp600,2016,249,1.0869,0.3616,0.1878,0.0299,2.0648,2320737.0
CHCO,sp600,2017,248,1.8003,0.2752,0.1966,0.0218,2.2532,3005306.0
CHCO,sp600,2018,248,0.7306,0.3105,0.1867,0.0563,2.2625,3442046.0
CHCO,sp600,2019,249,0.9281,0.3175,0.1622,0.022,1.87,3462111.0
CHCO,sp600,2020,250,0.9428,0.4263,0.37,0.0068,3.4582,3819486.0
CHCO,sp600,2021,249,0.7453,0.1668,0.216,0.0198,2.238,3811366.0
CHCO,sp600,2022,248,0.3975,0.2179,0.1832,0.0265,2.049,5320772.0
CHCO,sp600,2023,247,0.8376,0.1844,0.23,0.0007,2.3407,6247699.0
CHCO,sp600,2024,249,0.871,0.1715,0.2413,0.0131,2.0854,6005003.0
CHEF,sp600,2012,246,1.1754,0.0982,0.4536,0.1139,4.2266,1690115.0
CHEF,sp600,2013,249,1.0722,0.1373,0.2919,0.0157,3.0337,1898970.0
CHEF,sp600,2014,249,1.0549,0.0915,0.3746,0.234,3.5432,2937269.0
CHEF,sp600,2015,249,0.8094,0.1021,0.3697,0.0243,3.8392,2102951.0
CHEF,sp600,2016,249,1.171,0.0736,0.5402,0.2874,4.2141,2340465.0
CHEF,sp600,2017,248,1.197,0.0325,0.4395,0.2136,3.7811,2823948.0
CHEF,sp600,2018,248,1.0007,0.1708,0.3781,0.0038,3.6069,7484866.0
CHEF,sp600,2019,249,0.6164,0.0522,0.3132,0.1036,2.7229,6712542.0
CHEF,sp600,2020,250,2.4816,0.3095,1.2537,0.0596,8.4713,15602525.0
CHEF,sp600,2021,249,1.3349,0.1481,0.4151,0.063,4.343,10212272.0
CHEF,sp600,2022,248,1.0321,0.2906,0.3923,0.0296,4.1059,12237841.0
CHEF,sp600,2023,247,1.4692,0.2238,0.3572,0.0835,3.2434,11297961.0
CHEF,sp600,2024,249,0.9888,0.1462,0.3012,0.0367,3.087,13500856.0
CLSK,sp600,2017,248,2.4535,0.0108,1.5787,0.2389,1.7457,540.0
CLSK,sp600,2018,248,-0.6914,0.002,2.6662,0.3111,8.5964,37903.0
CLSK,sp600,2019,249,0.0472,0.0,1.2196,0.9896,11.4685,463938.0
CLSK,sp600,2020,250,0.6152,0.0157,1.6483,0.3424,13.2193,21540490.0
CLSK,sp600,2021,249,3.2663,0.1589,0.9741,0.0225,8.9573,41989000.0
CLSK,sp600,2022,248,2.7156,0.4277,0.7642,0.022,8.9722,13028426.0
CLSK,sp600,2023,247,2.9385,0.1349,0.9715,0.0588,9.3714,66735329.0
CLSK,sp600,2024,249,3.9095,0.1929,1.008,0.0427,9.6944,459615704.0
CNK,sp600,2012,246,0.9587,0.3018,0.1856,0.0453,2.0435,17341488.0
CNK,sp600,2013,249,0.8927,0.2851,0.1535,0.0381,1.7341,13103278.0
CNK,sp600,2014,249,1.0288,0.3187,0.1696,0.05,1.8594,17331721.0
CNK,sp600,2015,249,0.7864,0.2709,0.1987,0.0459,2.0607,22706483.0
CNK,sp600,2016,249,0.8847,0.2538,0.1973,0.0759,2.0217,22110473.0
CNK,sp600,2017,248,0.9346,0.0668,0.235,0.2967,2.0595,37040931.0
CNK,sp600,2018,248,0.5648,0.1459,0.2344,0.076,2.4177,43153586.0
CNK,sp600,2019,249,0.6713,0.1203,0.2164,0.0044,2.2472,41257961.0
CNK,sp600,2020,250,1.3452,0.1235,1.2121,0.1642,8.6,90537914.0
CNK,sp600,2021,249,1.1614,0.0759,0.5256,0.0946,5.1865,75609632.0
CNK,sp600,2022,248,1.2712,0.3065,0.4651,0.0115,4.8576,39321497.0
CNK,sp600,2023,247,0.8365,0.07,0.398,0.2048,4.0099,42515675.0
CNK,sp600,2024,249,0.4302,0.0284,0.3171,0.392,3.2406,60957083.0
CNMD,sp600,2012,246,0.9785,0.3254,0.1794,0.0058,2.1158,2505824.0
CNMD,sp600,2013,249,0.8725,0.2704,0.1557,0.0027,1.8584,3223381.0
CNMD,sp600,2014,249,0.8639,0.148,0.2336,0.0333,2.3934,7420347.0
CNMD,sp600,2015,249,0.669,0.1112,0.2913,0.0543,2.3478,7049191.0
CNMD,sp600,2016,249,0.9651,0.1578,0.29,0.0476,2.7277,6783637.0
CNMD,sp600,2017,248,0.9762,0.1045,0.1922,0.1108,2.4302,5658967.0
CNMD,sp600,2018,248,0.8115,0.3041,0.2105,0.0176,2.4087,11613027.0
CNMD,sp600,2019,249,0.6763,0.1185,0.2199,0.1243,2.3852,20788694.0
CNMD,sp600,2020,250,1.4756,0.4835,0.5159,0.0826,4.4933,26926540.0
CNMD,sp600,2021,249,1.1101,0.2742,0.2342,0.0012,2.8039,30953598.0
CNMD,sp600,2022,248,1.247,0.4648,0.3255,0.02,3.555,37831947.0
CNMD,sp600,2023,247,1.3633,0.2732,0.2903,0.0433,2.8574,39687462.0
CNMD,sp600,2024,249,0.4958,0.0237,0.4007,0.22,3.2979,35317975.0
CNR,sp600,2018,248,1.0423,0.1308,0.4608,0.0846,4.7691,14252386.0
CNR,sp600,2019,249,1.5958,0.2571,0.3234,0.018,3.9746,6600156.0
CNR,sp600,2020,250,1.3879,0.1475,1.1287,0.0515,9.7476,3025990.0
CNR,sp600,2021,249,1.3656,0.0572,0.719,0.1226,6.638,8058142.0
CNR,sp600,2022,248,0.8562,0.0911,0.6578,0.0225,6.4379,34701893.0
CNR,sp600,2023,247,0.9654,0.0745,0.4443,0.2124,3.8504,46726500.0
CNR,sp600,2024,249,1.0757,0.1138,0.3783,0.0714,3.5367,46697396.0
CNS,sp600,2012,246,1.0474,0.2333,0.2417,0.0481,2.5486,2370222.0
CNS,sp600,2013,249,1.732,0.4119,0.2248,0.0792,2.5452,2643464.0
CNS,sp600,2014,249,1.3314,0.3629,0.1989,0.0684,2.4041,2886280.0
CNS,sp600,2015,249,1.0177,0.3833,0.1988,0.0082,2.4359,2706276.0
CNS,sp600,2016,249,1.219,0.3443,0.2188,0.0236,2.4594,2897675.0
CNS,sp600,2017,248,0.9949,0.139,0.1666,0.2016,2.0283,3114768.0
CNS,sp600,2018,248,0.6948,0.2722,0.1948,0.0974,2.2214,4692447.0
CNS,sp600,2019,249,0.9059,0.2524,0.1859,0.0378,2.0189,6617330.0
CNS,sp600,2020,250,1.5846,0.6426,0.3997,0.0126,3.9123,8038134.0
CNS,sp600,2021,249,1.2678,0.4145,0.1953,0.0108,2.2088,6780437.0
CNS,sp600,2022,248,1.0309,0.6035,0.2033,0.0123,2.6605,6893178.0
CNS,sp600,2023,247,1.362,0.3286,0.2542,0.0633,2.4082,8695990.0
CNS,sp600,2024,249,1.0861,0.2016,0.2724,0.0325,2.5192,16523441.0
CNXC,sp600,2021,249,1.0329,0.1621,0.3045,0.0104,3.4653,28467623.0
CNXC,sp600,2022,248,1.0629,0.4591,0.2806,0.0051,3.3399,33554889.0
CNXC,sp600,2023,247,1.1692,0.2088,0.2972,0.0649,3.037,32833286.0
CNXC,sp600,2024,249,0.9549,0.0593,0.4791,0.0623,3.6265,32161596.0
CNXN,sp600,2012,246,0.9265,0.069,0.4332,0.1206,3.5796,359951.0
CNXN,sp600,2013,249,1.3383,0.1543,0.3403,0.0073,3.3575,793761.0
CNXN,sp600,2014,249,1.0357,0.1424,0.2866,0.1839,2.9763,985195.0
CNXN,sp600,2015,249,0.6774,0.1203,0.2822,0.0528,3.041,970849.0
CNXN,sp600,2016,249,0.8975,0.1989,0.2343,0.0424,2.6844,928395.0
CNXN,sp600,2017,248,1.0779,0.1138,0.2024,0.0017,2.569,1155853.0
CNXN,sp600,2018,248,0.9895,0.1327,0.4338,0.2638,3.3534,1872501.0
CNXN,sp600,2019,249,1.0725,0.1112,0.3615,0.0537,2.8337,2581309.0
CNXN,sp600,2020,250,0.7724,0.21,0.5067,0.0318,3.955,4821599.0
CNXN,sp600,2021,249,1.2177,0.2444,0.2776,0.0005,3.0652,2433620.0
CNXN,sp600,2022,248,0.6852,0.2781,0.2685,0.0063,2.7617,2133034.0
CNXN,sp600,2023,247,0.652,0.0857,0.2781,0.1559,2.5116,3019385.0
CNXN,sp600,2024,249,1.2436,0.2813,0.2505,0.0109,2.3238,5327318.0
COCO,sp600,2022,248,1.5278,0.2805,0.5952,0.0152,6.2987,3504996.0
COCO,sp600,2023,247,0.7214,0.036,0.4872,0.2524,4.4367,14300946.0
COCO,sp600,2024,249,0.6227,0.04,0.3846,0.2305,3.5051,16035124.0
COHU,sp600,2012,246,1.8014,0.2812,0.3667,0.0528,4.0336,503239.0
COHU,sp600,2013,249,1.4675,0.2124,0.3069,0.0393,3.329,494376.0
COHU,sp600,2014,249,1.0867,0.1532,0.288,0.1556,3.0199,838262.0
COHU,sp600,2015,249,0.7567,0.0932,0.3637,0.0184,3.3677,1451565.0
COHU,sp600,2016,249,1.3071,0.266,0.2824,0.0058,3.2975,887006.0
COHU,sp600,2017,248,2.0284,0.11,0.3881,0.0567,3.2741,4752986.0
COHU,sp600,2018,248,1.3339,0.2418,0.4051,0.0092,3.6491,6853061.0
COHU,sp600,2019,249,1.3137,0.1173,0.4296,0.0593,3.4989,5132784.0
COHU,sp600,2020,250,1.5689,0.4398,0.5989,0.0312,5.6501,6763456.0
COHU,sp600,2021,249,2.3581,0.3062,0.4602,0.0297,4.5122,21895194.0
COHU,sp600,2022,248,1.5931,0.5286,0.366,0.0092,4.2667,9750393.0
COHU,sp600,2023,247,1.3415,0.3245,0.2527,0.0025,2.7629,9020049.0
COHU,sp600,2024,249,1.9456,0.3606,0.3266,0.0114,3.2279,9048485.0
COLL,sp600,2015,162,1.303,0.0684,0.8082,0.2789,8.1517,2822615.0
COLL,sp600,2016,249,2.1331,0.1477,0.6665,0.1215,6.6538,3856036.0
COLL,sp600,2017,248,1.5845,0.0266,0.6454,0.3384,6.5833,6641481.0
COLL,sp600,2018,248,1.1304,0.0996,0.5829,0.0377,6.1683,10796816.0
COLL,sp600,2019,249,1.0806,0.04,0.6314,0.3122,5.2093,5537332.0
COLL,sp600,2020,250,1.1828,0.3383,0.5595,0.0001,5.6554,9034508.0
COLL,sp600,2021,249,0.4623,0.0181,0.4414,0.235,3.9821,8074547.0
COLL,sp600,2022,248,0.6059,0.1118,0.4153,0.0159,4.1816,5554394.0
COLL,sp600,2023,247,0.8232,0.1091,0.3072,0.0983,3.3238,9069836.0
COLL,sp600,2024,249,0.7298,0.0515,0.3949,0.0224,3.3734,15051273.0
CORT,sp600,2012,246,1.3296,0.0581,0.6816,0.0774,5.4524,1424979.0
CORT,sp600,2013,249,1.182,0.0572,0.5211,0.1063,4.9493,459988.0
CORT,sp600,2014,249,2.0116,0.0477,1.0133,0.0181,6.9886,1194864.0
CORT,sp600,2015,249,1.5883,0.1766,0.5284,0.0284,5.9142,1653266.0
CORT,sp600,2016,249,1.5838,0.164,0.4652,0.074,4.9686,2637584.0
CORT,sp600,2017,248,2.2369,0.0765,0.523,0.0354,4.7768,17639022.0
CORT,sp600,2018,248,1.7271,0.1969,0.5982,0.1063,5.2862,24042849.0
CORT,sp600,2019,249,0.6092,0.0218,0.4869,0.3849,4.0225,12060740.0
CORT,sp600,2020,250,0.73,0.1231,0.6591,0.0618,4.9354,25503471.0
CORT,sp600,2021,249,0.6614,0.0408,0.4159,0.6515,3.4534,17742992.0
CORT,sp600,2022,248,0.7943,0.186,0.4041,0.0062,3.8039,17975965.0
CORT,sp600,2023,247,0.4651,0.0195,0.4301,0.6042,3.0551,18459201.0
CORT,sp600,2024,249,1.3023,0.1181,0.4486,0.0149,4.4179,37208972.0
COTY,sp600,2014,249,0.6482,0.1014,0.2175,0.0669,2.3857,12950559.0
COTY,sp600,2015,249,0.8736,0.1299,0.3482,0.1281,2.8339,32836100.0
COTY,sp600,2016,249,0.8581,0.1022,0.3308,0.1254,2.9686,100023297.0
COTY,sp600,2017,248,0.8778,0.0315,0.3274,0.4299,2.3263,88734470.0
COTY,sp600,2018,248,0.5626,0.0433,0.4534,0.2015,3.416,84685668.0
COTY,sp600,2019,249,1.0064,0.0565,0.4902,0.2514,3.0874,95804258.0
COTY,sp600,2020,250,1.5175,0.2272,0.9467,0.032,7.2395,66176571.0
COTY,sp600,2021,249,1.771,0.1695,0.5083,0.032,4.3814,76588590.0
COTY,sp600,2022,248,1.4933,0.484,0.3751,0.0007,4.3445,62359908.0
COTY,sp600,2023,247,1.1939,0.2329,0.2829,0.0091,2.8107,57791446.0
COTY,sp600,2024,249,0.8791,0.1223,0.2968,0.0513,2.7975,41812262.0
CPB,sp600,2012,246,0.4209,0.196,0.1085,0.0322,1.2372,42866783.0
CPB,sp600,2013,249,0.917,0.2493,0.1729,0.0383,1.5211,51437381.0
CPB,sp600,2014,249,0.6913,0.2718,0.1276,0.0464,1.3243,37502960.0
CPB,sp600,2015,249,0.7081,0.401,0.1333,0.0087,1.5102,53047454.0
CPB,sp600,2016,249,0.4874,0.0952,0.1954,0.1768,1.6568,84272935.0
CPB,sp600,2017,248,0.294,0.0071,0.2347,0.6416,1.6245,77812349.0
CPB,sp600,2018,248,0.2804,0.0236,0.3095,0.1026,2.417,112528602.0
CPB,sp600,2019,249,0.3936,0.0385,0.2346,0.1852,1.8766,72290661.0
CPB,sp600,2020,250,0.3913,0.1676,0.295,0.0499,2.6336,92814319.0
CPB,sp600,2021,249,0.0791,0.0022,0.2205,0.8333,1.9556,93158811.0
CPB,sp600,2022,248,0.2389,0.0581,0.234,0.118,2.1669,102841003.0
CPB,sp600,2023,247,0.1161,0.0048,0.2176,0.8252,1.6889,107310193.0
CPB,sp600,2024,249,-0.1497,0.008,0.2099,0.2756,1.8879,104503019.0
CPF,sp600,2012,246,0.8665,0.2034,0.2183,0.0324,2.3488,651620.0
CPF,sp600,2013,249,0.8037,0.2154,0.1666,0.0852,1.7922,1079023.0
CPF,sp600,2014,249,0.7937,0.1565,0.2077,0.0623,1.997,1854506.0
CPF,sp600,2015,249,0.9144,0.2525,0.2423,0.1145,2.329,4052773.0
CPF,sp600,2016,249,1.2803,0.4261,0.1932,0.019,2.1449,2390123.0
CPF,sp600,2017,248,1.8994,0.2373,0.2291,0.11,2.1644,2836702.0
CPF,sp600,2018,248,0.6911,0.259,0.2005,0.0863,2.0492,2916848.0
CPF,sp600,2019,249,0.8582,0.2631,0.1712,0.0077,1.6957,2854331.0
CPF,sp600,2020,250,1.3671,0.4558,0.5053,0.0309,4.3571,2606731.0
CPF,sp600,2021,249,1.0054,0.1804,0.2778,0.1307,2.6429,3117178.0
CPF,sp600,2022,248,0.7268,0.3376,0.2476,0.0193,2.624,3240674.0
CPF,sp600,2023,247,1.262,0.201,0.3285,0.0213,3.1906,3017894.0
CPF,sp600,2024,249,0.8466,0.1135,0.2982,0.0593,2.5846,4534211.0
CPK,sp600,2012,246,0.6096,0.1511,0.1839,0.1819,1.9652,1047097.0
CPK,sp600,2013,249,1.0421,0.3155,0.1667,0.0349,1.971,1211744.0
CPK,sp600,2014,249,0.8437,0.2275,0.1752,0.1322,2.0966,1364218.0
CPK,sp600,2015,249,0.8487,0.2052,0.2572,0.1045,2.5627,2290788.0
CPK,sp600,2016,249,0.1616,0.0062,0.2667,0.8137,2.5096,3969568.0
CPK,sp600,2017,248,0.6513,0.0609,0.172,0.1336,1.822,3006502.0
CPK,sp600,2018,248,0.396,0.0729,0.2421,0.1221,2.261,3989983.0
CPK,sp600,2019,249,0.4552,0.0931,0.1693,0.1055,1.9391,4779845.0
CPK,sp600,2020,250,1.0586,0.4924,0.3636,0.0243,3.4498,7825523.0
CPK,sp600,2021,249,0.4216,0.0671,0.2039,0.1451,2.1443,5747779.0
CPK,sp600,2022,248,0.4225,0.1357,0.2594,0.0976,2.4247,7864070.0
CPK,sp600,2023,247,0.6319,0.1232,0.2201,0.0572,2.4861,11560647.0
CPK,sp600,2024,249,0.6042,0.1266,0.2,0.0023,1.9716,11790851.0
CRC,sp600,2021,249,0.8827,0.0647,0.4352,0.1949,4.3415,21842709.0
CRC,sp600,2022,248,0.8821,0.215,0.41,0.0496,4.3313,30320580.0
CRC,sp600,2023,247,0.7175,0.0947,0.2896,0.1154,2.7038,32209456.0
CRC,sp600,2024,249,1.1262,0.1356,0.3584,0.0318,2.9342,39341995.0
CRGY,sp600,2022,248,0.9806,0.1676,0.5316,0.0724,5.4021,4450965.0
CRGY,sp600,2023,247,0.9685,0.0832,0.4198,0.151,4.0562,6621857.0
CRGY,sp600,2024,249,0.8591,0.0735,0.3843,0.1166,3.2011,28743182.0
CRI,sp600,2012,246,0.9007,0.2332,0.2079,0.0128,2.1473,26201012.0
CRI,sp600,2013,249,0.6443,0.1179,0.1914,0.0189,1.6698,33267097.0
CRI,sp600,2014,249,0.8003,0.1744,0.1963,0.0138,1.8335,37382851.0
CRI,sp600,2015,249,0.619,0.1785,0.2046,0.0656,2.0475,47218289.0
CRI,sp600,2016,249,0.8871,0.1753,0.2503,0.0272,2.1535,50803639.0
CRI,sp600,2017,248,0.775,0.0637,0.1999,0.2073,2.0153,48985731.0
CRI,sp600,2018,248,0.7783,0.2333,0.242,0.0887,2.5885,70845493.0
CRI,sp600,2019,249,1.2623,0.2513,0.2597,0.0031,2.5524,51852217.0
CRI,sp600,2020,250,1.0422,0.4277,0.4079,0.0245,3.9481,41400372.0
CRI,sp600,2021,249,0.9656,0.1425,0.307,0.1469,2.9896,49016729.0
CRI,sp600,2022,248,1.0856,0.4661,0.2826,0.0024,3.3117,43276761.0
CRI,sp600,2023,247,0.9231,0.1788,0.2583,0.085,2.6151,45136335.0
CRI,sp600,2024,249,0.4352,0.0307,0.3081,0.0458,2.6522,60607737.0
CRK,sp600,2012,246,2.3337,0.2979,0.4561,0.0073,5.2386,24402144.0
CRK,sp600,2013,249,1.3483,0.1197,0.3971,0.0556,3.7099,16930760.0
CRK,sp600,2014,249,2.0219,0.1056,0.6635,0.0749,5.2539,26588127.0
CRK,sp600,2015,249,2.1325,0.0532,1.3851,0.3033,11.2999,7234562.0
CRK,sp600,2016,249,2.8828,0.0584,1.505,0.3432,11.0169,3255855.0
CRK,sp600,2017,248,0.7989,0.0071,0.636,0.5597,5.6557,2547436.0
CRK,sp600,2018,248,1.652,0.1242,0.7524,0.0501,6.9908,4710099.0
CRK,sp600,2019,249,1.724,0.1117,0.5796,0.2431,5.9418,2989229.0
CRK,sp600,2020,250,0.6231,0.0646,0.802,0.2364,6.8134,8831256.0
CRK,sp600,2021,249,1.0669,0.063,0.5336,0.0377,4.8446,19675770.0
CRK,sp600,2022,248,1.1298,0.1412,0.6779,0.1145,6.3375,52777787.0
CRK,sp600,2023,247,1.4043,0.1437,0.4475,0.1195,4.2187,43454883.0
CRK,sp600,2024,249,1.0667,0.0769,0.4658,0.189,3.991,33775354.0
CRSR,sp600,2021,249,1.0507,0.0906,0.4317,0.1817,4.8913,73262251.0
CRSR,sp600,2022,248,1.6813,0.4538,0.4487,0.0377,5.1768,14701487.0
CRSR,sp600,2023,247,1.4113,0.2799,0.2955,0.018,3.0231,6881910.0
CRSR,sp600,2024,249,1.9209,0.2256,0.4486,0.0379,3.8243,4190768.0
CRVL,sp600,2012,246,1.1584,0.2298,0.27,0.1965,2.6821,979190.0
CRVL,sp600,2013,249,1.0751,0.2226,0.2182,0.0564,2.5734,1441859.0
CRVL,sp600,2014,249,1.1892,0.2642,0.2237,0.0678,3.0902,2197838.0
CRVL,sp600,2015,249,0.7762,0.1832,0.2525,0.0918,3.1085,1751962.0
CRVL,sp600,2016,249,0.9008,0.1446,0.285,0.042,3.0993,2411284.0
CRVL,sp600,2017,248,1.1626,0.0938,0.2431,0.0927,2.5649,1574706.0
CRVL,sp600,2018,248,0.9046,0.2364,0.2788,0.0806,3.2101,1902360.0
CRVL,sp600,2019,249,0.9948,0.2549,0.2028,0.0586,2.5099,5589479.0
CRVL,sp600,2020,250,1.1877,0.4847,0.4142,0.0512,3.8725,4287558.0
CRVL,sp600,2021,249,0.7828,0.1327,0.2594,0.2054,2.6723,5963108.0
CRVL,sp600,2022,248,0.7475,0.2899,0.2846,0.01,3.2082,7301261.0
CRVL,sp600,2023,247,0.6481,0.1022,0.2508,0.065,2.6745,8983010.0
CRVL,sp600,2024,249,1.0795,0.1867,0.284,0.0261,2.6199,10716959.0
CSR,sp600,2012,246,0.5692,0.1768,0.1564,0.0038,1.806,1165950.0
CSR,sp600,2013,249,0.9578,0.286,0.1643,0.0085,1.7602,1805224.0
CSR,sp600,2014,249,0.6173,0.17,0.1537,0.0518,1.5204,2042574.0
CSR,sp600,2015,249,0.6314,0.1838,0.205,0.0664,2.0766,2315118.0
CSR,sp600,2016,249,1.0488,0.1512,0.3233,0.006,2.7588,2378032.0
CSR,sp600,2017,248,0.8414,0.0507,0.2449,0.4118,2.1393,1872998.0
CSR,sp600,2018,248,0.4199,0.0991,0.2171,0.0807,2.1724,1743729.0
CSR,sp600,2019,249,0.5318,0.1163,0.1747,0.185,2.0013,2842206.0
CSR,sp600,2020,250,0.9323,0.3678,0.4135,0.0517,3.8079,5299995.0
CSR,sp600,2021,249,0.5391,0.0912,0.2206,0.1865,2.4553,4764266.0
CSR,sp600,2022,248,0.6485,0.2722,0.2579,0.0223,2.8424,5484082.0
CSR,sp600,2023,247,1.101,0.2776,0.2319,0.0692,2.5791,3954451.0
CSR,sp600,2024,249,0.5221,0.0766,0.2284,0.1409,2.2495,6548998.0
CSW,sp600,2016,249,0.4851,0.0691,0.2316,0.2165,2.9649,2489516.0
CSW,sp600,2017,248,1.292,0.1687,0.193,0.0255,2.2311,1802639.0
CSW,sp600,2018,248,0.9921,0.3828,0.216,0.0143,2.6713,2446808.0
CSW,sp600,2019,249,0.7171,0.1735,0.1865,0.0078,2.2071,3944622.0
CSW,sp600,2020,250,1.0036,0.4676,0.3622,0.0436,3.5421,4710474.0
CSW,sp600,2021,249,1.2308,0.309,0.2386,0.0322,2.7721,5876321.0
CSW,sp600,2022,248,0.6879,0.3391,0.2336,0.0326,2.8492,5866205.0
CSW,sp600,2023,247,1.0476,0.2374,0.2451,0.1283,2.612,9880963.0
CSW,sp600,2024,249,1.5117,0.3678,0.2498,0.0131,2.4763,37873506.0
CTS,sp600,2012,246,1.7573,0.3691,0.2925,0.0567,3.1793,703020.0
CTS,sp600,2013,249,1.4688,0.2901,0.2496,0.0995,2.8357,1229909.0
CTS,sp600,2014,249,1.3577,0.2981,0.2349,0.0283,2.566,1438266.0
CTS,sp600,2015,249,0.8272,0.2406,0.2263,0.0043,2.2465,1575814.0
CTS,sp600,2016,249,1.2939,0.2797,0.2701,0.091,2.6171,1445155.0
CTS,sp600,2017,248,2.0397,0.2603,0.2313,0.0303,2.5193,1649922.0
CTS,sp600,2018,248,0.8321,0.2826,0.2274,0.0105,2.5081,4123503.0
CTS,sp600,2019,249,1.3736,0.232,0.2979,0.0182,2.3325,3929772.0
CTS,sp600,2020,250,1.0475,0.4306,0.4075,0.0317,3.7408,3691146.0
CTS,sp600,2021,249,1.1425,0.2002,0.2961,0.0795,2.7168,4993962.0
CTS,sp600,2022,248,0.8809,0.3124,0.3179,0.0015,2.8705,5510873.0
CTS,sp600,2023,247,0.7592,0.1109,0.2806,0.1559,2.4995,7820475.0
CTS,sp600,2024,249,1.5009,0.3182,0.2769,0.0105,2.4128,7212464.0
CUBI,sp600,2012,197,0.5138,0.0133,0.5945,0.6914,0.6786,29694.0
CUBI,sp600,2013,249,0.5299,0.052,0.2458,0.0392,1.9535,1550861.0
CUBI,sp600,2014,249,0.769,0.1507,0.2057,0.0042,2.4174,2336834.0
CUBI,sp600,2015,249,0.8022,0.146,0.2988,0.0201,2.6094,4339327.0
CUBI,sp600,2016,249,1.4172,0.3098,0.2751,0.0003,2.5954,5595044.0
CUBI,sp600,2017,248,1.304,0.1194,0.2382,0.0764,2.4464,6378987.0
CUBI,sp600,2018,248,0.7161,0.1622,0.2792,0.0895,2.7527,5645336.0
CUBI,sp600,2019,249,1.1756,0.2198,0.264,0.0308,2.5142,3328666.0
CUBI,sp600,2020,250,1.4885,0.3681,0.6598,0.0306,5.3995,2901688.0
CUBI,sp600,2021,249,1.573,0.2036,0.4033,0.0234,3.6019,12136326.0
CUBI,sp600,2022,248,1.4926,0.4842,0.3747,0.0125,4.1676,16577297.0
CUBI,sp600,2023,247,2.3278,0.1696,0.6725,0.0384,5.2896,14981449.0
CUBI,sp600,2024,249,1.3022,0.1344,0.4165,0.2174,3.7069,18544059.0
CVBF,sp600,2012,246,1.3028,0.4805,0.1724,0.0336,2.1993,4159796.0
CVBF,sp600,2013,249,1.0973,0.3603,0.1588,0.0383,1.9188,4033882.0
CVBF,sp600,2014,249,1.3259,0.413,0.1782,0.0107,2.34,4502018.0
CVBF,sp600,2015,249,1.0752,0.4841,0.171,0.0409,2.1893,5694772.0
CVBF,sp600,2016,249,1.4,0.4445,0.2036,0.0232,2.3006,6760133.0
CVBF,sp600,2017,248,1.9395,0.288,0.2052,0.0301,2.2321,6054802.0
CVBF,sp600,2018,248,0.7626,0.3488,0.1787,0.0446,2.2133,8527242.0
CVBF,sp600,2019,249,1.0289,0.3437,0.1695,0.0586,1.7931,9151512.0
CVBF,sp600,2020,250,0.9807,0.4023,0.4044,0.0041,3.7105,9322478.0
CVBF,sp600,2021,249,0.8269,0.1672,0.2393,0.0474,2.6737,8732017.0
CVBF,sp600,2022,248,0.409,0.2056,0.1956,0.0099,2.2058,17010095.0
CVBF,sp600,2023,247,1.5304,0.1793,0.4275,0.0514,3.6043,17698148.0
CVBF,sp600,2024,249,1.2798,0.206,0.3166,0.0567,2.821,14122247.0
CVCO,sp600,2012,246,1.7638,0.2665,0.3726,0.0957,3.9739,1195204.0
CVCO,sp600,2013,249,1.6841,0.2597,0.3088,0.0247,3.2373,1185777.0
CVCO,sp600,2014,249,1.4824,0.2978,0.2566,0.0886,3.1552,2586973.0
CVCO,sp600,2015,249,0.9885,0.1806,0.3243,0.1037,3.1296,3548403.0
CVCO,sp600,2016,249,1.2527,0.327,0.2337,0.0103,2.9631,7547490.0
CVCO,sp600,2017,248,1.7229,0.1766,0.2503,0.0232,2.4579,5066745.0
CVCO,sp600,2018,248,1.3708,0.2397,0.4187,0.1559,3.8193,10948235.0
CVCO,sp600,2019,249,1.2108,0.1242,0.3832,0.2184,3.4154,13594293.0
CVCO,sp600,2020,250,1.4617,0.4617,0.5339,0.0428,4.8598,9885054.0
CVCO,sp600,2021,249,1.3175,0.2227,0.3191,0.0769,3.0874,9627032.0
CVCO,sp600,2022,248,1.3476,0.4464,0.3651,0.0182,3.9613,15407869.0
CVCO,sp600,2023,247,1.5913,0.3046,0.3139,0.023,3.1672,18150852.0
CVCO,sp600,2024,249,1.3634,0.2435,0.3029,0.0158,2.7359,25014418.0
CVI,sp600,2012,246,1.0155,0.1585,0.2979,0.0722,2.7798,9281978.0
CVI,sp600,2013,249,1.632,0.1874,0.369,0.0126,3.4855,9112906.0
CVI,sp600,2014,249,1.2291,0.2198,0.261,0.0441,2.8978,7217284.0
CVI,sp600,2015,249,1.2052,0.2978,0.2851,0.0584,2.9901,5438846.0
CVI,sp600,2016,249,1.6701,0.1365,0.5464,0.0146,4.6831,6860395.0
CVI,sp600,2017,248,1.8602,0.0998,0.3759,0.226,3.6841,7235495.0
CVI,sp600,2018,248,1.1489,0.2108,0.3813,0.0176,3.7507,12816674.0
CVI,sp600,2019,249,1.1176,0.1938,0.2717,0.0239,2.7215,13544532.0
CVI,sp600,2020,250,1.5946,0.3436,0.7456,0.0186,6.6822,9787436.0
CVI,sp600,2021,249,1.2769,0.0613,0.6481,0.0213,5.3604,9054500.0
CVI,sp600,2022,248,0.8155,0.0914,0.6253,0.1039,5.5843,18591414.0
CVI,sp600,2023,247,0.8725,0.0816,0.3821,0.0405,3.702,26849512.0
CVI,sp600,2024,249,0.7273,0.0369,0.4683,0.0715,3.3942,29648088.0
CVSA,sp600,2012,246,1.012,0.0738,0.4563,0.0708,2.9952,31005651.0
CVSA,sp600,2013,249,0.966,0.0749,0.3688,0.2171,2.4584,19159111.0
CVSA,sp600,2014,249,1.0106,0.1523,0.2687,0.0094,2.3459,21154473.0
CVSA,sp600,2015,249,0.9398,0.1193,0.3932,0.0775,2.8352,21154277.0
CVSA,sp600,2016,249,1.326,0.1045,0.5049,0.0397,3.5433,19469631.0
CVSA,sp600,2017,248,1.6715,0.1416,0.2769,0.0434,2.6026,22424546.0
CVSA,sp600,2018,248,0.7719,0.1874,0.2757,0.0387,2.2781,22967765.0
CVSA,sp600,2019,249,1.0364,0.1293,0.3206,0.0044,2.3343,18025567.0
CVSA,sp600,2020,250,0.8164,0.3172,0.4052,0.1427,3.9677,14014119.0
CVSA,sp600,2021,249,0.8712,0.0755,0.3951,0.0089,3.3538,16253694.0
CVSA,sp600,2022,248,0.6222,0.1292,0.393,0.1765,3.4972,14278492.0
CVSA,sp600,2023,247,0.5422,0.0409,0.3428,0.1431,2.6453,16097438.0
CVSA,sp600,2024,249,1.039,0.1027,0.3871,0.0878,2.8395,29748847.0
CWEN,sp600,2015,156,1.0344,0.0945,0.5468,0.1719,4.9509,11991532.0
CWEN,sp600,2016,249,1.419,0.2375,0.3307,0.032,3.655,5532174.0
CWEN,sp600,2017,248,0.679,0.0493,0.2006,0.3169,2.3629,6000669.0
CWEN,sp600,2018,248,0.3703,0.0578,0.2563,0.3144,2.2851,7190693.0
CWEN,sp600,2019,249,0.466,0.0292,0.3202,0.324,2.3929,8595895.0
CWEN,sp600,2020,250,0.8869,0.4371,0.3404,0.0573,3.4265,12544912.0
CWEN,sp600,2021,249,1.0121,0.217,0.2493,0.0492,2.5481,17801897.0
CWEN,sp600,2022,248,0.7751,0.3534,0.255,0.0114,2.8297,17646452.0
CWEN,sp600,2023,247,1.0877,0.2002,0.2838,0.076,2.4681,23801162.0
CWEN,sp600,2024,249,0.3977,0.0265,0.3036,0.2097,2.4235,19556316.0
CWK,sp600,2019,249,1.5881,0.3667,0.2488,0.0728,2.8071,14882975.0
CWK,sp600,2020,250,1.4662,0.3722,0.6442,0.1207,5.2916,10180758.0
CWK,sp600,2021,249,1.3095,0.2488,0.295,0.0554,3.0166,18966448.0
CWK,sp600,2022,248,1.2289,0.503,0.2972,0.0065,3.5157,20206523.0
CWK,sp600,2023,247,1.8688,0.2565,0.4154,0.099,4.1247,23572626.0
CWK,sp600,2024,249,1.382,0.1892,0.3606,0.007,3.268,24695344.0
CWST,sp600,2012,246,1.2495,0.1625,0.3612,0.0818,3.9696,885215.0
CWST,sp600,2013,249,0.9462,0.12,0.2783,0.0808,3.1716,775497.0
CWST,sp600,2014,249,1.2266,0.1937,0.2821,0.0861,3.4062,658262.0
CWST,sp600,2015,249,0.8282,0.1458,0.3088,0.0381,3.5944,1098555.0
CWST,sp600,2016,249,0.9601,0.1353,0.3157,0.1963,3.4355,1730288.0
CWST,sp600,2017,248,1.0089,0.049,0.299,0.1929,2.6615,4181192.0
CWST,sp600,2018,248,0.7014,0.1427,0.2949,0.1264,3.0109,5721684.0
CWST,sp600,2019,249,0.5328,0.0485,0.2813,0.1768,2.7828,11013818.0
CWST,sp600,2020,250,0.9836,0.4803,0.3461,0.051,3.5045,15657901.0
CWST,sp600,2021,249,0.8854,0.2317,0.209,0.1057,2.2675,14799063.0
CWST,sp600,2022,248,0.687,0.325,0.2408,0.0119,2.7198,19482811.0
CWST,sp600,2023,247,0.6358,0.1182,0.2267,0.0885,2.249,24177061.0
CWST,sp600,2024,249,0.775,0.2004,0.1951,0.0183,2.076,31083132.0
CWT,sp600,2012,246,0.6293,0.2343,0.1449,0.0683,1.483,2952804.0
CWT,sp600,2013,249,0.8921,0.2741,0.1577,0.0006,1.7327,3672152.0
CWT,sp600,2014,249,0.8172,0.1715,0.2025,0.2297,2.0148,3250501.0
CWT,sp600,2015,249,0.6927,0.1711,0.2349,0.0986,2.1169,3987467.0
CWT,sp600,2016,249,0.4356,0.0461,0.2576,0.1506,2.2377,7126158.0
CWT,sp600,2017,248,0.9979,0.0988,0.2028,0.0506,2.0224,5084851.0
CWT,sp600,2018,248,0.6532,0.1919,0.2299,0.0032,2.2849,9810182.0
CWT,sp600,2019,249,0.4475,0.0762,0.1857,0.1234,1.8564,10480352.0
CWT,sp600,2020,250,0.8832,0.3596,0.3987,0.1018,3.3121,11724143.0
CWT,sp600,2021,249,0.5516,0.1276,0.187,0.2149,2.0763,11406691.0
CWT,sp600,2022,248,0.5274,0.2148,0.2453,0.075,2.5866,13239277.0
CWT,sp600,2023,247,0.6734,0.1323,0.2252,0.0674,2.1412,13985987.0
CWT,sp600,2024,249,0.3334,0.0362,0.2168,0.18,2.0238,15212623.0
CXM,sp600,2022,248,1.6077,0.3908,0.4882,0.0139,5.8125,7211611.0
CXM,sp600,2023,247,0.9871,0.0535,0.5423,0.2487,3.2087,20654224.0
CXM,sp600,2024,249,1.3055,0.1778,0.3538,0.0409,3.0596,23699430.0
CXW,sp600,2012,246,0.8379,0.1904,0.2199,0.0263,2.1564,14907596.0
CXW,sp600,2013,249,0.8905,0.1878,0.2011,0.0827,1.951,26506785.0
CXW,sp600,2014,249,0.7021,0.2398,0.1409,0.0445,1.5955,13110314.0
CXW,sp600,2015,249,0.8138,0.3139,0.1853,0.0332,1.9579,15685186.0
CXW,sp600,2016,249,1.0025,0.0381,0.6553,0.2952,3.3281,28076733.0
CXW,sp600,2017,248,1.8618,0.1641,0.2827,0.0128,2.8389,22566171.0
CXW,sp600,2018,248,0.5866,0.104,0.2954,0.2636,2.7906,16029723.0
CXW,sp600,2019,249,0.8996,0.1364,0.2698,0.0118,2.6034,12941403.0
CXW,sp600,2020,250,1.4703,0.4016,0.6071,0.0258,5.3294,16790670.0
CXW,sp600,2021,249,0.1789,0.0018,0.5495,0.5665,4.517,13841979.0
CXW,sp600,2022,248,0.837,0.1806,0.4337,0.0478,3.9637,10940060.0
CXW,sp600,2023,247,0.6807,0.0617,0.3465,0.0421,3.095,9787964.0
CXW,sp600,2024,249,1.368,0.1031,0.5085,0.1549,3.4607,16016775.0
